Date,close,high,low,open,volume,symbol,rsi,macd,macd_signal,macd_hist,ema_20,ema_50,target_date,future_return,signal,predicted_signal,confidence,fold
2021-01-04,126.09659576416016,130.18905617994074,123.51444475784658,130.10136410422703,143301900,AAPL,54.9576508044472,3.3737520887431174,3.3340862972839416,0.0396657914591758,125.25613649301864,120.13193552621256,2021-01-11,-0.0033228392544821,0,1,0.635,2021
2021-01-05,127.6556396484375,128.36695957300432,125.1416956911294,125.58992448101938,97664900,AAPL,57.72295967991913,3.1516391356665707,3.2975968649604677,-0.1459577292938969,125.48466060305851,120.42698274669198,2021-01-12,-0.0168692714832824,0,1,0.65,2021
2021-01-06,123.35852813720705,127.69459465788168,123.14415983466812,124.44985429829092,155088000,AAPL,48.82539164920689,2.598913377965232,3.1578601675614206,-0.5589467895961886,125.28217179678695,120.5419453110259,2021-01-13,0.0338863329108956,1,1,0.575,2021
2021-01-07,127.5679168701172,128.25974454135618,124.58626762143852,125.07346559980046,109578200,AAPL,55.98303301197348,2.472040579223787,3.020696249893894,-0.5486556706701071,125.49986180377078,120.81747360746084,2021-01-14,-0.0153528148721139,0,1,0.765,2021
2021-01-08,128.66897583007812,129.23412721104498,126.8955682344821,129.0392361452558,105158200,AAPL,57.65154452005887,2.432301174403605,2.9030172347958363,-0.4707160603922311,125.80168218722862,121.12537565540664,2021-01-15,-0.0371828472152221,-1,1,0.68,2021
2021-01-11,125.67759704589844,126.83713071211608,125.20989110987996,125.88222675621482,100384500,AAPL,51.89597522280377,2.134819274175129,2.749377642671695,-0.6145583684965659,125.78986455472098,121.30389414130828,2021-01-19,-0.0089161451103618,0,1,0.545,2021
2021-01-12,125.50218200683594,126.36939367406504,123.61185177604212,125.20986029323174,91951100,AAPL,51.57084176757079,1.863427762057512,2.5721876665488583,-0.7087599044913464,125.76246621682716,121.46853288113287,2021-01-20,0.0250777181661905,1,1,0.68,2021
2021-01-13,127.5386962890625,128.08435568917824,125.2001517548226,125.4632279789547,88636800,AAPL,55.08877957663482,1.7920204202391972,2.4161542172869264,-0.6241337970477292,125.93163098561148,121.70657850497328,2021-01-21,0.0456868654867883,1,1,0.755,2021
2021-01-14,125.60939025878906,127.6458743033761,125.46322193987008,127.45099807958694,90221800,AAPL,51.28781534818625,1.5617478574795172,2.2452729453254445,-0.6835250878459274,125.90094139258078,121.85962994629938,2021-01-22,0.0788147431157453,1,1,0.695,2021
2021-01-15,123.88469696044922,126.8858381851589,123.74828212605794,125.48270567821912,111598500,AAPL,48.09326090834781,1.2259548131993228,2.0414093189002203,-0.8154545057008975,125.70891811333016,121.93904433901116,2021-01-25,0.1241151595827394,1,0,0.5,2021
2021-01-19,124.55703735351562,125.4145105561259,123.68982554382202,124.50831458189415,90757300,AAPL,49.41599134690498,1.0025320911936433,1.833633873358905,-0.8311017821652618,125.599215183824,122.0417107317368,2021-01-26,0.1199253457993843,1,0,0.605,2021
2021-01-20,128.6494903564453,129.0977190154373,125.25859676461178,125.36578090905977,104319500,AAPL,56.656238331024646,1.14252441930104,1.6954119825473322,-0.5528875632462922,125.88971758121652,122.30083934447048,2021-01-27,0.0759676026099809,1,0,0.525,2021
2021-01-21,133.36553955078125,136.09385058361056,130.16952272801234,130.3741523744166,120150900,AAPL,63.19411485534618,1.6153938494826292,1.6794083559343915,-0.0640145064517625,126.60170062593696,122.73474915648268,2021-01-28,0.0016076210229372,0,0,0.53,2021
2021-01-22,135.50926208496094,136.26928979361904,131.56295521732648,132.79068885405798,114459400,AAPL,65.72494611780814,2.138475755063922,1.771221835760298,0.3672539193036241,127.45003981251068,123.23571044779555,2021-01-29,-0.0511252728518528,-1,0,0.745,2021
2021-01-25,139.2606658935547,141.37510329816405,133.04401504155618,139.40683420534555,157611700,AAPL,69.6569591689822,2.8231849506628635,1.981614458740811,0.8415704919220521,128.57486134403868,123.86414007311944,2021-02-01,-0.0614331512974126,-1,0,0.55,2021
2021-01-26,139.4945831298828,140.60539435899304,137.75040536105467,139.92331989692678,98390600,AAPL,69.88892083417599,3.3461250407034413,2.2545165751333376,1.0916084655701035,129.6148348474524,124.47709862436508,2021-02-02,-0.0570695402288163,-1,0,0.8,2021
2021-01-27,138.4226837158203,140.60533595593498,136.81493637532154,139.7576013848175,140843800,AAPL,67.34818504351753,3.632195812796311,2.5300524226659324,1.102143390130379,130.4536775968208,125.02398431422608,2021-02-03,-0.0571588315226228,-1,0,0.77,2021
2021-01-28,133.57994079589844,138.35448999967485,133.19992695994156,135.9477307492471,142621100,AAPL,57.22615142678382,3.4286171156924183,2.70976536127123,0.7188517544211885,130.75141694911392,125.3595120193897,2021-02-04,0.0021884115168611,0,0,0.485,2021
2021-01-29,128.58131408691406,133.2389261898638,126.8761209359315,132.35222218300785,177523800,AAPL,49.03423913977234,2.831294728177028,2.7340712346523897,0.0972234935246381,130.54474048604726,125.4858571985083,2021-02-05,0.0379231265364101,1,0,0.52,2021
2021-02-01,130.7054443359375,131.9137004094463,127.57762745979004,130.32543059099427,106239800,AAPL,52.167719402726185,2.5004879233144095,2.687354572384794,-0.1868666490703843,130.56004561460824,125.6905468901722,2021-02-08,0.0221755721982668,1,0,0.555,2021
2021-02-02,131.53369140625,132.81988610161744,131.16341625287015,132.2547347662849,83305400,AAPL,53.37154324786464,2.2788842051898257,2.6056604989458005,-0.3267762937559748,130.65277378524078,125.91968981237132,2021-02-09,0.0090619791299311,0,0,0.56,2021
2021-02-03,130.51060485839844,132.29375135316877,130.18905238870838,132.28399787741546,89880900,AAPL,51.64257548524473,1.9976791264295173,2.484064224442544,-0.4863850980130269,130.63923388744627,126.09972569652923,2021-02-10,0.012336283866644,0,1,0.585,2021
2021-02-04,133.8722686767578,133.8820072844467,131.14395684543172,132.8101805826387,84183100,AAPL,56.615771764923835,2.0227630972251234,2.3918039989990603,-0.3690409017739369,130.9471419626188,126.40453130359704,2021-02-11,-0.0149799628492909,0,1,0.705,2021
2021-02-05,133.45751953125,134.1015854508509,132.57925865202728,134.033283551068,75693800,AAPL,55.85258363240504,1.9862789476686655,2.3106989887329816,-0.3244200410643159,131.18622554058368,126.68111907723048,2021-02-12,-0.0101637589135119,0,1,0.68,2021
2021-02-08,133.60391235351562,133.65270793576502,131.6619613464302,132.74515775495385,71297200,AAPL,56.07764386977974,1.9467369023830088,2.2379065714629873,-0.2911696690799785,131.4164814275296,126.95260116649658,2021-02-16,-0.0271713843039625,-1,1,0.745,2021
2021-02-09,132.72564697265625,134.55050063798447,132.56952194364052,133.32091738610043,76774200,AAPL,54.28950985396264,1.823510575525006,2.155027372275391,-0.3315167967503849,131.5411638603988,127.17899511967931,2021-02-17,-0.0380119903778988,-1,1,0.57,2021
2021-02-10,132.12062072753906,133.68199010871433,131.15452174777565,133.1842959871747,73046600,AAPL,53.0349098774773,1.6579207833559906,2.055606054491511,-0.3976852711355203,131.59635022869787,127.37278435920322,2021-02-18,-0.0419529264180346,-1,1,0.625,2021
2021-02-11,131.8668670654297,133.09643505279266,130.53970793560018,132.61826227921486,64280000,AAPL,52.48705647896538,1.4890490496837003,1.9422946535299488,-0.4532456038462484,131.62211373695806,127.5490228967023,2021-02-19,-0.0389253007425225,-1,1,0.47,2021
2021-02-12,132.10108947753906,132.25722938185646,130.4616651531689,131.10573109073752,60145100,AAPL,52.969980158303535,1.3584573248416802,1.8255271877922952,-0.4670698629506149,131.66773047415626,127.72753531163708,2021-02-22,-0.0692176741292426,-1,0,0.595,2021
2021-02-16,129.9737091064453,132.7256035555492,129.58335943579118,132.21817131917496,80576300,AAPL,48.17998969364541,1.0709553190822874,1.6746128140502936,-0.6036574949680062,131.50639510580282,127.8156205584923,2021-02-23,-0.0550339711740738,-1,0,0.77,2021
2021-02-17,127.68048095703124,129.02716157528442,126.3435683892599,128.08058387844284,97918500,AAPL,43.60273222378615,0.6505642619775642,1.4698031036357475,-0.8192388416581835,131.14202232972934,127.81032096627814,2021-02-24,-0.0419595997355535,-1,0,0.56,2021
2021-02-18,126.57777404785156,126.86076458634167,124.33331138864452,126.08007998005397,96856700,AAPL,41.55820483118568,0.225818987878597,1.2210062804843176,-0.9951872926057206,130.70733201716956,127.76198579300652,2021-02-25,-0.0672270092789968,-1,1,0.705,2021
2021-02-19,126.7339096069336,127.55363670145084,125.6897555852295,127.09498501546292,87668800,AAPL,41.97309680534763,-0.0970768260087027,0.9573896591857136,-1.0544664851944163,130.32891083524234,127.7216690798272,2021-02-26,-0.0662971704686945,-1,1,0.71,2021
2021-02-22,122.95735931396484,126.5875301611266,122.56701700171384,124.91881659012454,103916400,AAPL,35.42265326979184,-0.6502148593935715,0.6358687554698567,-1.2860836148634285,129.6268583094064,127.53483340273456,2021-03-01,0.0142062674935827,0,1,0.83,2021
2021-02-23,122.82073974609376,123.65021250049016,115.5311237332084,120.77145192783192,158273000,AAPL,35.20858584016288,-1.0870736845891713,0.2912802674580511,-1.3783539520472223,128.97865654147185,127.34996698482708,2021-03-02,-0.0058796051274788,0,1,0.88,2021
2021-02-24,122.32305908203124,122.52798712933732,119.27840529901452,121.922963593051,111039900,AAPL,34.393197303965394,-1.456654712464342,-0.0583067285264275,-1.3983479839379145,128.34479011676322,127.1528333415802,2021-03-03,-0.0262465315564124,-1,1,0.87,2021
2021-02-25,118.06832885742188,123.40624037390658,117.62919844492517,121.66922504247012,148199500,AAPL,28.348758240723345,-2.0690211230195388,-0.4604496074250498,-1.6085715155944889,127.36607952063548,126.79657826377006,2021-03-04,-0.0071080314810837,0,1,0.815,2021
2021-02-26,118.3318099975586,121.83511493787972,118.27325381762452,119.62968743773789,164560400,AAPL,29.178816965203623,-2.5041983494775906,-0.869199355835558,-1.6349989936420326,126.50567289939006,126.46462656705587,2021-03-05,0.0013196013639469,0,1,0.78,2021
2021-03-01,124.7041244506836,124.8407431312115,119.8248645885166,120.7616815886335,116307900,AAPL,45.59453755523043,-2.308278518111635,-1.157015188290773,-1.1512633298208617,126.33409685665612,126.39558726837464,2021-03-08,-0.0894436470994973,-1,1,0.695,2021
2021-03-02,122.09860229492188,125.61166793035277,121.99125798161715,125.30915619930848,102260900,AAPL,41.371893914197486,-2.336322827693536,-1.392876716171326,-0.94344611152221,125.93071642220524,126.22707805372944,2021-03-09,-0.0322092854980857,-1,1,0.71,2021
2021-03-03,119.1125030517578,122.67436464921909,118.89781440194189,121.79609628413596,112966300,AAPL,37.12797541767707,-2.5698774505791135,-1.6282768630528837,-0.94160058752623,125.28136276787691,125.94807511247564,2021-03-10,-0.0170408435290245,0,1,0.67,2021
2021-03-04,117.22909545898438,120.61530301450836,115.75556433244158,118.80997834389994,178155000,AAPL,34.709536049198974,-2.8738188297496947,-1.877385256392246,-0.9964335733574488,124.51448016703,125.60615434175052,2021-03-11,0.0152334601025729,0,1,0.6,2021
2021-03-05,118.48796081542967,118.99540807937608,114.73093169979428,118.05859095189123,153766600,AAPL,37.63371186758459,-2.97877716015553,-2.097663637144903,-0.8811135230106277,123.94052594306808,125.32700949758107,2021-03-12,-0.0032120760925598,0,1,0.55,2021
2021-03-08,113.55013275146484,118.0780851740985,113.4037534708948,118.00977583585376,154376600,AAPL,31.646544627307435,-3.420964106058662,-2.362323730927655,-1.0586403751310072,122.9509646867249,124.86517119381182,2021-03-15,0.0655724696559747,1,1,0.64,2021
2021-03-09,118.1658935546875,119.11247101327196,115.92143883113737,116.15564118377767,129525800,AAPL,41.08240225667824,-3.3602126850013576,-2.5619015217423957,-0.7983111632589619,122.49524362653086,124.60245442365007,2021-03-16,0.0369974251432054,1,1,0.625,2021
2021-03-10,117.08272552490234,119.2198363292163,116.56551771410868,118.75143154135016,111943300,AAPL,39.69749333838581,-3.3607289622185164,-2.72166700983762,-0.6390619523808962,121.97976571209006,124.30756309428745,2021-03-17,0.0398399167693355,1,1,0.695,2021
2021-03-11,119.01490020751952,120.23471511713066,118.33180683620104,119.58089611241736,103026500,AAPL,43.36511589387948,-3.168700954448042,-2.8110737987597045,-0.3576271556883372,121.69739756879764,124.1000076869632,2021-03-18,-0.0117251677150855,0,1,0.705,2021
2021-03-12,118.10736846923828,118.24398715605516,116.28252996168705,117.4925843785623,88105100,AAPL,42.07082927681502,-3.0545368026452024,-2.859766399536804,-0.1947704031083983,121.35549003550626,123.8650022274446,2021-03-19,-0.008592772009866,0,1,0.75,2021
2021-03-15,120.9958953857422,121.00565599103152,117.51210381348422,118.47820271779908,92403800,AAPL,47.4471537506706,-2.6998586185469975,-2.827784843338843,0.1279262247918455,121.32124292600491,123.75248823365234,2021-03-22,-0.0048391549269841,0,1,0.77,2021
2021-03-16,122.53772735595705,124.14788454004912,121.7082546990488,122.66458542743165,115227900,AAPL,50.10884123301511,-2.268214087871172,-2.715870692245309,0.4476566043741368,121.43709858600036,123.7048505521741,2021-03-23,-0.0241297930144356,-1,1,0.715,2021
2021-03-17,121.7472915649414,122.82072722265788,119.38572418377376,121.05443757273208,111932600,AAPL,48.74579004038544,-1.9672371643985256,-2.5661439866759523,0.5989068222774265,121.46664077447092,123.62808353306691,2021-03-24,-0.0374319268970558,-1,1,0.645,2021
2021-03-18,117.6194305419922,120.20543961497016,117.41450253253257,119.9126810613654,121229700,AAPL,42.278006691612504,-2.038298435139282,-2.4605748763686184,0.4222764412293363,121.10023979994916,123.39245008243655,2021-03-25,0.0004979044036517,0,1,0.735,2021
2021-03-19,117.09249877929688,118.49772827437512,116.78998699166908,117.00467565843506,185549500,AAPL,41.52065681372353,-2.112779190320552,-2.391015739159005,0.278236548838453,120.71855017893463,123.14539316858794,2021-03-26,0.0101674221836609,0,1,0.69,2021
2021-03-22,120.4103775024414,120.87878973760397,117.35596342731434,117.42427276940472,111912300,AAPL,47.85479129016837,-1.8823817164331305,-2.2892889346138303,0.4069072181807001,120.689200400221,123.03813765226847,2021-03-29,-0.0162088484605252,0,1,0.55,2021
2021-03-23,119.58091735839844,121.23986295215124,119.19057502893877,120.35184141166212,95467100,AAPL,46.4988323487187,-1.7465869923545796,-2.1807485461619804,0.4341615538074008,120.58364963433314,122.9025603858422,2021-03-30,-0.0215441015560451,-1,1,0.67,2021
2021-03-24,117.19005584716795,119.93220486001856,117.17054208424707,119.8541349180161,88530500,AAPL,42.739631998603414,-1.8110149844441423,-2.106801833818413,0.2957868493742706,120.2604502260317,122.67854060001184,2021-03-31,0.0171539878524784,0,1,0.68,2021
2021-03-25,117.67799377441406,118.72216260318802,116.12639260654136,116.65335360086424,98844700,AAPL,43.73929458419089,-1.801930585367117,-2.045827584128154,0.2438969987610368,120.0145019925443,122.4824407244982,2021-04-01,0.0199851014212,0,1,0.655,2021
2021-03-26,118.28302764892578,118.54651187519468,116.04832553149886,117.44379427923148,94071200,AAPL,45.021022256104885,-1.7260135466948014,-1.9818647766414832,0.2558512299466819,119.84959967410444,122.31775785878948,2021-04-05,0.0386931597082043,1,1,0.685,2021
2021-03-29,118.45866394042967,119.61993010735954,117.81460554489064,118.71238752420412,80819200,AAPL,45.40982055912972,-1.6328538430373245,-1.9120625899206516,0.2792087468833273,119.71712960423064,122.16642084238325,2021-04-06,0.0397068543083507,1,1,0.705,2021
2021-03-30,117.00465393066406,117.49257992082931,115.98976697770112,117.2095819531143,85671900,AAPL,42.71665671169922,-1.6572468527110686,-1.861099442478735,0.2038525897676664,119.4587985877005,121.96399861055112,2021-04-07,0.0667224003285333,1,1,0.715,2021
2021-03-31,119.20033264160156,120.53724522159465,118.2244805650353,118.71240660331844,118323800,AAPL,47.75559305419723,-1.4823183237742654,-1.7853432187378413,0.3030248949635759,119.43418278331012,121.85561955294526,2021-04-08,0.0672123460668341,1,0,0.475,2021
2021-04-01,120.02980041503906,121.18130611520114,119.53211379208796,120.6738663324064,75089100,AAPL,49.5606680499498,-1.262205171611967,-1.6807156093126665,0.4185104377006994,119.4909082720462,121.78401880243914,2021-04-09,0.0813007633983717,1,1,0.535,2021
2021-04-05,122.85977172851562,123.11349534026344,120.09810870436394,120.87879330428332,88651200,AAPL,55.24250094767285,-0.8496150453771492,-1.514495496525563,0.6648804511484139,119.8117524107576,121.82620519169704,2021-04-12,0.0424149419665667,1,0,0.585,2021
2021-04-06,123.16228485107422,124.0600669394036,122.61581009211896,123.44528283557896,80171300,AAPL,55.81547660882846,-0.492546349286755,-1.3101056670778015,0.8175593177910465,120.1308507384068,121.87860047245694,2021-04-13,0.0651293271743449,1,0,0.615,2021
2021-04-07,124.81148529052734,124.8309990566897,122.11813140531842,122.79147173791084,83466700,AAPL,58.90421780835988,-0.0756184600369209,-1.0632082256696254,0.9875897656327044,120.57662545765636,121.99361556336166,2021-04-14,0.0322908248285331,1,-1,0.55,2021
2021-04-08,127.21206665039062,127.24134101901195,125.4165025534568,125.83611176390906,88844600,AAPL,62.96282373977037,0.443395561216704,-0.7618874682923595,1.2052830295090635,121.20857223791675,122.19826070402948,2021-04-15,0.0317581807299294,1,-1,0.47,2021
2021-04-09,129.78831481933594,129.82734234724018,126.34355848189794,126.66559142580684,106686700,AAPL,66.75714343742472,1.0504902117305193,-0.3994119322877838,1.449902144018303,122.0256905790043,122.49590988502187,2021-04-16,0.0087221588733439,0,-1,0.495,2021
2021-04-12,128.07086181640625,129.64198462242751,127.47559131498642,129.31995157507012,91420000,AAPL,62.183590642770085,1.377157972307003,-0.0440979513688263,1.4212559236758298,122.60142117304258,122.71453545095852,2021-04-19,0.0274301307764857,1,-1,0.435,2021
2021-04-13,131.1837615966797,131.4082182509909,128.74413188709045,129.24182587765023,91266500,AAPL,66.64418262850131,1.8657226336088968,0.3378661656267183,1.5278564679821784,123.41878692767467,123.046661966477,2021-04-20,-0.0098190597724228,0,0,0.455,2021
2021-04-14,128.8417510986328,131.74003301621525,128.48069058786157,131.68148427288168,87222800,AAPL,60.83061414975692,2.04041236972931,0.6783754064472367,1.3620369632820737,123.93525970586116,123.27392036381644,2021-04-21,0.0111337668599096,0,1,0.445,2021
2021-04-15,131.25209045410156,131.7400164409198,130.41285716116144,130.5885182593821,89347100,AAPL,64.28379911500409,2.3463027683256854,1.0119608788229264,1.334341889502759,124.63210072950312,123.58678977912174,2021-04-22,-0.019033248749642,0,0,0.5,2021
2021-04-16,130.92034912109375,131.4180284373001,130.06159432576558,131.0569678485028,84922400,AAPL,63.45463121525469,2.5327582988569617,1.3161203628297335,1.216637936027228,125.23098152870222,123.87438034155204,2021-04-23,0.0011923082481624,0,0,0.435,2021
2021-04-19,131.5838623046875,132.1986537464163,130.12008450271816,130.28597753343655,94264200,AAPL,64.4425167224687,2.7029081758977043,1.5934779254433278,1.1094302504543765,125.83601779308177,124.17671296755734,2021-04-26,-0.0008896640335456,0,0,0.535,2021
2021-04-20,129.89566040039062,132.25722045509357,128.6270498214987,131.75954129528387,94812300,AAPL,59.99851441893758,2.6707427347646444,1.808930887307591,0.8618118474570533,126.22265042234928,124.40098541590376,2021-04-27,0.00961617753507,0,0,0.48,2021
2021-04-21,130.2762451171875,130.52020812302493,128.12937364388216,129.16377440618163,68847100,AAPL,60.657200794750494,2.645466110319248,1.9762379319099224,0.6692281784093252,126.60870705995292,124.63138775713055,2021-04-28,0.00059957009922,0,0,0.515,2021
2021-04-22,128.75393676757812,130.9105617092093,128.2367363124183,129.8273652126756,84566500,AAPL,56.6396697525504,2.4740770221345656,2.0758057499548515,0.3982712721797141,126.81301465115531,124.79305634577555,2021-04-29,0.011671579747756,0,1,0.785,2021
2021-04-23,131.07644653320312,131.85711621347775,128.9686026596944,128.9686026596944,78657500,AAPL,60.89513696143238,2.496874646345873,2.1600195292330557,0.3368551171128171,127.21905578277892,125.03946380410606,2021-04-30,-0.0212924549365756,-1,0,0.73,2021
2021-04-26,131.466796875,131.79858301727063,130.33480485867753,131.57414120224303,66905100,AAPL,61.577664417520026,2.517420679516931,2.231499759289831,0.2859209202271002,127.62360255346664,125.29151608139604,2021-05-03,-0.0161819994131716,0,0,0.805,2021
2021-04-27,131.14476013183594,132.1401334204204,130.87152274129448,131.7497836551319,66015800,AAPL,60.63736701214324,2.47913990343541,2.281027788118947,0.1981121153164631,127.95895089426372,125.52105506376624,2021-05-04,-0.0486643342998588,-1,0,0.675,2021
2021-04-28,130.35435485839844,131.75958458343945,129.86642869777725,131.06672288361446,107760100,AAPL,58.28488112406329,2.3578432632860853,2.296390883152375,0.0614523801337103,128.1870846051337,125.71059623218318,2021-05-05,-0.0410244035312118,-1,1,0.565,2021
2021-04-29,130.25669860839844,133.76001800843707,129.2515724107939,133.17450095202088,151101000,AAPL,57.98555720408298,2.228150032248436,2.2827427129715874,-0.0545926807231511,128.38419070068272,125.88887475674063,2021-05-06,-0.0280190260578599,-1,1,0.55,2021
2021-04-30,128.28550720214844,130.33478741572688,127.90492552746106,128.59777209122348,109839500,AAPL,52.1624241628492,1.9439004651847824,2.2149742634142267,-0.2710737982294442,128.3747922722509,125.98286034283508,2021-05-07,-0.0078258598252308,0,1,0.71,2021
2021-05-03,129.3394012451172,130.83246831624223,128.64655475092198,128.85147530654447,75135100,AAPL,54.777272280116115,1.7831164207400008,2.1286026948793815,-0.3454862741393807,128.46665979347625,126.11448939782656,2021-05-10,-0.0413045676182552,-1,1,0.725,2021
2021-05-04,124.76268768310548,128.31479612503944,123.64045629537988,128.0220375212291,137564700,AAPL,43.625187198374086,1.2717316411343091,1.957228484130367,-0.685496842996058,128.11390054486952,126.0614775658767,2021-05-11,-0.0135012179800579,0,0,0.505,2021
2021-05-05,125.00664520263672,127.29988843260809,124.8797796797169,126.08007345167024,84000900,AAPL,44.27642529858541,0.8760423807091513,1.740991263446124,-0.8649488827369727,127.81797146465688,126.02011159084768,2021-05-12,-0.0399802354257168,-1,0,0.55,2021
2021-05-06,126.6070327758789,126.6167859345114,124.06005123769592,124.80170077752533,78128300,AAPL,48.48096137361855,0.6837122835895713,1.5295354674748136,-0.8458231838852424,127.70264397048754,126.04312810790776,2021-05-13,-0.0351296626735493,-1,0,0.71,2021
2021-05-07,127.28156280517578,128.3079362044883,126.56796988286702,127.90716850603268,78973300,AAPL,50.18697627655036,0.5790433803931734,1.3394370500584856,-0.7603936696653122,127.66254100236262,126.09169417446728,2021-05-14,-0.0211969047144799,-1,0,0.545,2021
2021-05-10,123.9970932006836,126.62658899435064,123.9579919211375,126.49952288698726,88071200,AAPL,42.76161176037573,0.2284300731955681,1.117235654685902,-0.888805581490334,127.31345073553604,126.0095529598091,2021-05-17,-0.0045723294939555,0,1,0.79,2021
2021-05-11,123.07823944091795,123.43013604181222,120.0088523827375,120.72243768449368,126142800,AAPL,40.93684665740438,-0.1221690294983375,0.8693547178490543,-0.9915237473473918,126.91009727890577,125.89459948848004,2021-05-18,-0.0084187990028087,0,1,0.795,2021
2021-05-12,120.00885009765624,121.83679573122356,119.50054838799284,120.6246859175598,112172300,AAPL,35.488868897618474,-0.6403142680572103,0.5674209206678014,-1.2077351887250116,126.25283564259628,125.66378578687912,2021-05-19,0.0156389146715152,0,1,0.875,2021
2021-05-13,122.15937042236328,123.31283199690463,121.46533953245029,121.77814229209848,105861300,AAPL,41.37561732282656,-0.8674200072015452,0.280452735093932,-1.1478727422954773,125.8629818120979,125.5263577333687,2021-05-20,0.0187244018785543,0,1,0.87,2021
2021-05-14,124.58358764648438,125.013694229742,123.01957387710112,123.4105791838984,81918000,AAPL,47.22223238055074,-0.8420818760348681,0.055945812868172,-0.8980276889030401,125.74113474870612,125.48938635741246,2021-05-21,-0.0158491238513064,0,1,0.69,2021
2021-05-17,123.43013763427734,124.07529756948796,122.35487853339956,123.96777091361952,74244600,AAPL,44.92640206430454,-0.9046467955984524,-0.1361727088251529,-0.7684740867732996,125.5210397854272,125.4086315055248,2021-05-24,0.0065730285163987,0,1,0.795,2021
2021-05-18,122.04206848144533,124.1339383673377,121.97364310976867,123.71360895337952,63342900,AAPL,42.263496849574565,-1.054084692968516,-0.3197551056538255,-0.7343295873146904,125.18970918504796,125.27660942614916,2021-05-25,0.0164196115876311,0,1,0.905,2021
2021-05-19,121.88565826416016,122.110481266006,120.09681414325692,120.39006996753152,92612000,AAPL,41.96167851346938,-1.1716304738485093,-0.4901301792927623,-0.6815002945557469,124.87503766877296,125.1436309492084,2021-05-26,0.0173230794056784,0,1,0.89,2021
2021-05-20,124.4467315673828,124.84751404054786,122.28643647584492,122.41351748333902,76857100,AAPL,48.45289436548364,-1.046070688539004,-0.6013182811420107,-0.4447524073969932,124.83424661149768,125.11630156168584,2021-05-27,-0.0159452709447247,0,1,0.64,2021
2021-05-21,122.60904693603516,125.1212466684886,122.3939936000745,124.94529461704876,79295400,AAPL,44.59842672996254,-1.0823725288907724,-0.697529130691763,-0.3848433981990093,124.6223228328822,125.01797785087602,2021-05-28,-0.0065375850939849,0,1,0.775,2021
2021-05-24,124.24144744873048,125.06255925054872,123.10754038445444,123.17596574645556,63092900,AAPL,48.51633745655928,-0.968259428109306,-0.7516751901752716,-0.2165842379340343,124.58604898677252,124.98752567824286,2021-06-01,-0.0221870696656191,-1,1,0.67,2021
2021-05-25,124.04595184326172,125.43402094302525,123.4789945671474,124.9452587557018,72009500,AAPL,48.07783472950946,-0.8834153726271978,-0.7780232266656569,-0.1053921459615409,124.534611163581,124.95060121412595,2021-06-02,-0.0144995209100513,0,1,0.645,2021
2021-05-26,123.9970932006836,124.52494928784591,123.57676376782136,124.1046198549837,56575900,AAPL,47.96116368571404,-0.8107722536645241,-0.7845730320654304,-0.0261992215990937,124.4834189766384,124.91320874301056,2021-06-03,-0.0260938793162696,-1,1,0.655,2021
2021-05-27,122.46239471435548,124.76931783925218,122.26689578830224,123.5963093673209,94625600,AAPL,44.32275653453856,-0.8670446493562451,-0.8010673555235934,-0.0659772938326517,124.2909404754686,124.81709838894568,2021-06-04,0.0048691730205812,0,1,0.805,2021
2021-05-28,121.80747985839844,122.97071874535015,121.74883166504183,122.7458882411384,71311100,AAPL,42.829577659116566,-0.9534957780872872,-0.8315530400363322,-0.121942738050955,124.0544204167,124.69907413284578,2021-06-07,0.0103522271390588,0,1,0.825,2021
2021-06-01,121.48489379882812,122.5308287889092,121.15254410936616,122.26690447420742,67637100,AAPL,42.07763991595501,-1.036095456026473,-0.8724615232343604,-0.1636339327921125,123.8097035959503,124.57302784523723,2021-06-08,0.0197938639229082,0,1,0.885,2021
2021-06-02,122.24734497070312,122.42329699238252,121.260065670319,121.4848886960278,59278900,AAPL,44.55534112400328,-1.028180632085366,-0.9036053450045616,-0.1245752870808045,123.66090753640296,124.48182459525552,2021-06-09,0.0165521202875529,0,1,0.79,2021
2021-06-03,120.76152801513672,122.0420631106484,120.36074552880676,121.87588828071904,76229200,AAPL,40.88501385902828,-1.1287891097027796,-0.9486420979442052,-0.1801470117585742,123.3847761534252,124.33593061172144,2021-06-10,0.0208030411054016,1,1,0.865,2021
2021-06-04,123.05868530273438,123.32261707615766,121.0645647856299,121.27961809499506,75169300,AAPL,48.01506475659899,-1.01150070757528,-0.9612138198704204,-0.0502868877048596,123.35371988193084,124.28584256038864,2021-06-11,0.0115973491631631,0,1,0.665,2021
2021-06-07,123.0684585571289,123.47901079400312,122.02252359682196,123.33238286431768,71057600,AAPL,48.04377690996389,-0.907301378406018,-0.95043133157754,0.0431299531715219,123.3265521367116,124.2381020112412,2021-06-14,0.0363778575794213,1,1,0.695,2021
2021-06-08,123.8895492553711,125.57087420996749,123.37147042485412,123.75269852496304,74403800,AAPL,50.5165531192368,-0.7498239978192487,-0.9103098648258816,0.160485867006633,123.38017090991728,124.22443327571688,2021-06-15,0.022881615986648,1,1,0.665,2021
2021-06-09,124.2707977294922,124.87685639052276,123.67451625303816,124.34900029049098,56877900,AAPL,51.666808773349175,-0.5874862971696047,-0.8457451512946264,0.2582588541250217,123.46499251178156,124.22625148959042,2021-06-16,0.0237550942626609,1,0,0.485,2021
2021-06-10,123.27373504638672,125.30695678436513,123.10756020588629,124.16326489562331,71186400,AAPL,48.49209612791748,-0.5331414033223609,-0.7832244017001733,0.2500829983778123,123.44677751507729,124.18889790358244,2021-06-17,0.0450396667602235,1,1,0.68,2021
2021-06-11,124.48583984375,124.57381958141004,123.26395290484824,123.68428231014268,53522400,AAPL,52.327107680238974,-0.3877956889421483,-0.7041386591485683,0.31634297020642,123.54573583209374,124.2005426855498,2021-06-18,0.0244208845367861,1,0,0.55,2021
2021-06-14,127.54542541503906,127.6040735939575,124.21212215861956,124.94525422632002,96906500,AAPL,60.35172321109804,-0.0254320131403886,-0.5683973299469324,0.5429653168065437,123.92665864951712,124.33171455729448,2021-06-21,0.0139485049140326,0,-1,0.535,2021
2021-06-15,126.7243423461914,127.662758113204,126.47996494927916,127.01759820560862,62746300,AAPL,57.551955545100654,0.1932614711055151,-0.4160655697364429,0.609327040841958,124.19310471586704,124.42554309803556,2021-06-22,0.0334773368329091,1,0,0.435,2021
2021-06-16,127.22286224365234,127.9462246818499,125.57088362966448,127.43791553837022,91815000,AAPL,58.80161755430768,0.4021680791172173,-0.2524188399657108,0.6545869190829281,124.4816530518466,124.53524188805974,2021-06-23,0.0272763608330977,1,-1,0.5,2021
2021-06-17,128.82594299316406,129.56885960086188,126.73407370550348,126.88070904862664,96721700,AAPL,62.61324333946814,0.6891393209208587,-0.0641072077883969,0.7532465287092557,124.89539495101968,124.7035046764952,2021-06-24,0.0122925776321114,0,-1,0.485,2021
2021-06-18,127.52589416503906,128.55226719332194,127.31084088477134,127.77027153665138,108953300,AAPL,57.93223590940971,0.8024133010485457,0.1091968939789915,0.6932164070695541,125.1459186856882,124.81418661722245,2021-06-25,0.0203128026833743,1,0,0.52,2021
2021-06-21,129.32449340820312,129.4320200361711,126.30399301656992,127.36947465650124,79663300,AAPL,62.148393818856235,1.0254944125571228,0.2924563976946178,0.733038014862505,125.54387818307058,124.99106139333932,2021-06-28,0.0187454058269747,0,0,0.735,2021
2021-06-22,130.96673583984375,131.06449276893142,128.65981252013916,129.15835197662773,74783600,AAPL,65.54401799189779,1.3195916094248474,0.4978834400406637,0.8217081693841837,126.06034081704895,125.22540156771204,2021-06-29,0.0175400639121168,0,0,0.705,2021
2021-06-23,130.6930389404297,131.29910507401638,130.2336082056393,130.76147177632404,60214200,AAPL,64.50541688329619,1.5131381892463054,0.7009343898817921,0.8122037993645133,126.50155016213284,125.43981871958334,2021-06-30,0.0243830223094911,1,0,0.615,2021
2021-06-24,130.4095458984375,131.6118784063628,129.94033059947196,131.4261492149737,68711000,AAPL,63.385051255165635,1.624918677901945,0.8857312474858228,0.7391874304161226,126.87374023225708,125.6347099814992,2021-07-01,0.0289335308406228,1,0,0.5,2021
2021-06-25,130.11630249023438,130.87875877934593,129.82304662928087,130.45843681394894,70783700,AAPL,62.18196009534056,1.6705857555059538,1.042702149089849,0.6278836064161049,127.1825556853978,125.81045870733196,2021-07-02,0.0514611772867901,1,0,0.485,2021
2021-06-28,131.7487335205078,132.20816419376467,130.3509020493391,130.40955023475712,62111300,AAPL,66.04561896162502,1.817549208972423,1.1976715610663635,0.6198776479060593,127.61742976493208,126.04333222941727,2021-07-06,0.0537173604994507,1,0,0.435,2021
2021-06-29,133.26390075683594,133.42030589042128,131.32843570446462,131.7683120915107,64556100,AAPL,69.1917525868154,2.0328467459655286,1.3647065980461968,0.6681401479193319,128.15518890701816,126.32649177951214,2021-07-07,0.0604412873845705,1,0,0.58,2021
2021-06-30,133.87973022460938,134.31960659055045,132.81423335434383,133.10748923684247,63261400,AAPL,70.39254252337152,2.2274868051874535,1.5372626394744482,0.6902241657130053,128.70038331821732,126.62269720873164,2021-07-08,0.0458527079390311,1,0,0.685,2021
2021-07-01,134.18275451660156,134.24140270940268,132.70670539157666,133.52782483763312,52485800,AAPL,70.99167702656187,2.37877099105944,1.7055643097914466,0.6732066812679935,129.22251390853964,126.91917004433438,2021-07-09,0.0571134143244769,1,0,0.73,2021
2021-07-02,136.81224060058594,136.85133441897935,134.65193797296,134.79855843644995,78852600,AAPL,75.60489542582759,2.679949559441553,1.900441359721468,0.7795081997200852,129.94534502206787,127.30713359555992,2021-07-12,0.0324380861435489,1,0,0.495,2021
2021-07-06,138.825927734375,139.93050352064463,136.91978685791386,136.91978685791386,108181800,AAPL,78.43346905463802,3.04601094922333,2.1295552776218405,0.9164556716014896,130.79111480419235,127.75885101276836,2021-07-13,0.0254890693613256,1,0,0.605,2021
2021-07-07,141.31854248046875,141.6313377353685,139.4514959287153,140.31169406639702,104911600,AAPL,81.32065235434264,3.496939870259581,2.403032196149389,1.0939076741101923,131.7937269638377,128.29060361934486,2021-07-14,0.0316802376128495,1,0,0.675,2021
2021-07-08,140.0184783935547,140.82002849752848,137.50627159938102,138.39580890191343,105575500,AAPL,75.63340640886275,3.706671777297601,2.6637601123790313,1.0429116649185692,132.57703662381076,128.75052027715702,2021-07-15,0.0365818241022395,1,0,0.775,2021
2021-07-09,141.8463897705078,142.37423828416007,139.44171008126813,139.53946698760842,99890800,AAPL,77.96663380025738,3.974566665847277,2.9259214230726807,1.0486452427745965,133.45983216159144,129.26408378670018,2021-07-16,0.0088210631510496,0,0,0.59,2021
2021-07-12,141.2501678466797,143.02924286417507,140.7614129406358,142.92171618822078,76299700,AAPL,75.42951360235286,4.091599753655231,3.159057089189191,0.9325426644660402,134.2017688935046,129.73412629885624,2021-07-19,-0.0141869300443957,0,0,0.565,2021
2021-07-13,142.36447143554688,144.1435457407315,140.39968286953984,140.79068067157974,100827100,AAPL,76.93985316318266,4.225554741179025,3.372356619587158,0.8531981215918667,134.97916913560388,130.2294339512755,2021-07-20,0.0035019300111318,0,0,0.525,2021
2021-07-14,145.79554748535156,146.20611463354894,144.35860721349815,144.76917436169552,127050800,AAPL,80.84438107278073,4.556054832343875,3.6090962621385017,0.9469585702053736,136.00930040700842,130.83986977614123,2021-07-21,-0.0251422915068221,-1,0,0.6,2021
2021-07-15,145.14060974121094,146.626428391954,143.7818721014033,145.88352652438826,106820300,AAPL,78.12511628728295,4.710827051446472,3.829442420000096,0.8813846314463762,136.8789489150277,131.40068310810474,2021-07-22,-0.0113145222291783,0,0,0.63,2021
2021-07-16,143.09762573242188,146.39182821899888,142.5991012200298,145.12107770714312,93251400,AAPL,70.19372166669761,4.615429614983043,3.9866398589966856,0.6287897559863573,137.47120385001762,131.85938674043092,2021-07-23,0.0148234504287994,0,0,0.56,2021
2021-07-19,139.2462615966797,140.82983754217113,138.4838051811381,140.5170272611207,121434600,AAPL,58.19857572996238,4.180859218150687,4.025483730827486,0.1553754873232007,137.64025696874734,132.14906810734263,2021-07-26,0.0459108470493532,1,1,0.545,2021
2021-07-20,142.86302185058594,143.79166790162552,139.74477876057173,140.23353355980825,96350000,AAPL,64.35823019730648,4.081255204212994,4.036638025504588,0.0446171787084059,138.13766314797007,132.56922315609728,2021-07-27,0.004242379124504,0,1,0.47,2021
2021-07-21,142.12991333007812,142.8435061950867,141.3772415531026,142.25699437204696,74993500,AAPL,62.35259012117002,3.898226249159052,4.008955670235481,-0.1107294210764289,138.51787745102797,132.94415218252792,2021-07-28,-0.0028888975252469,0,0,0.495,2021
2021-07-22,143.4984130859375,144.86692056753935,142.53067320676791,142.65775422849268,77338200,AAPL,64.57209218244019,3.8195713361322703,3.971078803414839,-0.1515074672825687,138.9922141781622,133.35804476697535,2021-07-29,-0.0079021197935584,0,0,0.445,2021
2021-07-23,145.2188262939453,145.37523141238975,143.6157111189225,144.2315469505393,71447400,AAPL,67.19080990488564,3.8516601777200776,3.947195078275887,-0.0955349005558092,139.58522485585584,133.82317345430752,2021-07-30,-0.0181743082239359,0,0,0.56,2021
2021-07-26,145.63917541503906,146.4602799824032,144.37817955065944,144.93536723855144,72434100,AAPL,67.8167533473962,3.866439568365053,3.93104397629372,-0.0646044079286678,140.16179157577804,134.28654608021856,2021-08-02,-0.023290215450418,-1,0,0.575,2021
2021-07-27,143.46910095214844,145.8542269751725,142.2765379406364,145.76623976746671,104818600,AAPL,61.31330782093205,3.660845520481786,3.8770042851313335,-0.2161587646495477,140.47677342114665,134.64664627127465,2021-08-03,0.0040197222174658,0,0,0.475,2021
2021-07-28,141.7193145751953,143.66456373234172,139.3341891527353,141.55313976010396,118931200,AAPL,56.600077967234675,3.3184644270216666,3.7652963135094,-0.4468318864877338,140.59511067391318,134.92400581260486,2021-08-04,0.0135882693238822,0,1,0.68,2021
2021-07-29,142.36447143554688,143.2540085881392,141.32831383609212,141.4358404689946,56699500,AAPL,57.88554237767234,3.0638653776775584,3.625010126343032,-0.5611447486654737,140.7636212226402,135.21578877821042,2021-08-05,0.0097501628617713,0,1,0.505,2021
2021-07-30,142.57957458496094,143.03900536668212,140.86893250022496,141.13286431252794,70440600,AAPL,58.328716221855345,2.846636568854933,3.4693354148454123,-0.6226988459904792,140.93656916190886,135.50456469220063,2021-08-06,0.0034205559767961,0,1,0.515,2021
2021-08-02,142.24720764160156,143.6450392737184,141.98327586121923,143.0683121632204,62880000,AAPL,57.32492784429217,2.6174891525708404,3.298966162390498,-0.6814770098196576,141.06139187426055,135.7689820627654,2021-08-09,0.0054208649720299,0,1,0.61,2021
2021-08-03,144.04580688476562,144.710506214658,141.91482832443904,142.53066410966022,64786600,AAPL,61.21473258789989,2.5516067671582903,3.1494942833440565,-0.5978875161857662,141.34562187526103,136.09356342833402,2021-08-10,-0.0104633531585076,0,0,0.52,2021
2021-08-04,143.64503479003906,144.4661392860283,142.99010513855148,143.9578450260043,56368300,AAPL,59.904463568241994,2.438940950322319,3.007383616739709,-0.5684426664173898,141.56461358143036,136.38969956016558,2021-08-11,-0.0059302600903491,0,0,0.51,2021
2021-08-05,143.75254821777344,144.51500445327014,142.88256533800865,143.6743456659774,46397700,AAPL,60.150881975780536,2.3314523820755255,2.872197369806873,-0.540744987731347,141.77298830870114,136.67843872320904,2021-08-12,0.0139608810857738,0,0,0.6,2021
2021-08-06,143.06727600097656,144.01688208379585,142.56800458197282,143.2728671370131,54126800,AAPL,57.7161047491973,2.1660028439943915,2.7309584646443765,-0.5649556206499851,141.89625380320356,136.92898136155287,2021-08-13,0.0202546763527569,1,0,0.515,2021
2021-08-09,143.018310546875,143.6154852947151,142.46030312496822,143.12599828625463,48908700,AAPL,57.53688950161989,2.0077872683159512,2.5863242253786916,-0.5785369570627403,142.0031163502199,137.1677785845067,2021-08-16,0.034430730125998,1,1,0.585,2021
2021-08-10,142.53860473632812,144.60424024721186,142.2449095809598,143.36093922099448,69023100,AAPL,55.7117558783512,1.822681299426648,2.4335956401882832,-0.6109143407616351,142.05411524413498,137.37839921791146,2021-08-17,0.031524898275528,1,1,0.79,2021
2021-08-11,142.79318237304688,143.63510081183065,142.4701190832618,142.97918986758629,48493500,AAPL,56.500368669978734,1.677192146110002,2.2823149413726274,-0.6051227952626252,142.12450258974565,137.59074365536776,2021-08-18,0.0034277279112606,0,1,0.895,2021
2021-08-12,145.75946044921875,145.91609989817144,142.77358630713317,143.1162332344722,72282600,AAPL,64.44467978889536,1.7807177882361884,2.1819955107453395,-0.401277722509151,142.4706890525526,137.91108549042073,2021-08-19,-0.0147088319990218,0,1,0.625,2021
2021-08-13,145.96505737304688,146.2979050117812,145.15250700463497,145.8377859484882,59375000,AAPL,64.92285204684195,1.8579354358115552,2.117183495758583,-0.2592480599470277,142.80348603545684,138.22692752503352,2021-08-20,-0.0061034086886782,0,1,0.685,2021
2021-08-16,147.94253540039062,148.01107074565377,143.39031260479845,145.4167808705027,103296000,AAPL,69.21173969084839,2.05500807428902,2.1047484114646706,-0.0497403371756504,143.2929193083077,138.6079317554397,2021-08-23,-0.0093298356505791,0,0,0.765,2021
2021-08-17,147.03211975097656,148.4907815727172,145.95524228570045,147.0712721415507,92229700,AAPL,65.25577782569269,2.113365068877499,2.1064717429472366,0.0068933259302625,143.64903363618092,138.93829206899017,2021-08-24,-0.0037951837799843,0,0,0.565,2021
2021-08-18,143.2826385498047,147.55096588599457,143.07704743235058,146.65031157772893,86326000,AAPL,52.05860251736809,1.8358985150413505,2.052357097366059,-0.2164585823247091,143.61413886604984,139.10865859764957,2021-08-25,0.0136651398574105,0,1,0.705,2021
2021-08-19,143.61550903320312,144.888178453154,141.46176882757268,141.9806239472667,86960300,AAPL,52.967980493511995,1.6241420397423385,1.9667140858413152,-0.3425720460989769,143.61426935815967,139.28539783041637,2021-08-26,0.0057259966175045,0,1,0.745,2021
2021-08-20,145.0741729736328,145.37765255184942,143.6938159198485,144.3399424051891,60549600,AAPL,56.83217152694435,1.5560878843743635,1.8845888455479252,-0.3285009611735614,143.75330779772855,139.51240862034643,2021-08-27,0.002766634331067,0,1,0.76,2021
2021-08-23,146.562255859375,147.03215936265545,144.7805153800769,145.1916828126927,60131800,AAPL,60.40612977617333,1.6037433730840007,1.8284197510551403,-0.2246763779711396,144.0208266607425,139.7888732179554,2021-08-30,0.0227771609760809,1,1,0.535,2021
2021-08-24,146.47410583496094,147.68803914447207,146.01398679478913,146.30768202395666,48606400,AAPL,60.08876221917651,1.6157721059022947,1.7858902220245714,-0.1701181161222766,144.25447229638235,140.051039202936,2021-08-31,0.0147710355111352,0,1,0.565,2021
2021-08-25,145.24061584472656,147.15941188820682,144.6923926717211,146.66012547582167,58991300,AAPL,55.68035797180818,1.5083849075400622,1.7303891591276697,-0.2220042515876075,144.348390729558,140.254552012418,2021-09-01,0.0279721918048128,1,1,0.63,2021
2021-08-26,144.43785095214844,145.98463202414845,144.40848292036043,145.23083262430814,48597200,AAPL,52.95733263974486,1.3430218415230968,1.6529156956067552,-0.3098938540836584,144.3569107507571,140.41860295123095,2021-09-02,0.0414124245619451,1,0,0.59,2021
2021-08-27,145.4755401611328,145.62238028371488,143.74275202487664,144.379079140009,55802400,AAPL,55.955817297468606,1.2809374179641395,1.5785200400782322,-0.2975826221140927,144.46344688507858,140.61691421436436,2021-09-03,0.0383580250863104,1,0,0.495,2021
2021-08-30,149.90052795410156,150.26275857372073,145.48535959462373,145.8671589433328,90956700,AAPL,65.92883048823741,1.5706886773731128,1.5769537675372085,-0.0062650901640957,144.98126412974744,140.98097749827562,2021-09-07,0.0233152254185489,1,0,0.5,2021
2021-08-31,148.63768005371094,149.58728638550176,148.10902552984626,149.45023057153006,86453100,AAPL,61.63921291912163,1.6790621828347696,1.5973754505967208,0.0816867322380487,145.32949421774396,141.2812403435868,2021-09-08,0.0216028569202368,1,1,0.59,2021
2021-09-01,149.30331420898438,151.72138110055903,149.1368904272836,149.61659304839097,80313700,AAPL,63.00552317673322,1.7979346090976378,1.6374872822969042,0.1604473268007336,145.70795326452875,141.5958314755632,2021-09-09,0.0102289871311884,0,1,0.515,2021
2021-09-02,150.41937255859375,151.46688207200458,149.19565486795125,150.63474806718364,71115500,AAPL,65.2409753692198,1.95960928879839,1.7019116835972017,0.2576976052011885,146.1566598639635,141.94185269450557,2021-09-10,-0.0304587678248191,-1,1,0.52,2021
2021-09-03,151.05569458007812,151.37875779988858,149.87112944077313,150.52704024294897,57808700,AAPL,66.48448493464934,2.11470648641685,1.784470644161131,0.3302358422557185,146.62323459883157,142.29925825864566,2021-09-13,-0.0307841156185723,-1,0,0.535,2021
2021-09-07,153.39549255371094,153.953500162786,151.14384857194918,151.7116554847735,82278300,AAPL,70.64334416899743,2.398772716220634,1.907331058573032,0.4914416576476021,147.26821154691532,142.7344047015894,2021-09-14,-0.054694418849356,-1,0,0.64,2021
2021-09-08,151.8486785888672,153.73809149809526,150.7424330368148,153.67935544010308,74420200,AAPL,64.90907408738042,2.470602719968582,2.019985390852142,0.4506173291164401,147.7044465032917,143.09182720697285,2021-09-15,-0.039198095172061,-1,0,0.51,2021
2021-09-09,150.83053588867188,152.8276363360627,150.71304884732544,152.22067721794593,57305700,AAPL,61.377476789855784,2.417505410980965,2.0994893948779065,0.3180160161030585,148.00216930189933,143.3953059788042,2021-09-16,-0.0342700886105274,-1,1,0.56,2021
2021-09-10,145.83778381347656,152.21090030495253,145.57345660401688,151.74099688432676,140893200,AAPL,47.67810187245423,1.9500728191832764,2.0696060797389806,-0.1195332605557042,147.79603735062096,143.49108942330116,2021-09-17,-0.0195340369600188,0,1,0.65,2021
2021-09-13,146.40557861328125,148.2362553872636,145.6223963511956,147.462872426403,102404300,AAPL,49.07029340517112,1.6069218230961724,1.977069228410419,-0.3701474053142466,147.66361270896957,143.60538311702587,2021-09-20,-0.0441992963715065,-1,1,0.645,2021
2021-09-14,145.005615234375,147.8936003081731,143.8210651320534,147.18873787623096,109296300,AAPL,45.83215280201006,1.2080808378377412,1.8232715502958836,-0.6151907124581424,147.4104700923415,143.66029418045133,2021-09-21,-0.031663391941651,-1,0,0.47,2021
2021-09-15,145.89649963378906,146.29788257432963,143.2924251085685,145.4363806410637,83281300,AAPL,48.17583500878405,0.9528989828125988,1.6491970367992268,-0.6962980539866281,147.26628242962224,143.7479885119548,2021-09-22,-0.0213379256522504,-1,0,0.595,2021
2021-09-16,145.66156005859375,145.83778317678434,144.12457838073104,145.3189280621593,68034100,AAPL,47.59104240233808,0.7233693128165157,1.464031492002685,-0.740662179186169,147.11345172761952,143.8230305333916,2021-09-23,-0.0131729519019123,0,0,0.55,2021
2021-09-17,142.98898315429688,145.69096176910773,142.69528787817018,145.69096176910773,129868800,AAPL,41.43009789416617,0.3220978318464063,1.235644759971429,-0.9135469281250228,146.7206451968269,143.79032279303496,2021-09-24,0.0058878919756701,0,1,0.72,2021
2021-09-20,139.93455505371094,141.79459979953563,138.29967015990616,140.7764733460014,123478900,AAPL,35.73614171697936,-0.2396173687535281,0.9405923342264376,-1.180209702979966,146.0743508974825,143.63911621502226,2021-09-27,0.017000243491509,0,1,0.685,2021
2021-09-21,140.41424560546875,141.5596584283987,139.77791842647125,140.90373264714654,75834000,AAPL,37.19596947763512,-0.638711030408075,0.6247316612995353,-1.2634426917076105,145.53529325062405,143.5126507009221,2021-09-28,-0.0105972623032696,0,1,0.72,2021
2021-09-22,142.7833709716797,143.35116277449677,140.67856780429392,141.412798340786,76404300,AAPL,43.966102679748246,-0.7551224337683493,0.3487608422859584,-1.1038832760543076,145.27320541453412,143.48405149585378,2021-09-29,-0.0207060662139721,-1,1,0.735,2021
2021-09-23,143.74276733398438,143.98751085632557,142.57778577756685,143.56654423015996,64838200,AAPL,46.48206290080197,-0.7611895222141243,0.1267707693859418,-0.8879602916000662,145.12744940686272,143.49419721499615,2021-09-30,-0.0363005484098958,-1,1,0.69,2021
2021-09-24,143.8308868408203,144.369325635303,142.49948133899076,142.5973847336097,53477900,AAPL,46.7187019495883,-0.7502389382891295,-0.0486311721490723,-0.701607766140057,145.00396725771583,143.50740072973434,2021-10-01,-0.0290635544855715,-1,1,0.74,2021
2021-09-27,142.3134765625,142.89108270101565,140.79607848273122,142.41137995898362,74150700,AAPL,43.178182001390546,-0.8541566632476645,-0.2097362703687908,-0.6444203928788736,144.74773004864767,143.46058017415652,2021-10-04,-0.0428560890419889,-1,1,0.745,2021
2021-09-28,138.92623901367188,141.7065222907774,138.7108634842379,140.2380609198885,108972300,AAPL,36.52416519708119,-1.196046689110318,-0.4069983541170963,-0.7890483349932218,144.19330233103094,143.28276287374536,2021-10-05,-0.0056373267784554,0,1,0.775,2021
2021-09-29,139.82688903808594,141.41282248756633,139.04370667783795,139.4744577228724,74602000,AAPL,39.206847823512945,-1.3784323576920483,-0.6012851548320868,-0.7771472028599617,143.77745344598856,143.14723840960184,2021-10-06,-0.0058110838477273,0,1,0.81,2021
2021-09-30,138.5248260498047,141.34427605273183,138.30945056691672,140.63941355200004,89056700,AAPL,36.78633175007171,-1.6094867539914617,-0.8029254746639618,-0.8065612793274999,143.27720321778057,142.96596733666863,2021-10-07,0.0126499678411184,0,1,0.735,2021
2021-10-01,139.65065002441406,139.91497721524382,136.18508826736803,138.91641944607758,94639600,AAPL,40.22274357274256,-1.6823612288555978,-0.9788126255022892,-0.7035486033533087,142.9318171993647,142.8359548930508,2021-10-08,0.0017528131383408,0,1,0.79,2021
2021-10-04,136.2144775390625,139.21993567866247,135.36277471551017,138.7793853125862,98322000,AAPL,34.12515650938906,-1.994395033020993,-1.1819291070060298,-0.8124659260149631,142.2920705650502,142.57628911446304,2021-10-11,0.0263759679675661,1,1,0.655,2021
2021-10-05,138.14306640625,139.24931216410243,136.42986135228304,136.5571327935829,80861100,AAPL,39.654581909488826,-2.0622902687251212,-1.3580013393498482,-0.704288929375273,141.89692731183115,142.40243724355273,2021-10-12,0.0028344222863949,0,1,0.715,2021
2021-10-06,139.01434326171875,139.16118342378243,135.46066196016233,136.5375396085011,83221100,AAPL,42.022261253242256,-2.0224790914903963,-1.490896889777958,-0.5315822017124383,141.62239549753474,142.26957081289257,2021-10-13,-0.0076761352136075,0,1,0.675,2021
2021-10-07,140.27716064453125,141.187614120357,139.71915330085915,140.0520008348359,61732700,AAPL,45.36801971362694,-1.8675022344412184,-1.5662179587106102,-0.3012842757306082,141.4942778924868,142.19143708079997,2021-10-14,0.0032804667447823,0,1,0.68,2021
2021-10-08,139.8954315185547,141.1485175173034,139.56258381781657,141.00167733696696,58773200,AAPL,44.531454839179666,-1.7552508694869573,-1.6040245408658798,-0.1512263286210775,141.34200680925517,142.10139764698644,2021-10-15,0.0135757484004197,0,1,0.705,2021
2021-10-11,139.80726623535156,141.76521411890909,138.82829229357282,139.27862687949207,64452200,AAPL,44.328145952596046,-1.6543349124764577,-1.6140866151879951,-0.0402482972884621,141.19584104031196,142.01143170927529,2021-10-18,0.0261890732011635,1,1,0.69,2021
2021-10-12,138.5346221923828,140.23804253698972,138.07450316144806,140.2184588719824,73035900,AAPL,41.39059648454943,-1.6579383465942217,-1.6228569614692407,-0.0350813851249807,140.94239162622347,141.8750862380246,2021-10-19,0.0512330371004312,1,1,0.705,2021
2021-10-13,137.94725036621094,138.4269381369984,136.2731980054475,138.27031362663757,78762700,AAPL,40.07074847414582,-1.6887235378444243,-1.6360302767442776,-0.0526932611001469,140.65714007765084,141.7210534587378,2021-10-20,0.0592578229261597,1,1,0.75,2021
2021-10-14,140.73733520507812,140.8548222748978,138.53464310497256,139.12203364018546,69907100,AAPL,48.475502088323985,-1.4710274066596298,-1.603029702727348,0.1320022960677183,140.66477770883438,141.68247627231978,2021-10-21,0.0397882030435323,1,1,0.55,2021
2021-10-15,141.79461669921875,141.85335275996707,140.49257924677562,140.74712209396571,67940300,AAPL,51.26475072553074,-1.1993623709377346,-1.5222962363694257,0.3229338654316909,140.77238142220432,141.68687393611975,2021-10-22,0.0265811094615402,1,1,0.48,2021
2021-10-18,143.46868896484375,143.75258494371582,140.14996663187517,140.43386261074724,85589200,AAPL,55.38325567307432,-0.8393072206677346,-1.3856984332290874,0.5463912125613528,141.02917261674142,141.7567490352854,2021-10-25,0.014261200693783,0,1,0.54,2021
2021-10-19,145.63217163085938,146.03355456911197,143.4686473852741,143.91896707476286,76378900,AAPL,60.07858664090405,-0.3750624632450297,-1.183571239232276,0.8085087759872462,141.46755347522884,141.90872639197457,2021-10-26,0.003764609734759,0,-1,0.405,2021
2021-10-20,146.1217041015625,146.6014069041576,145.0056739553699,145.5734808631469,58418800,AAPL,61.07672439403492,0.0319873012105347,-0.9404595311437138,0.9724468323542486,141.91080591583204,142.07394120411527,2021-10-27,-0.0027470094709485,0,-1,0.47,2021
2021-10-21,146.33702087402344,146.49366029007413,144.7608722276611,145.68111012451274,61421000,AAPL,61.53230142414667,0.3677126734309013,-0.6788250902287909,1.0465377636596922,142.33235019756455,142.24112079901363,2021-10-28,0.0206718362419362,1,-1,0.47,2021
2021-10-22,145.5636749267578,147.02233691182352,145.5147232295898,146.54264911827497,58883400,AAPL,58.86724278818474,0.5648635000503646,-0.4300873721729598,0.9949508722233243,142.64009540986868,142.37141703931732,2021-10-29,0.0074652547925968,0,-1,0.58,2021
2021-10-25,145.5147247314453,146.2293717159997,144.51616686316274,145.55387712680738,50720600,AAPL,58.693957257877805,0.7089843486298832,-0.2022730280123912,0.9112573766422744,142.91386963097122,142.49468400763607,2021-11-01,0.0021526871678601,0,-1,0.515,2021
2021-10-26,146.180419921875,147.6684497999659,145.87692540269924,146.190204285219,60893400,AAPL,60.40112850615402,0.8669238395041532,0.0115663454909176,0.8553574940132356,143.22496965867634,142.63922267093955,2021-11-02,0.0046880610600328,0,-1,0.51,2021
2021-10-27,145.72030639648438,146.58179347999342,145.36787510933436,146.21957782913032,56094900,AAPL,58.59842740958892,0.944081919052536,0.1980694602032413,0.7460124588492947,143.46262077656283,142.760049483706,2021-11-03,0.017735844235861,0,0,0.415,2021
2021-10-28,149.36207580566406,149.94945126434328,146.5719938285733,146.66989720733233,100077900,AAPL,66.99482255807983,1.284286157390483,0.4153127996406896,0.8689733577497931,144.02447363647724,143.01895247672397,2021-11-04,-0.0105523848013703,0,0,0.54,2021
2021-10-29,146.6503448486328,146.787400645377,143.33162275650557,144.12458950466566,124953200,AAPL,57.62361846174045,1.3198717816540295,0.5962245960433576,0.7236471856106719,144.2745566090635,143.1613600207204,2021-11-05,0.0113535944742608,0,0,0.465,2021
2021-11-01,145.82797241210938,146.55240360585222,144.69235899634896,145.85734043683098,74588300,AAPL,55.106167645692594,1.2671086230306514,0.7304014014408164,0.536707221589835,144.42250097125833,143.26593305567684,2021-11-08,0.0114098781393541,0,1,0.415,2021
2021-11-02,146.86572265625,148.3831357467227,145.52451776234176,145.5343170652365,69122000,AAPL,57.622154258251896,1.2941134769405949,0.8431438165407722,0.4509696603998226,144.65518875078135,143.40710127530716,2021-11-09,0.0067329926092405,0,0,0.46,2021
2021-11-03,148.30477905273438,148.77468239775834,146.66989423866602,147.22790166001485,54511500,AAPL,60.894986459000656,1.4153199157412644,0.9575790363808708,0.4577408793603936,145.00276877953877,143.5991670705004,2021-11-10,-0.0221405817002084,-1,0,0.615,2021
2021-11-04,147.78594970703125,149.22502801768104,147.47267079725674,148.39290892226862,60394600,AAPL,59.12215868103548,1.4527651275006122,1.056616254604819,0.3961488728957931,145.2678336297761,143.76335462487415,2021-11-11,-0.0190395754390674,0,0,0.565,2021
2021-11-05,148.3153533935547,149.2173222899692,147.11926062749689,148.9133997765836,65463900,AAPL,60.389355377455026,1.5077784492854391,1.1468486935409432,0.3609297557444959,145.55807360727886,143.9418643805087,2021-11-12,-0.0085270619995174,0,0,0.55,2021
2021-11-08,147.49185180664062,148.59971214971313,147.21734012230203,148.44284405587254,55020900,AAPL,57.40815067213134,1.4680049599979554,1.2110799468323457,0.2569250131656098,145.74224295959905,144.08107957369035,2021-11-15,-0.0029249869594805,0,1,0.48,2021
2021-11-09,147.8545684814453,148.46241353148417,147.1192662590711,147.2565220755238,56787900,AAPL,58.38267641505618,1.4490486565805156,1.2586736887819798,0.1903749677985358,145.94341681882247,144.2290595308572,2021-11-16,0.0012597787136303,0,0,0.52,2021
2021-11-10,145.02122497558594,147.1879224121505,144.95260453755975,147.08007747259725,65187100,AAPL,48.95908399179048,1.191661772733852,1.2452713055723543,-0.0536095328385024,145.85558902422852,144.2601248424152,2021-11-17,0.037655178901004,1,0,0.555,2021
2021-11-11,144.97216796875,146.50159405628088,144.7858890294142,146.0408184691879,41000000,AAPL,48.81217541309081,0.9725118116507474,1.1907194067880331,-0.2182075951372857,145.7714536856115,144.28804810227146,2021-11-18,0.067626884874858,1,0,0.58,2021
2021-11-12,147.0506591796875,147.45261306165483,144.58983794450572,145.52121785210946,63804000,AAPL,54.97649321556428,0.9555359351886068,1.143682712468148,-0.1881467772795411,145.8932827802854,144.3963857915819,2021-11-19,0.0704045983900572,1,1,0.395,2021
2021-11-15,147.06044006347656,148.9036023660625,146.5016032105498,147.42318436184277,59222800,AAPL,55.003953643010625,0.9321266901123976,1.101371507996998,-0.1692448178846002,146.0044406167798,144.5008585081268,2021-11-22,0.0734667095120615,1,1,0.395,2021
2021-11-16,148.04083251953125,148.52123530858523,146.41336017433824,147.0016078768631,59256200,AAPL,57.78339686026476,0.9813715323150234,1.0773715128606032,-0.0959999805455797,146.1983827027561,144.63968101837796,2021-11-23,0.0689404993030307,1,0,0.46,2021
2021-11-17,150.48202514648438,151.96242792983602,148.03101824439025,148.04081688648543,88807000,AAPL,63.78252800120673,1.2035089654522153,1.1025990033789257,0.1009099620732896,146.60634864977786,144.86879255281352,2021-11-24,0.0550525806657682,1,0,0.5,2021
2021-11-18,154.77618408203125,155.56050930807018,150.05065040073163,150.6977198341957,137827700,AAPL,71.46420155245818,1.706387052193605,1.2233566131418616,0.4830304390517437,147.38442821475437,145.25731771082206,2021-11-26,-0.0067142101691225,0,1,0.475,2021
2021-11-19,157.40370178222656,157.86449238063588,153.4624776050976,154.56052415802415,117305600,AAPL,74.96337674912712,2.2905364004858484,1.436792570610659,0.8537438298751894,148.3386447449898,145.73364649793598,2021-11-29,-0.0019310541917593,0,0,0.455,2021
2021-11-22,157.86448669433594,162.4527653050192,157.84487444666516,158.51154126985364,117467900,AAPL,75.53006697525193,2.75885806064963,1.7012056686184531,1.0576523920311762,149.24586778778468,146.20936572132422,2021-11-30,0.0265804301201442,1,0,0.46,2021
2021-11-23,158.24684143066406,158.62919797716998,155.9428885480248,157.96251620186436,96041900,AAPL,76.01519796064159,3.124837994893568,1.985932133873476,1.1389058610200915,150.1031033728208,146.68142359227872,2021-12-01,0.0208166821186082,1,0,0.47,2021
2021-11-24,158.76644897460938,158.96252656383666,156.5115192990928,157.59976712302952,69463600,AAPL,76.69149019197556,3.4174138956570346,2.272228486230188,1.1451854094268468,150.92818390632448,147.1553461562917,2021-12-02,0.011238819950335,0,0,0.525,2021
2021-11-26,153.7369842529297,157.30565039386215,153.2958059172185,156.44290597018036,76959800,AAPL,59.27065448498774,3.206484280045345,2.4590796449932193,0.7474046350521255,151.19568870123925,147.41344961106182,2021-12-03,0.0320768389489272,1,0,0.475,2021
2021-11-29,157.09974670410156,158.03112635226864,155.67815070663897,156.24678611367216,88748200,AAPL,64.99596475696603,3.272939457308638,2.6218516074563034,0.6510878498523347,151.75797993960708,147.79330439902418,2021-12-06,0.031702589307039,1,0,0.435,2021
2021-11-30,162.0605926513672,162.27628247322406,156.78602057829323,156.85465595786593,174048100,AAPL,71.38613411026223,3.683444022669363,2.8341700904989153,0.8492739321704477,152.73918115025091,148.35280589911608,2021-12-07,0.0355718866078205,1,0,0.605,2021
2021-12-01,161.541015625,166.9626433245141,161.3057135061921,164.19789952763372,152052500,AAPL,69.94589249902245,3.921640098581719,3.0516640921154763,0.8699760064662425,153.57745110022702,148.86999059424878,2021-12-08,0.0625718822921326,1,1,0.695,2021
2021-12-02,160.55079650878906,160.98217624012287,154.70760276553068,155.6291840170596,136739200,AAPL,67.1647149420497,3.984578062193293,3.23824688613104,0.7463311760622533,154.2415792343758,149.32806141442683,2021-12-09,0.0659498603716055,1,1,0.775,2021
2021-12-03,158.6683807373047,161.72724755293552,156.58993165162352,160.8056665553949,118023100,AAPL,62.1089204683485,3.838315914452125,3.358260691795257,0.4800552226568673,154.66317937751188,149.69434844669655,2021-12-10,0.1088114612014377,1,1,0.77,2021
2021-12-06,162.08021545410156,164.59004449763117,161.06058805531697,161.0703866988541,107497000,AAPL,66.96299088937019,3.952150722952638,3.4770386980267336,0.4751120249259042,155.36956376575853,150.18006872149675,2021-12-13,0.0630295038951378,1,1,0.81,2021
2021-12-07,167.8253936767578,168.2175638884088,165.04105249297368,165.766556164705,120405400,AAPL,73.19100784822663,4.454603599534437,3.6725516783282743,0.7820519212061625,156.5558332810918,150.87204224915405,2021-12-14,0.0184015154649157,0,1,0.805,2021
2021-12-08,171.64894104003906,172.51170037671412,167.3547715631022,168.75675548519916,116998900,AAPL,76.38209125486387,5.102510872565006,3.9585435171756207,1.143967355389385,157.99327211527725,151.68682259389465,2021-12-15,0.0241033461535213,1,1,0.69,2021
2021-12-09,171.13909912109375,173.28618350547256,170.51164196874294,171.48224606243377,108923700,AAPL,75.09845370719216,5.511311108641024,4.269097035468702,1.242214073172322,159.24525563964073,152.4496569675103,2021-12-16,-0.0131758206211752,0,1,0.6,2021
2021-12-10,175.93331909179688,176.10979941461878,171.26660609827198,171.77641985782503,115402700,AAPL,78.71996828915894,6.151234127632534,4.645524453901468,1.505709673731066,160.83459501603656,153.3705848939529,2021-12-17,-0.0463082024699812,-1,0,0.735,2021
2021-12-13,172.29605102539062,178.56082641219865,172.09015978630367,177.5706096790995,153237000,AAPL,70.35953270497919,6.29234634373725,4.974888831868625,1.3174575118686258,161.92616225502266,154.11276003636223,2021-12-20,-0.0340846473934504,-1,0,0.69,2021
2021-12-14,170.91363525390625,174.25681265308427,168.83518594286804,171.81560410510698,139380400,AAPL,67.4284037428167,6.220918515965991,5.224094768688098,0.9968237472778928,162.78211206444016,154.77161788803062,2021-12-21,-0.0076865485890719,0,0,0.63,2021
2021-12-15,175.7862548828125,175.9823324841572,168.93323276156414,171.6783640596761,131063300,AAPL,71.87575442386115,6.482761886075451,5.475828192165569,1.0069336939098823,164.0206018566661,155.5957212995907,2021-12-22,-0.020412873661236,-1,0,0.62,2021
2021-12-16,168.8842010498047,177.59018373746022,167.40379803106163,175.76663371395836,150185800,AAPL,59.485647805975184,6.0634410083306705,5.593350755398589,0.4700902529320814,164.48380177982216,156.11683815254028,2021-12-23,0.0233370181320102,1,-1,0.525,2021
2021-12-17,167.78616333007812,170.07050404048465,166.36458201855805,166.59986915660923,195432700,AAPL,57.77922006433989,5.578221459711045,5.59032489626108,-0.0121034365500349,164.79831240365607,156.57445874773785,2021-12-27,0.0536986335255056,1,0,0.48,2021
2021-12-20,166.42340087890625,167.23713712314685,164.17828470413107,164.98220734461725,107499100,AAPL,55.64570866346427,5.025783823408915,5.477416681690648,-0.4516328582817328,164.9530827346323,156.96069177248955,2021-12-28,0.0562001935686646,1,1,0.45,2021
2021-12-21,169.5998992919922,169.80577551895627,165.8057299805719,168.19791539703556,91185900,AAPL,59.40819414514355,4.789084308564725,5.339750207065464,-0.5506658985007391,165.3956366924761,157.4563469693328,2021-12-29,0.0369386172559913,1,0,0.74,2021
2021-12-22,172.1979522705078,172.41364208964774,168.7763410121153,169.64889893145047,92135300,AAPL,62.23026049954221,4.756311600821192,5.22306248581661,-0.4667508849954176,166.04347627133626,158.03444913800632,2021-12-30,0.0145754182592809,0,0,0.745,2021
2021-12-23,172.82545471191406,173.3842916513252,171.83525298109265,172.40388856584363,68356600,AAPL,62.90113543519858,4.726489171552288,5.123747822963746,-0.397258651411458,166.68937897996273,158.61448857227722,2021-12-31,0.0073177542971047,0,0,0.72,2021
2021-12-27,176.79605102539062,176.88428369318993,173.599943060433,173.61954034677024,74919600,AAPL,66.90669107827486,4.966003621814934,5.092198982733984,-0.1261953609190493,167.6519191747654,159.32749102141892,2022-01-03,0.0093161821173699,0,0,0.745,2021
2021-12-28,175.77642822265625,177.77645850319618,175.03132740898585,176.62938891278105,79144300,AAPL,64.96686605985903,5.0157273279642425,5.076904651780036,-0.0611773238157935,168.4256819412312,159.97254738225178,2022-01-04,0.0022867814776863,0,0,0.765,2021
2021-12-29,175.86468505859375,177.0901887398254,174.6489800212977,175.8156619193921,62348900,AAPL,65.06129243919122,5.004565793164971,5.062436880057024,-0.0578710868920522,169.13415842859905,160.59576846759853,2022-01-05,-0.0248634589068313,-1,0,0.745,2021
2021-12-30,174.7078094482422,177.03137470215592,174.5999645211849,175.95292543158308,59773000,AAPL,62.67654499942943,4.846502538656978,5.0192500117770145,-0.1727474731200367,169.66498233523174,161.1491818393885,2022-01-06,-0.0347925015356362,-1,0,0.79,2021
2021-12-31,174.09014892578125,175.71760635907094,173.7862114626908,174.59994765921613,64062300,AAPL,61.38290042001087,4.618160943861454,4.939032198193903,-0.3208712543324488,170.08642677242693,161.65667074473723,2022-01-07,-0.0304103575614427,-1,0,0.775,2021
2021-01-04,209.2731781005859,214.37786849670263,206.50452649503688,213.9260395286076,37130100,MSFT,48.90809269493663,2.026993781225116,2.060436059775651,-0.033442278550535,210.74985044996052,207.76008097899108,2021-01-11,-0.0009189257806475,0,-1,0.345,2021
2021-01-05,209.47506713867188,210.07110531569015,207.36013129036323,208.85981280700352,23823000,MSFT,49.29444942476743,1.675781575632925,1.983505162947106,-0.3077235873141808,210.62844251555208,207.82733533819425,2021-01-12,-0.0136302335681159,0,0,0.375,2021
2021-01-06,204.04348754882812,208.1195559024271,203.74547585042015,203.96657893813935,35930700,MSFT,40.43524811265237,0.948229691427798,1.7764500686432445,-0.8282203772154464,210.00130394729263,207.678949150376,2021-01-13,0.0192698370962909,0,0,0.46,2021
2021-01-07,209.84996032714844,210.8593657306565,205.44705579625224,205.7642836638974,27694500,MSFT,50.64662561365787,0.8305987822279235,1.5872798113601805,-0.756681029132257,209.98689026918368,207.76408684358276,2021-01-14,-0.0241421937627351,-1,0,0.62,2021
2021-01-08,211.12855529785156,212.05144408339615,208.63869919547895,210.2248973348111,22956200,MSFT,52.57464273710371,0.8309684802929098,1.4360175451467263,-0.6050490648538167,210.09562027191396,207.89602678296583,2021-01-15,-0.0317366627058925,-1,0,0.655,2021
2021-01-11,209.08087158203125,210.4459662866581,208.35024718461395,210.02297630264093,23031300,MSFT,49.25594815217375,0.6584404147764928,1.28050211907268,-0.6220617042961871,209.99897753954417,207.94249128489,2021-01-19,-0.0048275752346828,0,0,0.665,2021
2021-01-12,206.619873046875,208.70598440512015,205.0721366662714,208.12917712293333,23249300,MSFT,45.53566653305344,0.3194462875385966,1.0882909527658633,-0.7688446652272667,209.67715806405187,207.89062390300705,2021-01-20,0.0437817183909063,1,1,0.555,2021
2021-01-13,207.97537231445312,208.37913156857348,205.65854964000155,205.7450810056712,20087100,MSFT,47.87110416816892,0.1583431802782513,0.902301398268341,-0.7439582179900897,209.51508323075672,207.8939473701226,2021-01-21,0.039890684242569,1,0,0.515,2021
2021-01-14,204.78372192382812,209.0520545079318,204.51454911841776,207.5619813337417,29480800,MSFT,43.17644886224589,-0.2242862731554282,0.6769838639835872,-0.9012701371390156,209.06447739200163,207.7719777447777,2021-01-22,0.0606985951409708,1,1,0.68,2021
2021-01-15,204.42803955078125,206.216124616622,203.83201608510743,205.26441162063568,31746500,MSFT,42.674190392093074,-0.5498847376766491,0.43161014365154,-0.9814948813281892,208.622911883314,207.6408429136406,2021-01-25,0.0793791569645325,1,1,0.745,2021
2021-01-19,208.0715179443359,208.59063280969372,204.40883098056443,205.4855223569034,30480900,MSFT,49.193986410924865,-0.5080689079703689,0.2436743333271582,-0.7517432412975271,208.57039817483988,207.6577321305306,2021-01-26,0.073415015574382,1,1,0.655,2021
2021-01-20,215.66604614257812,217.05997996557417,208.88862656387897,209.28277771906545,37777300,MSFT,59.526838740367154,0.136314050297102,0.222202276721147,-0.0858882264240449,209.24617417176736,207.9717836604148,2021-01-27,0.038156303749357,1,0,0.715,2021
2021-01-21,216.2716522216797,217.5502302182983,213.82024372196176,216.0120875250749,30709400,MSFT,60.22158573921978,0.6879295133661003,0.3153477240501376,0.3725817893159626,209.91526731937805,208.29726870203305,2021-01-28,0.0620526403387597,1,0,0.835,2021
2021-01-22,217.21380615234375,221.17451935101673,217.06961165977887,218.30012022572993,30172700,MSFT,61.33359814898896,1.1874247964119888,0.4897631385225079,0.697661657889481,210.61036625585095,208.64693683733935,2021-01-29,0.0265986218508269,1,0,0.805,2021
2021-01-25,220.6553649902344,220.89569889665592,215.55067516485175,220.26121386318684,33152100,MSFT,65.16450960383537,1.839775654283528,0.7597656416747121,1.080010012608816,211.56703280198272,209.1178555884333,2021-02-01,0.0440899475619378,1,0,0.86,2021
2021-01-26,223.3470916748047,225.1255536536203,221.1840866719737,222.89526278959687,49169600,MSFT,67.84763928775354,2.544635285239366,1.1167395703876428,1.427895714851723,212.6889431708229,209.67586484672236,2021-02-02,0.0309043179143659,1,0,0.86,2021
2021-01-27,223.8950653076172,231.14354426779957,221.2417842146544,228.79788295270225,69870600,MSFT,68.38155611991365,3.111590040483378,1.51570966440679,1.595880376076588,213.75619289813665,210.2334805510712,2021-02-03,0.0433663116267788,1,0,0.805,2021
2021-01-28,229.69187927246097,233.25844035873672,226.0003545485376,226.50025310557368,49111200,MSFT,73.41155677268783,3.982749552009864,2.009117641927405,1.9736319100824589,215.27387731473897,210.99655501073352,2021-02-04,0.0128909771131995,0,0,0.705,2021
2021-01-29,222.99139404296875,228.8170849568112,222.40497878804445,226.86557502148287,42503100,MSFT,61.276937005867,4.085382831314604,2.424370679804845,1.6610121515097591,216.00887890790372,211.46694085513496,2021-02-05,0.0441456541154747,1,0,0.505,2021
2021-02-01,230.3840484619141,233.12386052530476,223.44320492555232,225.9715220038272,33314200,MSFT,67.63367074149986,4.708963868961376,2.881289317636151,1.8276745513252255,217.37794267495232,212.20878821226353,2021-02-08,0.0117673013963222,0,0,0.54,2021
2021-02-02,230.24948120117188,232.9412237789979,229.4611936474812,231.97028011673513,25916300,MSFT,67.41672274435214,5.133126394819584,3.3316567330728377,1.8014696617467465,218.6038034869732,212.9162663686913,2021-02-09,0.0177865196164517,0,0,0.51,2021
2021-02-03,233.6045684814453,235.6137565170039,230.00916778453657,230.3071941649005,27158100,MSFT,70.00050397451649,5.674592585359136,3.8002439035300974,1.8743486818290385,220.03244777216105,213.72757233389737,2021-02-10,-0.0007405854753408,0,0,0.455,2021
2021-02-04,232.65283203125,233.83528542530067,231.0762421746668,233.2777089960579,25296100,MSFT,68.34486951454127,5.9582285154203305,4.231840825908145,1.726387689512186,221.23438913016952,214.46973938085236,2021-02-11,0.0102476294564435,0,-1,0.425,2021
2021-02-05,232.8354949951172,233.8737392729773,231.1243186859083,232.8643338915451,18054800,MSFT,68.49886499438064,6.127121762410155,4.610897013208547,1.5162247492016083,222.33925635540265,215.1899650912157,2021-02-12,0.0115194814480297,0,-1,0.44,2021
2021-02-08,233.0950469970703,234.2582548729624,231.4992263607579,233.7487481721473,22211900,MSFT,68.73163531245696,6.210325784994893,4.930782767565816,1.2795430174290772,223.3636173688948,215.8921251659551,2021-02-16,0.0050727550725095,0,-1,0.44,2021
2021-02-09,234.3448181152344,235.29653111250357,232.04722627683623,232.51827140273497,23565000,MSFT,69.8855331545919,6.304438019694089,5.205513817991471,1.0989242017026184,224.4094460114033,216.61576018357388,2021-02-17,0.0040710971764463,0,-1,0.45,2021
2021-02-10,233.4315643310547,236.41169648849367,231.5761786225099,235.52726931906415,22186700,MSFT,67.91328035710275,6.233475075268075,5.411106069446792,0.8223690058212831,225.2686953751796,217.2752034834751,2021-02-18,0.0063068323657775,0,-1,0.53,2021
2021-02-11,235.03697204589844,235.67144246357017,232.78743534550657,235.3157529463643,15751100,MSFT,69.54060826682608,6.234907286086894,5.575866312774813,0.6590409733120817,226.1990074390576,217.97174342709957,2021-02-19,-0.0121273359235435,0,-1,0.61,2021
2021-02-12,235.51763916015625,235.81565088107703,233.3450110833193,234.49861099316243,16561100,MSFT,70.03069192056401,6.2033201294773335,5.701357076115317,0.5019630533620161,227.0864961744003,218.6598177695724,2021-02-22,-0.0405727053083132,-1,-1,0.6,2021
2021-02-16,234.27748107910156,236.6135341978641,233.5276404900709,235.5560591780429,26728500,MSFT,67.03387219373454,6.008949260944377,5.76287551308113,0.2460737478632468,227.77135187960997,219.2722751542598,2021-02-23,-0.0405937783097121,-1,-1,0.51,2021
2021-02-17,235.29885864257812,235.4048497088729,232.15769158186703,232.52384521135843,21653500,MSFT,68.23934014202707,5.869663750650915,5.784233160595087,0.0854305900558278,228.48825728560692,219.9007686243899,2021-02-24,-0.0395168238530594,-1,-1,0.5,2021
2021-02-18,234.90377807617188,235.0386744478953,232.08058447417395,232.98632355686053,16925600,MSFT,67.2154789900945,5.662129772894019,5.759812483054874,-0.0976827101608543,229.09925926566072,220.48912193622456,2021-02-25,-0.0607077625778403,-1,0,0.47,2021
2021-02-19,232.1865997314453,234.97125810430992,231.4253871453351,234.86526703672257,25262600,MSFT,60.4930128734462,5.218251263984996,5.651500239240899,-0.4332489752559025,229.3932916909735,220.94784655564496,2021-02-26,-0.035647561038843,-1,0,0.52,2021
2021-02-22,225.96205139160156,229.2573898424661,223.9289607877012,228.7659847524381,36446900,MSFT,48.52108237338913,4.314470783866625,5.384094348166045,-1.0696235642994196,229.06650690055716,221.14448203940796,2021-03-01,0.010362120136685,0,-1,0.37,2021
2021-02-23,224.76727294921875,226.27040833152452,220.3927484877867,221.9344340967485,30228700,MSFT,46.61412609584213,3.4619029446793377,4.999656067468703,-1.5377531227893655,228.65705604804873,221.28655227116525,2021-03-02,0.0025720369946453,0,1,0.425,2021
2021-02-24,226.00059509277344,226.62689654449295,220.65289108022145,221.62607102742007,26339700,MSFT,48.84892699975134,2.852869475916691,4.570298749158301,-1.71742927324161,228.40405976659395,221.47141669554205,2021-03-03,-0.0298016869019507,-1,1,0.4,2021
2021-02-25,220.6432952880859,226.03916586725177,219.5737543187659,223.6206609287914,39542200,MSFT,40.84958544167048,1.9158322213735344,4.039405443601348,-2.1235732222278134,227.66493934006937,221.43894134623005,2021-03-04,-0.0098695864662979,0,1,0.465,2021
2021-02-26,223.9097137451172,226.79071832129495,221.1732210595006,223.09069051024048,37819200,MSFT,46.59225714776454,1.420422372120015,3.515608829305082,-2.0951864571850667,227.30729880721677,221.53583438148053,2021-03-05,-0.0033565153736022,0,1,0.45,2021
2021-03-01,228.30349731445312,228.8141775442121,224.65163525341808,227.30139726551224,25324000,MSFT,53.177374010504565,1.366594856188982,3.085806034681862,-1.71921117849288,227.402174855525,221.8012329278716,2021-03-08,-0.0403056443020223,-1,1,0.425,2021
2021-03-02,225.3453826904297,228.65036608626744,224.94069354651947,228.37092841617996,22812500,MSFT,48.81361041698947,1.0728736146549522,2.68321955067648,-1.610345936021528,227.2062898874207,221.94021919306996,2021-03-09,-0.000384812403107,0,1,0.385,2021
2021-03-03,219.2653961181641,225.0659701891596,218.97632822975632,223.69773120014003,34029500,MSFT,41.31012355713512,0.345510481025542,2.2156777367462928,-1.8701672557207507,226.45001429034863,221.83532417052464,2021-03-10,0.0213570468073374,1,1,0.47,2021
2021-03-04,218.46563720703125,224.01569334198643,216.08566807744373,218.47528211448403,44727800,MSFT,40.42975513260141,-0.2920967930026847,1.7141228307964973,-2.006219623799182,225.6895974252708,221.70317958372095,2021-03-11,0.0458696167814132,1,1,0.52,2021
2021-03-05,223.1581573486328,224.76728387858145,218.2055115699692,221.1539718405699,41872800,MSFT,47.49949143419341,-0.413985822122072,1.2885011002127835,-1.7024869223348555,225.4485078941624,221.76023753528617,2021-03-12,0.0179187635765951,0,1,0.51,2021
2021-03-08,219.10157775878903,224.86360116532185,218.85106011593192,222.93650165921431,35267400,MSFT,42.77355656821702,-0.8283669282045878,0.8651274945293093,-1.693494422733897,224.8440383574602,221.6559763675804,2021-03-15,0.0326312181990426,1,1,0.65,2021
2021-03-09,225.2586669921875,226.80035252533503,223.22557636286808,224.3914780689188,33080500,MSFT,50.77842832790505,-0.6524205975057669,0.5616178761222941,-1.214038473628061,224.8835267988628,221.7972583528591,2021-03-16,0.016810779057713,0,1,0.545,2021
2021-03-10,223.94825744628903,228.36131758416903,223.58210379343052,228.36131758416903,29746800,MSFT,49.2010063319706,-0.6116700104771837,0.3269602988023985,-0.9386303092795822,224.7944535271891,221.88161125848384,2021-03-17,0.0198777338706122,0,1,0.65,2021
2021-03-11,228.486572265625,230.45220741847595,225.7693547309097,226.39567093202945,29907600,MSFT,54.4755577025567,-0.2107415021689576,0.2194199386081273,-0.4301614407770849,225.1460838832306,222.14062933719524,2021-03-18,-0.0270314815665666,-1,0,0.51,2021
2021-03-12,227.15687561035156,227.22433115664796,224.72872588794664,225.48029358968563,22653700,MSFT,52.74743566302718,-0.0002947801012282,0.1754769948662562,-0.1757717749674845,225.3375878572421,222.33734487731903,2021-03-19,-0.0229054931522925,-1,0,0.51,2021
2021-03-15,226.25112915039065,226.61728278402177,223.3604797125114,226.3956704438466,26034900,MSFT,51.54787492613845,0.0923352108108019,0.1588486380551653,-0.0665134272443633,225.4245917899229,222.49082661351792,2021-03-22,0.0050253601494618,0,1,0.54,2021
2021-03-16,229.04544067382812,231.30977399345045,227.3399533273557,227.66755674681707,28092200,MSFT,54.9515901460803,0.3867643541550194,0.2044317812751362,0.1823325728798832,225.76943454077104,222.7478703021575,2021-03-23,-0.0005470756170156,0,0,0.72,2021
2021-03-17,228.39984130859375,229.8548109365538,224.7287188718051,227.54228256273657,29562100,MSFT,54.00759837453012,0.5615340828629201,0.275852241592693,0.285681841270227,226.01994947103984,222.96951622397856,2021-03-24,-0.0066654365205874,0,0,0.765,2021
2021-03-18,222.31024169921875,225.6537611426552,221.93445781348467,224.08317004716395,34833000,MSFT,45.98343626264128,0.2062826583635626,0.2619383249468669,-0.0556556665833042,225.66664396896164,222.9436623210468,2021-03-25,0.0070213278255051,0,1,0.74,2021
2021-03-19,221.9537353515625,223.99645652681343,220.9901854081263,222.59931204935208,46430700,MSFT,45.556699271396106,-0.1028382821069726,0.188983003536099,-0.2918212856430716,225.31303362444743,222.9048416555769,2021-03-26,0.0266114440023208,1,1,0.795,2021
2021-03-22,227.38812255859375,228.26494170247523,221.75135034845343,221.8766165272664,30127000,MSFT,52.75432014632693,0.0896572628956278,0.1691178554080047,-0.0794605925123769,225.51066114198517,223.08065659295008,2021-03-29,-0.0031781409717336,0,0,0.54,2021
2021-03-23,228.92013549804688,232.26365407494552,228.42873045255337,228.83341955518355,31638400,MSFT,54.577429684430875,0.3616629840603309,0.20762688113847,0.1540361029218609,225.8353729854196,223.30965576569895,2021-03-30,-0.0241181642271859,-1,0,0.715,2021
2021-03-24,226.87745666503903,229.3248668420224,226.74256027264792,229.18034024396192,25620100,MSFT,51.71215892040155,0.4077026252564621,0.2476420299620684,0.1600605952943937,225.93461905014527,223.44956952645745,2021-03-31,0.0013163946859702,0,0,0.55,2021
2021-03-25,223.87115478515625,228.3034897022799,223.12923203238185,226.72326863404157,34061900,MSFT,47.73978407386495,0.1993084320689604,0.2379753103834468,-0.0386668783144864,225.73809864395585,223.46610228170053,2021-04-01,0.0430833132264876,1,1,0.52,2021
2021-03-26,227.86024475097656,228.0818717832289,223.10995145759244,223.10995145759244,25479900,MSFT,52.90896481171093,0.351983310097836,0.2607769103263247,0.0912063997715112,225.94020779700543,223.63842159422117,2021-04-05,0.0532392949356825,1,0,0.65,2021
2021-03-29,226.6654510498047,228.16858632441057,223.4279232650373,227.96623440547395,25227500,MSFT,51.27311292351581,0.3722779955244277,0.2830771273659453,0.0892008681584823,226.0092785829863,223.75712863169505,2021-04-06,0.0536474300100835,1,0,0.49,2021
2021-03-30,223.3990020751953,225.32610146009205,222.67633980585904,225.01775850125983,24792000,MSFT,46.99516465820915,0.1233644776359881,0.2511345974199539,-0.1277701197839658,225.76068082033953,223.7430844530088,2021-04-07,0.0778520692724797,1,1,0.69,2021
2021-03-31,227.17611694335935,230.38473920948553,223.91931425170063,224.4203642125562,43623500,MSFT,51.98401715240976,0.2282492097691033,0.2465575198897838,-0.0183083101206804,225.89548426062711,223.8777131781206,2021-04-08,0.0741401218440305,1,0,0.53,2021
2021-04-01,233.51626586914065,233.9883957926477,229.3729993926236,229.77768848531585,30338000,MSFT,58.96564554575168,0.8135895927303807,0.3599639344579032,0.4536256582724774,226.6212729852475,224.255695636592,2021-04-09,0.0557048148156376,1,0,0.9,2021
2021-04-05,239.99136352539065,240.84892228709435,233.85354110259084,233.91135174004893,36910600,MSFT,64.6231130358727,1.7794499383669231,0.6438611352397072,1.135588803127216,227.8946149414516,224.87278065183895,2021-04-12,0.0274622309126979,1,0,0.83,2021
2021-04-06,238.82546997070312,240.30933029268616,237.8811952203503,238.5845825046108,22931900,MSFT,62.9404333481115,2.42289374396617,0.999667656985,1.4232260869811708,228.93564875376128,225.4199449388533,2021-04-13,0.0428870000164838,1,0,0.865,2021
2021-04-07,240.79107666015625,241.7835317265148,238.17986507093792,238.77726121114537,22719800,MSFT,64.61335414559989,3.0562055925946936,1.4109752441069388,1.6452303484877548,230.0647371257989,226.02273441812005,2021-04-14,0.0227691368655105,1,0,0.85,2021
2021-04-08,244.01898193359375,244.8765406502119,242.8145447078603,243.55648215564096,23625200,MSFT,67.22952790197317,3.7750582525910374,1.8837918458037584,1.8912664067872789,231.39371282177936,226.7284696148053,2021-04-15,0.0246791713971485,1,0,0.76,2021
2021-04-09,246.5242462158203,246.65914261285144,243.23853754925665,243.65285694635057,24326800,MSFT,69.13668804630055,4.495091438890114,2.4060517644210297,2.089039674469084,232.8347160021642,227.504774579551,2021-04-16,0.0191123377737096,0,0,0.665,2021
2021-04-12,246.58206176757812,248.2779190241467,245.33907414633367,245.42580481248447,27148700,MSFT,69.18126343164977,5.012605957197536,2.927362602976331,2.085243354221205,234.14398702744177,228.2529034888854,2021-04-19,0.0110582907106075,0,0,0.575,2021
2021-04-13,249.06797790527344,249.74247452603697,247.46848171177655,247.88283047292305,23837500,MSFT,71.11314009074668,5.5592490357195175,3.4537398895249685,2.105509146194549,235.56531949199712,229.06918091697904,2021-04-20,-0.0008897918319633,0,0,0.59,2021
2021-04-14,246.273681640625,249.3955734788499,245.8593622976913,248.0948048163931,23070900,MSFT,66.09756555320538,5.701270560051455,3.903246023630266,1.798024536421189,236.58516350615216,229.74386721986716,2021-04-21,0.0195235477631929,0,0,0.6,2021
2021-04-15,250.04116821289065,250.45548756154315,248.33569568609872,248.52838799920875,25627500,MSFT,69.24693220823657,6.048109480206762,4.332218714945565,1.7158907652611963,237.8666877639368,230.53983980782888,2021-04-22,-0.008978868103873,0,1,0.47,2021
2021-04-16,251.23590087890625,251.4864331721897,248.21037057512424,250.0122035332503,24878600,MSFT,70.19256105394784,6.34623135989429,4.73502124393531,1.61121011595898,239.13994615583863,231.35145004591033,2021-04-23,0.0015726089456686,0,1,0.495,2021
2021-04-19,249.308837890625,251.94898404216053,248.4223886409264,250.70599670606256,23209300,MSFT,66.63350537601497,6.353755085827686,5.058768012313785,1.2949870735139006,240.10841203534213,232.05566133393836,2021-04-26,0.0108605921252995,0,1,0.57,2021
2021-04-20,248.8463592529297,250.7156480558065,247.47810571688024,248.4223950251512,19722900,MSFT,65.77159419911436,6.250349394753329,5.2970842888016945,0.9532651059516342,240.9405974846362,232.7141200758596,2021-04-27,0.0143650555434793,0,1,0.53,2021
2021-04-21,251.08181762695312,251.17817849708285,247.87320942861808,249.5016110966203,24030400,MSFT,67.93090962345397,6.27643165073107,5.49295376118757,0.7834778895434997,241.90642797438065,233.43442194060836,2021-04-28,-0.0231023006037472,-1,-1,0.52,2021
2021-04-22,247.79608154296875,252.23803140664785,246.32183702164951,250.72525136767769,25606200,MSFT,61.76338001797949,5.963230179048452,5.587009044759746,0.3762211342887056,242.4673473618652,233.99762427795585,2021-04-29,-0.0181202524895373,0,-1,0.385,2021
2021-04-23,251.63099670410156,251.97788988464308,247.89241918659303,248.4801997906317,21462600,MSFT,65.67989819958376,5.955806529711708,5.660768541750139,0.2950379879615692,243.34007587064963,234.68912907898115,2021-04-30,-0.0343479966422671,-1,-1,0.425,2021
2021-04-26,252.0164794921875,252.87405306842192,250.68680525189995,252.1224852781677,19763300,MSFT,66.05626747502932,5.912868604868265,5.711188554373765,0.2016800504945006,244.1664000250818,235.36863301675396,2021-05-03,-0.037048460198235,-1,-1,0.415,2021
2021-04-27,252.42105102539065,253.59658253261347,250.63847865879595,252.04525262475255,31014200,MSFT,66.47184331015146,5.844118175176732,5.737774478534359,0.1063436966423729,244.95255726320644,236.03735529160247,2021-05-04,-0.0541279742938652,-1,0,0.435,2021
2021-04-28,245.28125,247.18908930860349,243.72993413735392,246.74583520127024,46903100,MSFT,53.92448812629373,5.154097464131667,5.621039075653821,-0.4669416115221541,244.9838613333773,236.3998609664416,2021-05-05,-0.0317803969852847,-1,0,0.49,2021
2021-04-29,243.3059539794922,246.76510892515492,239.92389948451503,246.14843764309805,40589000,MSFT,51.053253662579195,4.3971733217723,5.376265924877517,-0.979092603105217,244.8240606330073,236.67068814342397,2021-05-06,-0.0110095771800829,0,1,0.56,2021
2021-04-30,242.98797607421875,243.8551796963924,240.50203058408832,240.63692696496827,30945100,MSFT,50.586309380824936,3.7286655901951633,5.046745857941047,-1.3180802677458834,244.64919543693216,236.91842492502377,2021-05-07,0.0011104301181954,0,1,0.605,2021
2021-05-03,242.67965698242188,245.0789013145946,241.9666248264187,244.1635172283056,19626600,MSFT,50.10775124248521,3.137818800694305,4.6649604464916985,-1.5271416457973936,244.4616203460264,237.14435559394136,2021-05-10,-0.018581820939228,0,1,0.655,2021
2021-05-04,238.7580108642578,242.0533642895755,236.80200584495051,241.82210703263627,32756100,MSFT,44.35943816157045,2.3263081635885783,4.197229989911075,-1.8709218263224967,243.91841944300083,237.2076361927773,2021-05-11,-0.0062958047886385,0,1,0.66,2021
2021-05-05,237.48611450195312,240.40566914745548,236.85981302850183,239.98170489353652,21901300,MSFT,42.650495128999424,1.562536778964784,3.670291347721817,-2.107754568757033,243.30581897242485,237.2185569107842,2021-05-12,-0.0303079114540131,-1,1,0.56,2021
2021-05-06,240.62725830078125,240.7525244644463,235.77097436595255,237.4668165156734,26491100,MSFT,47.98050994251871,1.1969092817561773,3.175614934528689,-1.978705652772512,243.05071795607785,237.35223147509785,2021-05-13,-0.0268287102622057,-1,1,0.565,2021
2021-05-07,243.25779724121097,245.0307254048169,242.0148097235258,242.95908444287628,27032900,MSFT,52.00350814509834,1.1066525623050438,2.7618224600839603,-1.6551698977789164,243.0704397927572,237.5838222894552,2021-05-14,-0.0170719206320003,0,1,0.465,2021
2021-05-10,238.17022705078125,242.55438148087032,238.11241641652208,241.7257280837489,29299900,MSFT,44.78901790891474,0.6174811280306187,2.332954193673292,-1.715473065642673,242.6037528649499,237.60681855460527,2021-05-17,-0.0080912443579629,0,0,0.525,2021
2021-05-11,237.2548370361328,237.6113604206807,233.72825633008125,235.6360806074667,33641600,MSFT,43.61654002551398,0.1541677680655198,1.8971969085517375,-1.743029140486218,242.0943323098245,237.59301535780244,2021-05-18,-0.0127926178936894,0,0,0.66,2021
2021-05-12,230.2884063720703,235.47230909481863,229.39231209908553,233.34285752909457,36684400,MSFT,35.91178341115946,-0.766310589929958,1.3644954088553989,-2.1308059987853567,240.96995841099076,237.30656010346,2021-05-19,0.0195872949045601,0,0,0.63,2021
2021-05-13,234.17153930664065,236.64786969451256,232.6202233246452,232.98637700443453,29624300,MSFT,42.056080475980814,-1.1689846181951111,0.8577994034452967,-2.026784021640408,240.32248992486217,237.18361811142788,2021-05-20,0.0165374681380308,0,0,0.52,2021
2021-05-14,239.10491943359375,240.0973747275609,236.54188768459636,236.628603653365,23901100,MSFT,48.7753221142273,-1.0776022129114722,0.470719080173943,-1.548321293085415,240.20653083045565,237.25896326131675,2021-05-21,-0.0097277724668441,0,0,0.565,2021
2021-05-17,236.24313354492188,237.6017422952167,234.64365204657955,237.563206772258,24970200,MSFT,45.48062103587597,-1.2220165564390015,0.132171952851354,-1.3541885092903556,239.8290644223096,237.21912680185028,2021-05-24,0.025202245383961,1,0,0.605,2021
2021-05-18,234.2197265625,237.4283497007553,234.046279923959,237.2934532941592,20168000,MSFT,43.25581983923942,-1.4826469659892323,-0.1907918309167632,-1.2918551350724692,239.2948417689944,237.10150326305225,2021-05-25,0.0379347020526099,1,0,0.6,2021
2021-05-19,234.79913330078125,234.90536910405467,230.4338423981237,231.1195341620732,25739800,MSFT,44.0990937270883,-1.6237278380419014,-0.4773790323417909,-1.1463488057001103,238.866679057736,237.01121424492396,2021-05-26,0.0344274124767445,1,0,0.605,2021
2021-05-20,238.0441436767578,239.4638336631731,235.51381868114396,235.61040204566228,21800700,MSFT,48.69745868781265,-1.4568960372868105,-0.6732824333307948,-0.7836136039560156,238.7883423547857,237.05172128146648,2021-05-27,0.0114815837814024,0,0,0.67,2021
2021-05-21,236.77896118164065,239.83081250942357,236.36368516969955,239.09682910535156,21863100,MSFT,47.07166325003206,-1.4105107965645516,-0.8207281059775462,-0.5897826905870054,238.59697271924807,237.04102480696352,2021-05-28,0.0183953699895589,0,0,0.595,2021
2021-05-24,242.19699096679688,242.56399008801017,239.0389034036192,239.30931915507537,21411500,MSFT,54.1336469309338,-0.9258873824071544,-0.8417599612634679,-0.0841274211436864,238.939831599967,237.2432195583295,2021-06-01,-0.0134781134459069,0,0,0.645,2021
2021-05-25,243.1047821044922,244.09952875789503,242.23559086406956,243.15307378152696,17704300,MSFT,55.21192335450253,-0.4632288630955088,-0.766053741629876,0.3028248785343672,239.3364935527789,237.47308475621827,2021-06-02,-0.0175590623090531,0,0,0.645,2021
2021-05-26,242.88265991210935,244.28303013741075,242.16798140161825,242.82470105729857,17771600,MSFT,54.87200281457272,-0.1131873050431693,-0.6354804543125347,0.5222931492693654,239.67422368223896,237.6852249584101,2021-06-03,-0.0229828595567234,-1,0,0.725,2021
2021-05-27,240.7772674560547,242.87299660699057,240.71932333687093,242.57360883350705,24426200,MSFT,51.6274770427166,-0.0055998722368428,-0.5095043378973964,0.5039044656605535,239.77927547022145,237.8064815269452,2021-06-04,0.00593634342209,0,0,0.835,2021
2021-05-28,241.1345977783203,243.4524656864336,241.01870954070753,242.4094273382653,18270200,MSFT,52.144669553501195,0.1072610751538434,-0.3861512552871484,0.4934123304409918,239.90835378527845,237.93699588974425,2021-06-07,0.0165413560478433,0,0,0.8,2021
2021-06-01,238.93263244628903,242.6894950870054,238.50770399689975,242.63155096829556,23213300,MSFT,48.68991057339934,0.0188071917776255,-0.3051595658741937,0.3239667576518192,239.81542794346993,237.97604046058913,2021-06-08,0.0208974071839602,1,0,0.76,2021
2021-06-02,238.83609008789065,240.73866745632935,237.42605251919264,239.6376848701333,19406700,MSFT,48.53807187741543,-0.0584099954893986,-0.2558096517972347,0.197399656307836,239.72215767151,238.0097678969539,2021-06-09,0.0254346276938906,1,0,0.725,2021
2021-06-03,237.3005218505859,237.9089499261885,234.6832657769733,236.8272869148477,25307700,MSFT,46.07678865470841,-0.2407376227287159,-0.2527952459835309,0.012057623254815,239.49152568856485,237.9819543265081,2021-06-10,0.0469251421401624,1,0,0.76,2021
2021-06-04,242.20660400390625,243.03717074440968,239.03886451374223,239.28030816230077,25281100,MSFT,54.08733209390585,0.0105249222657732,-0.2001312123336701,0.2106561345994433,239.7501045757402,238.14762686287665,2021-06-11,0.02831070784991,1,0,0.78,2021
2021-06-07,245.123291015625,245.3937067711973,241.2601919513884,241.42437189323203,23079200,MSFT,58.07483243639249,0.4399332883983788,-0.0721183121872603,0.5120516005856391,240.261836617634,238.4211823198472,2021-06-14,0.0239550185503349,1,0,0.92,2021
2021-06-08,243.9257049560547,247.24797203542897,243.86774609965053,246.4270577067104,22455000,MSFT,55.92704325184439,0.6758169290391436,0.0774687360580204,0.5983481929811231,240.61077645938835,238.63704595263965,2021-06-15,0.0229243681077999,1,0,0.6,2021
2021-06-09,244.91079711914065,246.78440235278245,244.54381276226331,245.1232687272785,17937600,MSFT,57.325119366676184,0.931507282390868,0.2482764453245899,0.6832308370662779,241.0203022365076,238.8830754101495,2021-06-16,0.0149453530157426,0,0,0.93,2021
2021-06-10,248.43588256835935,248.6483541882724,244.98807443895856,245.5868500569572,24563600,MSFT,61.97369808022857,1.402422412363194,0.4791056387323107,0.9233167736308832,241.72654798239824,239.25769529870675,2021-06-17,0.0142279940649181,0,0,0.955,2021
2021-06-11,249.0636444091797,249.6430856341291,247.82742453434344,249.16019829793524,18999700,MSFT,62.751846728659075,1.8054688586193492,0.7443782827097185,1.0610905759096307,242.4253190706631,239.6422423226469,2021-06-18,0.0059715848574692,0,0,0.935,2021
2021-06-14,250.99522399902344,251.0531681285007,248.01095396540737,249.0733121276695,19150500,MSFT,65.11718050819616,2.2547569663161937,1.0464540194310137,1.20830294688518,243.24150049241177,240.0874572903479,2021-06-21,0.0105426864235471,0,0,1.0,2021
2021-06-15,249.51754760742188,251.0917651488653,248.86082785795656,250.8792935272023,18038900,MSFT,61.87984071339939,2.46319076342877,1.329801368230565,1.133389395198205,243.83921926526983,240.4572647537626,2021-06-22,0.0276746225718063,1,0,0.86,2021
2021-06-16,248.57107543945312,251.66153652750884,245.71237609134732,250.52192955390896,27220000,MSFT,59.82815194002206,2.522920992628542,1.5684252931101603,0.9544956995183816,244.2898722342397,240.7754534081034,2021-06-23,0.030654950776392,1,0,0.845,2021
2021-06-17,251.9706268310547,252.79154126464425,247.2480036211231,247.30594774837823,27565500,MSFT,64.39458218568866,2.812156229164941,1.8171714803211167,0.9949847488438244,245.0213726720316,241.2144798168466,2021-06-24,0.0221925596617047,1,0,0.98,2021
2021-06-18,250.5509490966797,253.32271805483876,249.89422930673348,250.74411584577345,37202200,MSFT,61.26270976280758,2.893467022806959,2.0324305888182854,0.8610364339886738,245.54799899818855,241.58061586703613,2021-06-25,0.0215473017319558,1,0,0.615,2021
2021-06-21,253.64138793945312,254.50091200752743,249.0925978254597,250.9275636710257,26696100,MSFT,65.2273811715832,3.1707288112912124,2.2600902333128707,0.9106385779783416,246.31879794497567,242.0535873208564,2021-06-28,0.0231886122555007,1,0,0.925,2021
2021-06-22,256.4228515625,256.69326730119366,253.41927690151593,253.72833188091008,24694100,MSFT,68.36554907604864,3.573706184605527,2.522813423571402,1.0508927610341248,247.28108876569223,242.61708787935223,2021-06-29,0.022183730867517,1,0,0.985,2021
2021-06-23,256.1910095214844,257.6976154925299,255.37976241962147,256.88636839066703,19518700,MSFT,67.81616571976153,3.8302086796897754,2.784292474795077,1.0459162048946986,248.12965264719628,243.1493985319849,2021-06-30,0.0212238025927034,1,0,0.96,2021
2021-06-24,257.5625,258.68280237536817,256.38425349082917,257.0506405026698,21446900,MSFT,69.38355970448265,4.096929719085352,3.046819923653132,1.0501097954322205,249.028019061749,243.71461819739727,2021-07-01,0.0184107268790949,0,0,0.91,2021
2021-06-25,255.94964599609375,258.1033345712172,255.69856457106025,257.1182548119853,25611100,MSFT,65.352759553331,4.130549818367626,3.263565902596031,0.8669839157715953,249.6872216269247,244.19442320911085,2021-07-02,0.0476567308432926,1,0,0.885,2021
2021-06-28,259.5229797363281,259.69681210956895,256.80915517490627,257.07957091320475,19590000,MSFT,69.57060970252019,4.394870823369644,3.4898268867507536,0.90504393661889,250.62396049448697,244.7955430729233,2021-07-06,0.0332690933460049,1,0,0.875,2021
2021-06-29,262.11126708984375,262.3527107827182,258.8083338762617,259.66785809687894,19937800,MSFT,72.20961717088173,4.758348997103326,3.743531308821268,1.014817688282058,251.71798969404472,245.47459107358685,2021-07-07,0.0314295421209469,1,0,0.68,2021
2021-06-30,261.62835693359375,262.0726050373481,260.37286162916007,261.42555250170005,21656500,MSFT,70.97287743693067,4.950376397141355,3.9849003264852856,0.9654760706560692,252.6618341930494,246.1080720877048,2021-07-08,0.0240681308073054,1,0,0.575,2021
2021-07-01,262.3044128417969,262.5361893370135,260.3728634533788,260.3825011586097,16725300,MSFT,71.70353914564434,5.0983410548381585,4.2075884721558605,0.890752582682298,253.58017501673964,246.74322270551232,2021-07-09,0.0233431694537096,1,0,0.575,2021
2021-07-02,268.1473693847656,268.48539646198327,263.17363502118866,263.4826900331081,26458000,MSFT,77.0746394535179,5.622271823642677,4.490525142453224,1.131746681189453,254.96752686131356,247.58260100665953,2021-07-12,-0.0011887347776223,0,0,0.385,2021
2021-07-06,268.1570739746094,269.80854087321734,264.91205484296137,268.51440598750753,31565600,MSFT,77.08242034045661,5.969461574760345,4.786312428914648,1.1831491458456966,256.22367420543696,248.38944308383404,2021-07-13,0.0119569075623442,0,1,0.525,2021
2021-07-07,270.34930419921875,271.0833024012596,267.66445171709097,269.83744478808626,23260000,MSFT,78.83033630325465,6.348327049254294,5.098715352982578,1.2496116962717163,257.56897230008286,249.2506141079668,2021-07-14,0.0092167048245552,0,1,0.56,2021
2021-07-08,267.9252624511719,269.1904251024168,265.46251898624683,267.4230406840095,24618600,MSFT,72.26691985467662,6.3794425146203935,5.354860785310141,1.0245817293102526,258.55528564780565,249.9829532586807,2021-07-15,0.0130124297002918,0,1,0.44,2021
2021-07-09,268.42742919921875,268.53365027178893,265.89710413753784,266.2834081325927,23916700,MSFT,72.77266789689561,6.37117941451362,5.558124511150837,0.813054903362783,259.49548979555925,250.7062660406626,2021-07-16,0.010110131732878,0,-1,0.635,2021
2021-07-12,267.82861328125,270.19474331558087,267.1139200511895,269.60563496956865,18931700,MSFT,71.10741176042967,6.244330651292728,5.695365739179215,0.5489649121135125,260.2891206037203,251.3777306383327,2021-07-19,-0.0011177948380439,0,-1,0.63,2021
2021-07-13,271.3634033203125,273.16939741010935,267.89627546044187,268.0218014221307,26120100,MSFT,74.7766099547542,6.355764806856314,5.827445552714636,0.5283192541416781,261.3438141957767,252.16148250821428,2021-07-20,-0.0059079832785202,0,-1,0.63,2021
2021-07-14,272.8410339355469,273.95166900294385,270.94809420573137,272.68650643884115,23113700,MSFT,76.14065936446178,6.488514068335348,5.959659255838779,0.5288548124965695,262.4387875043262,252.97244530928617,2021-07-21,-0.0039293302186521,0,-1,0.65,2021
2021-07-15,271.41162109375,272.8409780406265,270.2526798424339,272.3484235878521,22604200,MSFT,72.07981104677462,6.404549484469442,6.048637301564912,0.3559121829045297,263.2933430842713,253.69555024201023,2021-07-22,0.0181833800784743,0,-1,0.625,2021
2021-07-16,271.1412658691406,274.3766172336164,269.89540816708495,272.4160956352856,26186800,MSFT,71.30520102119024,6.244212148885197,6.087752271028969,0.1564598778562276,264.0407643018779,254.37969595287808,2021-07-23,0.031772168895559,1,-1,0.62,2021
2021-07-19,267.52923583984375,270.77422440288206,265.056855180452,269.3835065978364,32935600,MSFT,61.75632628636786,5.759293468823898,6.022060510587956,-0.2627670417640573,264.37299968644606,254.89536418373947,2021-07-26,0.043464145707279,1,1,0.415,2021
2021-07-20,269.76019287109375,271.3537152113503,266.80492468426036,268.5143352713567,26259700,MSFT,64.8842587319549,5.491706534302068,5.915989715330778,-0.4242831810287102,264.8860657040316,255.4782986420671,2021-07-27,0.025848628124073,1,1,0.395,2021
2021-07-21,271.7689514160156,271.8848396458678,267.7996321780763,269.3545150504272,24364300,MSFT,67.46458886791478,5.37971794776962,5.808735361818547,-0.4290174140489267,265.54157862898245,256.1171477704572,2021-07-28,0.0171288526808397,0,0,0.46,2021
2021-07-22,276.3468017578125,276.6172175095201,273.7198932527501,274.1255021437583,23384100,MSFT,72.43555906587011,5.59585491780615,5.766159273016068,-0.1703043552099172,266.57064749839486,256.91046753466725,2021-07-29,0.0012579328952269,0,1,0.345,2021
2021-07-23,279.7560119628906,280.06503751333383,276.6944927399731,277.53471213835513,22768100,MSFT,75.44448057030674,5.973382361769097,5.807603890766674,0.1657784710024232,267.8263964950135,257.8063712377348,2021-07-30,-0.0164324490607388,0,-1,0.57,2021
2021-07-26,279.15716552734375,279.77527548305756,276.8296744343283,279.10888858153703,23176100,MSFT,73.91811374565722,6.153322012616513,5.876747515136642,0.2765744974798716,268.9055173552354,258.64365728830774,2021-08-02,-0.0146341778044131,0,-1,0.59,2021
2021-07-27,276.7331237792969,279.66905799664846,273.2659957297597,279.52419766900096,33604100,MSFT,67.92730900204921,6.0308061920673595,5.907559250522786,0.1232469415445738,269.65100368133653,259.3530481310916,2021-08-03,0.0020239323131221,0,-1,0.505,2021
2021-07-28,276.4240417480469,280.2195293269949,274.11582601839666,279.09922711416823,33566900,MSFT,67.17967246531978,5.841434761029518,5.894334352624132,-0.0528995915946142,270.29605492578514,260.0224988611683,2021-08-04,0.0010133736842785,0,1,0.435,2021
2021-07-29,276.6944274902344,278.74186496050413,276.2887891833402,276.443316658676,18168300,MSFT,67.51649696798219,5.648067006618419,5.84508088342299,-0.1970138768045712,270.90542374144695,260.6762999838768,2021-08-05,0.0105411845051404,0,1,0.415,2021
2021-07-30,275.158935546875,276.84904165412877,274.1931606284443,275.41004645706266,20944800,MSFT,63.529165367840754,5.309713231964395,5.738007353131271,-0.4282941211668767,271.31052010386867,261.24424647654337,2021-08-06,0.0159698851249854,0,1,0.49,2021
2021-08-02,275.0719299316406,276.95517272658464,274.02887685382683,276.55920160196104,16267400,MSFT,63.30104306694372,4.977171071895214,5.58584009688406,-0.6086690249888465,271.66874961127553,261.7865085728217,2021-08-09,0.0123236586843573,0,1,0.49,2021
2021-08-03,277.293212890625,277.39946342817643,274.2800006972531,275.65141366890487,17879000,MSFT,66.59865699539397,4.837108805641549,5.436093838635558,-0.5989850329940092,272.20441278073736,262.39461462450026,2021-08-10,-0.0023681691998453,0,1,0.535,2021
2021-08-04,276.70416259765625,277.7471864708533,274.9078060448436,276.424079637782,16191300,MSFT,64.93240474131493,4.625259897819774,5.273927050472401,-0.6486671526526271,272.6329603823487,262.9557733685456,2021-08-11,0.0015356717218251,0,1,0.65,2021
2021-08-05,279.6111145019531,279.7173650578754,276.3081811316384,277.0614843102284,13900200,MSFT,69.04801246644551,4.638465493483636,5.146834739074649,-0.5083692455910125,273.2975464889777,263.6089240012282,2021-08-12,0.0010014955856594,0,1,0.57,2021
2021-08-06,279.5531921386719,279.591831386844,277.77616987319374,278.6357236746368,16589300,MSFT,68.87456021668683,4.59133116488465,5.03573402423665,-0.4444028593519995,273.89332226513903,264.23418941838287,2021-08-13,0.0117112802619188,0,1,0.57,2021
2021-08-09,278.4618225097656,281.57161840390836,277.9596302468189,279.83323563184877,16117600,MSFT,65.53409952455473,4.415018872481141,4.911590993885548,-0.496572121404407,274.32841752653206,264.79213581412336,2021-08-16,0.0217458513692105,1,1,0.59,2021
2021-08-10,276.63653564453125,279.3503604705102,275.43898432576697,278.91575002193525,18616600,MSFT,60.269235517237675,4.080961926249074,4.745465180358254,-0.6645032541091798,274.54823829967484,265.25662208198247,2021-08-17,0.0231811399358354,1,1,0.715,2021
2021-08-11,277.12908935546875,278.78055600328867,276.0763688920484,277.3801707605832,13955900,MSFT,61.17565882880056,3.812021743877097,4.558776493062022,-0.7467547491849258,274.7940336383219,265.7222090338839,2021-08-18,0.0151127093747516,0,1,0.685,2021
2021-08-12,279.8911437988281,280.04567127675176,276.5399046461844,276.81998754199003,14561300,MSFT,65.87693249477755,3.7782066079405463,4.4026625160377275,-0.6244559080971808,275.27947270122723,266.27785353446995,2021-08-19,0.0259763071864247,1,1,0.48,2021
2021-08-13,282.8271179199219,282.8753948641659,279.39860015858017,279.5724619986874,18249000,MSFT,70.03112443010797,3.942865544055394,4.310703121641261,-0.3678375775858669,275.9982960553886,266.92684429468375,2021-08-20,0.0412928630782314,1,0,0.455,2021
2021-08-16,284.5172119140625,284.7296835116026,280.09394760339165,283.15546614888757,22507600,MSFT,72.13419301572415,4.161761205284108,4.28091473836983,-0.119153533085722,276.8096213752623,267.6166626326986,2021-08-23,0.0360940506657685,1,0,0.53,2021
2021-08-17,283.0492858886719,283.38731298774286,281.1177361489637,282.3829283437338,20075300,MSFT,67.69103136411854,4.168733664844922,4.258478523664849,-0.0897448588199267,277.40387513844416,268.22186354469756,2021-08-24,0.0345274841646199,1,0,0.585,2021
2021-08-18,281.3172607421875,285.2748382977949,280.8721325602367,282.584845480042,21813000,MSFT,62.777542738965494,3.988522233557944,4.2044872656434675,-0.2159650320855233,277.7765785292769,268.7354085328344,2021-08-25,0.0387986640347728,1,1,0.59,2021
2021-08-19,287.16168212890625,287.83903054796286,279.2949260524418,279.34329542686044,29850500,MSFT,70.54657096105316,4.268099345495216,4.217209681613817,0.0508896638813984,278.6703979197178,269.45800749738623,2021-08-26,0.0078173470522058,0,0,0.68,2021
2021-08-20,294.505859375,295.9379527131224,288.4098434454515,290.01610191766974,40817600,MSFT,77.03354238665506,5.024362226667279,4.37864019062451,0.6457220360427689,280.17853710593516,270.4402761984691,2021-08-27,-0.0152448072446563,0,0,0.59,2021
2021-08-23,294.7865905761719,295.5123084404803,292.077255694568,293.4319231353699,22830200,MSFT,77.23989623687353,5.58201270258877,4.619314693017362,0.9626980095714082,281.56978029357674,271.3950336250457,2021-08-30,-0.003479555553577,0,0,0.47,2021
2021-08-24,292.822265625,295.75416411720346,292.22234368388376,295.14455649009165,18175800,MSFT,72.34192789699978,5.798607379042494,4.8551732302223884,0.9434341488201056,282.6414455632361,272.23531723288704,2021-08-31,-0.0024453893613473,0,0,0.47,2021
2021-08-25,292.23199462890625,294.7284503679531,290.6934767445652,294.447831273216,20006100,MSFT,70.88725533448718,5.855135922113618,5.055165768600634,0.7999701535129837,283.55483118853806,273.0195006601819,2021-09-01,-0.0005960823562755,0,0,0.485,2021
2021-08-26,289.4065246582031,292.63838377872025,289.2710727162614,291.24500350131405,17666100,MSFT,64.2294192378196,5.6073058550948645,5.165593785899481,0.4417120691953835,284.11213532850616,273.66212905226115,2021-09-02,0.0068876009369338,0,0,0.645,2021
2021-08-27,290.01617431640625,291.12893565694833,287.2197276707217,289.3097983902033,22605700,MSFT,64.99341165437218,5.397869098910121,5.212048848501609,0.1858202504085122,284.6744247559252,274.303464160659,2021-09-03,0.0047378528398178,0,0,0.755,2021
2021-08-30,293.7608642578125,294.3704718901261,291.31277757201053,291.37083262941843,16348100,MSFT,69.3269289123081,5.470987999231909,5.263836678647669,0.2071513205842396,285.5397999465811,275.06649945858663,2021-09-07,-0.0112323388970404,0,0,0.675,2021
2021-08-31,292.106201171875,294.64137014097446,291.73849949919145,294.56397325018554,26285300,MSFT,65.4702528808293,5.3339315296743735,5.27785564885301,0.0560758808213632,286.1651714918472,275.7347230551862,2021-09-08,-0.0055320163447883,0,0,0.795,2021
2021-09-01,292.05780029296875,295.3090307450356,291.72881183267793,293.0641370435522,18983800,MSFT,65.35572185102119,5.161904521536485,5.254665423389706,-0.0927609018532207,286.72637423481115,276.37484373117763,2021-09-09,-0.015174056832965,0,0,0.81,2021
2021-09-02,291.39984130859375,293.5382811968724,290.4612452351726,292.41586380657077,16285600,MSFT,63.72375708685217,4.915813647215771,5.186895068154919,-0.2710814209391481,287.17146633707614,276.96405932244886,2021-09-10,-0.018064133029065,0,0,0.82,2021
2021-09-03,291.3902282714844,292.80295066862675,290.5387146525383,291.24506108634296,14747900,MSFT,63.69873033897744,4.66621988634364,5.082760031792663,-0.4165401454490229,287.57325318797217,277.52979143809733,2021-09-13,-0.0137810232738374,0,0,0.84,2021
2021-09-07,290.46124267578125,291.34178368779095,288.54536686307154,291.26438679344585,17180400,MSFT,61.19741100986903,4.343385810945051,4.9348851876231405,-0.5914993766780894,287.84829980585874,278.03690717290846,2021-09-14,-0.0012990350535636,0,0,0.89,2021
2021-09-08,290.4902648925781,290.87730841628627,287.83898574917305,290.0741938428301,15046800,MSFT,61.24860653150565,4.0432710191841466,4.756562353935342,-0.7132913347511955,288.09991552840347,278.5252741423073,2021-09-15,0.0153560564714929,0,0,0.81,2021
2021-09-09,287.6260986328125,292.3577919400871,287.3841927466621,291.08052177412657,19927000,MSFT,53.71627414607625,3.533580685610332,4.51196602027034,-0.9783853346600084,288.05479010977575,278.88216922036634,2021-09-16,0.026812182835908,1,0,0.625,2021
2021-09-10,286.1359558105469,290.2096722757966,285.8166530274544,288.75823692995704,19633400,MSFT,50.25357633782202,2.975110134331999,4.204594843082672,-1.2294847087506735,287.87204398603967,279.1666314395891,2021-09-17,0.0140677848782164,0,1,0.57,2021
2021-09-13,287.37457275390625,288.87440730860834,284.55878405189975,287.9164397003886,23652900,MSFT,52.96751743919483,2.6024646422385445,3.884168802913847,-1.2817041606753024,287.82466577345554,279.48851149113096,2021-09-20,-0.0090579598563826,0,0,0.535,2021
2021-09-14,290.08392333984375,291.63212719803187,288.4486368903836,289.86135925357155,21853400,MSFT,58.32353838055704,2.496978737713164,3.60673078987371,-1.1097520521605464,288.0398331607306,279.90401783813934,2021-09-21,-0.0166453631435373,0,0,0.65,2021
2021-09-15,294.9510498046875,295.4348616325164,292.0481788377142,293.4415592642238,28356300,MSFT,65.84767604705877,2.7741382884832433,3.440212289595617,-0.6660740011123738,288.69804426967886,280.494097523102,2021-09-22,-0.0204713813492787,-1,0,0.895,2021
2021-09-16,295.3379821777344,295.4250647304167,291.02239056642236,293.9252604405776,19550800,MSFT,66.36751871385479,2.9905383732501036,3.3502775063265147,-0.359739133076411,289.3304193085413,281.0762106468131,2021-09-23,-0.0185437867826178,0,0,0.95,2021
2021-09-17,290.1612548828125,294.6413564227662,289.8322664356044,294.3220536600285,41372500,MSFT,54.43043206810787,2.7130440870964208,3.222830822480496,-0.509786735384075,289.4095465060909,281.4324868913621,2021-09-24,-0.0017341179073967,0,0,0.64,2021
2021-09-20,284.77154541015625,289.0484536899997,280.14630689197935,286.73581966615035,38278700,MSFT,45.29572312312137,2.034767818506623,2.9852182216857215,-0.9504504031790986,288.9678321160019,281.56343036268737,2021-09-27,-0.0004413059827931,0,1,0.58,2021
2021-09-21,285.25537109375,287.90667933244595,284.5490248992898,286.1165701077649,22364100,MSFT,46.16908244801153,1.5187623313397012,2.6919270436165177,-1.1731647122768163,288.61426439959695,281.70821235214083,2021-09-28,-0.0382630267218757,-1,1,0.61,2021
2021-09-22,288.9129943847656,290.49991100417634,284.97478941737245,287.12291464027965,26626300,MSFT,52.36104908660204,1.3889529121150872,2.431332217316232,-1.0423793052011447,288.6427148743749,281.9907528240085,2021-09-29,-0.0488307877987147,-1,0,0.405,2021
2021-09-23,289.8612976074219,291.1579095731574,287.8970230543972,289.17429318047436,18604600,MSFT,53.84344148988664,1.3470699727964757,2.214479768412281,-0.8674097956158051,288.75877037276035,282.29940163904433,2021-09-30,-0.0588860491620758,-1,0,0.47,2021
2021-09-24,289.6580810546875,290.09349388254515,287.31641934995474,288.57434753265454,14999000,MSFT,53.459537412253226,1.282693472282574,2.0281225091863395,-0.7454290369037655,288.84441900913436,282.5879773024029,2021-10-01,-0.0342408947106026,-1,0,0.55,2021
2021-09-27,284.6458740234375,286.8713966997441,283.4556862535076,286.55209387487736,23571700,MSFT,44.947227493593374,0.8178042745462335,1.7860588622583184,-0.968254587712085,288.44455758192515,282.6686791346004,2021-10-04,-0.0375974721880214,-1,0,0.645,2021
2021-09-28,274.34063720703125,281.3655941145133,273.59557765271893,280.41731233941005,43186200,MSFT,33.23116946133308,-0.3778150341006494,1.353284082986525,-1.7310991170871743,287.1013270700305,282.3420892550879,2021-10-05,0.0184820360074102,0,0,0.75,2021
2021-09-29,274.8051452636719,277.4854524231116,273.84720719970346,275.86953729559986,26353700,MSFT,34.06544904714548,-1.2731934504982405,0.8279885762895719,-2.1011820267878125,285.9302621360916,282.046522824052,2021-10-06,0.0320772830979869,1,0,0.745,2021
2021-09-30,272.7925109863281,278.51114158071726,272.50220613254754,276.4597838772863,32343600,MSFT,32.18873520682517,-2.120743451845726,0.2382421706625123,-2.3589856225082384,284.679047740876,281.6836203990432,2021-10-07,0.0458637645830874,1,0,0.485,2021
2021-10-01,279.73992919921875,280.59144251092994,272.1827928520656,272.98590727634803,30086300,MSFT,43.71568903951185,-2.206400336752381,-0.2506863308204664,-1.9557140059319147,284.2086554988134,281.60739721473635,2021-10-08,0.0198894498434409,0,0,0.49,2021
2021-10-04,273.94390869140625,278.4336964592234,271.17651931432624,278.0950222865557,31350700,MSFT,37.92385232325291,-2.7107268786927534,-0.7426944403949238,-1.9680324382978296,283.2310605647746,281.3068682530371,2021-10-11,0.0392780379729773,1,0,0.445,2021
2021-10-05,279.4110107421875,280.99789815078844,274.8534821527337,274.8534821527337,24993000,MSFT,45.28726823332901,-2.6388409359490197,-1.121923739505743,-1.5169171964432766,282.8672462959568,281.2325208996705,2021-10-12,0.01426777081918,0,0,0.565,2021
2021-10-06,283.6201477050781,284.1233308910271,276.26623174874106,276.52747949792473,28002600,MSFT,50.186440497285815,-2.2166761696833532,-1.3408742255412651,-0.8758019441420881,282.9389511920636,281.326153323412,2021-10-13,0.0109174367701008,0,0,0.695,2021
2021-10-07,285.3038024902344,287.03585686969717,284.4039196983198,285.62310526075913,20430500,MSFT,52.0365170468511,-1.7263503879563586,-1.417969458024284,-0.3083809299320748,283.1641751252227,281.48213956524813,2021-10-14,0.0267933919039109,1,0,0.8,2021
2021-10-08,285.3038024902344,287.03585686969717,284.2490963906474,286.62944199586633,17685700,MSFT,52.0365170468511,-1.322518503264746,-1.3988792670723764,0.0763607638076304,283.3679491599857,281.6320086995613,2021-10-15,0.0317448109844702,1,0,0.835,2021
2021-10-11,284.7038879394531,288.322790569449,283.2717944538559,283.43630345045904,19298600,MSFT,51.249940128361295,-1.03891099648024,-1.3268856129539492,0.2879746164737091,283.4951814246969,281.7524745521061,2021-10-18,0.0443869807593959,1,0,0.73,2021
2021-10-12,283.3975830078125,285.8746968719073,282.8847437202349,285.777928613406,17974100,MSFT,49.49550001713361,-0.9090786025607828,-1.243324210875316,0.3342456083145333,283.4858863373746,281.8169886091926,2021-10-19,0.0524106723271478,1,0,0.645,2021
2021-10-13,286.716552734375,287.65514882778945,283.9878470364655,285.3618855710783,23416300,MSFT,53.82097088595984,-0.532237078111109,-1.1011067843224749,0.5688697062113657,283.79356885137463,282.0091283788076,2021-10-20,0.0374607988310538,1,0,0.65,2021
2021-10-14,292.94805908203125,293.45121274775926,288.18733774656533,289.5226631039349,27262900,MSFT,60.63746159547907,0.2661747317762888,-0.827650481102722,1.093825212879011,284.66542506381813,282.43810605344385,2021-10-21,0.0264575977345067,1,0,0.83,2021
2021-10-15,294.3607177734375,294.5929674786083,290.7901849252471,292.5512666692997,25384800,MSFT,62.006617478536874,1.0013684416090882,-0.46184669656036,1.4632151381694485,285.5887862742581,282.90565945422793,2021-10-22,0.0162717513414389,0,0,0.85,2021
2021-10-18,297.3410339355469,298.2312310200671,292.88995992436827,293.7414733301012,22729300,MSFT,64.78924402768672,1.8037093218844689,-0.0087354928713941,1.812444814755863,286.7080479562856,283.4717525711424,2021-10-25,0.0027335788976823,0,0,0.925,2021
2021-10-19,298.2506408691406,299.28597570650606,297.27333155744253,298.3667509795345,17682100,MSFT,65.61693396108174,2.4843301165534513,0.4898776290135749,1.9944524875398764,287.80734251941465,284.05131681812276,2021-10-26,0.0060993073113002,0,0,0.955,2021
2021-10-20,297.4571838378906,299.6730502203194,296.1992554003437,299.19889456122667,16537100,MSFT,64.19925898577674,2.925972854994314,0.9770966742097228,1.948876180784591,288.7263750259362,284.5770370934078,2021-10-27,0.0512670619099449,1,0,0.985,2021
2021-10-21,300.6987609863281,300.95032307705145,296.4411929336818,297.22499532528525,16918100,MSFT,67.30692372374864,3.4972321763832497,1.481123774644428,2.0161084017388218,289.86660226025924,285.20926155979686,2021-10-28,0.0437313520540383,1,0,0.98,2021
2021-10-22,299.1504821777344,301.0179884292561,297.8344988739321,300.35032585775446,17449300,MSFT,64.43013050733292,3.781436102411192,1.9411862401977809,1.840249862213411,290.7507813000188,285.7559760938336,2021-10-29,0.0726484491861976,1,0,0.965,2021
2021-10-25,298.1538391113281,299.3827103476736,296.53789484444036,299.3439971387141,17554500,MSFT,62.57603496711728,3.8815054169087944,2.3292500755399836,1.5522553413688107,291.4558344249054,286.24216680040206,2021-11-01,0.0689319906385987,1,0,0.895,2021
2021-10-26,300.06976318359375,302.28562966394617,298.6086715168423,300.9309624270938,28107300,MSFT,64.68022223410378,4.068510869451927,2.6771022343223723,1.391408635129555,292.27620859239954,286.78442548209586,2021-11-02,0.0742317002698957,1,0,0.935,2021
2021-10-27,312.7069396972656,315.5420698297333,305.769065317171,305.769065317171,52588700,MSFT,74.76048802959833,5.176754169606795,3.177032621379257,1.999721548227538,294.2219925071487,287.8009946670045,2021-11-03,0.0335115974470421,1,0,0.835,2021
2021-10-28,313.8487243652344,314.35187801269495,310.95550968613065,313.82935299410144,26297900,MSFT,75.44244654720107,6.07712414558199,3.757050926219804,2.3200732193621865,296.0912050650616,288.82247426301353,2021-11-04,0.0372743807366546,1,-1,0.43,2021
2021-10-29,320.88330078125,321.2510024364737,313.41324616991966,313.6358102058513,34766000,MSFT,79.17568811311946,7.27445003293036,4.460530747561916,2.8139192853684447,298.45235703803195,290.0797615774542,2021-11-05,0.0133890597395798,0,-1,0.505,2021
2021-11-01,318.7061767578125,320.7575340415981,315.8033059910529,320.63173825031396,27073200,MSFT,75.3574995207056,7.955952443850151,5.159615086819564,2.7963373570305876,300.38129224943964,291.202366094331,2021-11-08,0.0231348825914714,1,-1,0.495,2021
2021-11-02,322.3444519042969,322.6540985408013,319.31578533683205,319.615746287968,26487100,MSFT,77.32539618615198,8.689459729687997,5.86558401539325,2.823875714294746,302.47302174037844,292.42362436138853,2021-11-09,0.008465069576258,0,-1,0.905,2021
2021-11-03,323.1862487792969,324.05710402279703,319.9447041506054,323.08948052345784,21500100,MSFT,77.76777757498323,9.232271630504728,6.538921538415546,2.6933500920891804,304.4457100297993,293.63000178954184,2021-11-10,-0.0095805854619667,0,-1,0.895,2021
2021-11-04,325.5472412109375,325.6440094634268,318.8416176797241,322.112189719001,23992200,MSFT,79.00499248119186,9.740681813662889,7.179273593465015,2.5614082201978734,306.45537966609817,294.8816582374397,2021-11-11,-0.011918876831117,0,-1,0.905,2021
2021-11-05,325.17962646484375,327.8212498631309,323.59273891215867,327.55031640147575,22570100,MSFT,78.27458360308873,9.998678566435617,7.743154588059135,2.2555239783764796,308.2386412659787,296.0698138542007,2021-11-12,0.0019638710050391,0,-1,0.9,2021
2021-11-08,326.07940673828125,326.7180417387928,323.611978829984,326.3793676360108,20897000,MSFT,78.79141795060387,10.158645063310246,8.226252683109358,1.932392380200888,309.93776178715035,297.24666063396853,2021-11-15,-0.0027297222172827,0,-1,0.91,2021
2021-11-09,325.0731201171875,327.7534265278024,323.6990817817537,326.1955373686938,21307400,MSFT,76.59677606232059,10.087933328257977,8.598588812139083,1.4893445161188923,311.37922448524915,298.3378943391928,2021-11-16,0.010596981072843,0,-1,0.89,2021
2021-11-10,320.0899353027344,323.7959509246688,319.23845117930625,323.7378958601063,25500900,MSFT,66.69033567565839,9.52005117652834,8.782881285016934,0.7371698915114067,312.2088159916763,299.1909155534494,2021-11-17,0.0270265915522285,1,-1,0.83,2021
2021-11-11,321.6670837402344,322.963695729912,319.80926309484096,320.5252950592606,16849800,MSFT,68.0966850056683,9.09245106205043,8.844795240423634,0.247655821626795,313.1096033963009,300.07233391371545,2021-11-18,0.0284702070237079,1,-1,0.87,2021
2021-11-12,325.8182373046875,326.31173481669066,322.9831070912228,323.10890289071614,23831000,MSFT,71.50663218522855,8.984965204714456,8.872829233281799,0.1121359714326573,314.3199494828139,301.0819771839497,2021-11-19,0.0208414587222749,1,-1,0.91,2021
2021-11-15,325.1893005371094,326.9406970533868,323.2153399415336,326.61170854237946,16723000,MSFT,70.28096537434577,8.74818827856501,8.84790104233844,-0.0997127637734305,315.35512577369917,302.0273624134854,2021-11-22,0.0130379662612005,0,-1,0.895,2021
2021-11-16,328.5179138183594,329.6403607923408,324.64741923064287,324.81189871408384,20886800,MSFT,72.92593456216673,8.72851524172637,8.824023882216027,-0.0955086404896565,316.60872463509537,303.0662075666177,2021-11-23,-0.0035705941778236,0,-1,0.92,2021
2021-11-17,328.7408752441406,331.7169218037687,327.65515874144324,328.56639143125483,19053400,MSFT,73.0986420618372,8.631417731254487,8.78550265202372,-0.1540849207692325,317.7641675502425,304.07305727946175,2021-11-24,-0.0035682653308555,0,-1,0.935,2021
2021-11-18,330.82501220703125,331.968919377058,326.8020338448508,327.82958890843764,22463500,MSFT,74.72188532368997,8.623236388394503,8.753049399297877,-0.1298130109033746,319.00805751755576,305.12215355113113,2021-11-26,-0.0339611533591612,-1,-1,0.945,2021
2021-11-19,332.6087646484375,334.53787884560575,331.7266421326627,332.15317786384657,21963400,MSFT,76.05369139017643,8.660849646284248,8.734609448695151,-0.0737598024109029,320.3033629585921,306.20005986867255,2021-11-29,-0.0188860845345834,0,-1,0.935,2021
2021-11-22,329.4291076660156,338.96796943364063,329.15767856424117,334.07251261265543,31031100,MSFT,69.06808519339967,8.337971731260666,8.655281905208254,-0.3173101739475878,321.17248150215624,307.11100291954875,2021-11-30,-0.0271899267911489,-1,-1,0.885,2021
2021-11-23,327.34490966796875,329.060755723805,323.35101172103555,326.73418680630175,30427600,MSFT,64.86255059612175,7.823724273990479,8.4889703789647,-0.6652461049742211,321.7603318036622,307.90448945870247,2021-12-01,-0.0225065394495358,-1,-1,0.825,2021
2021-11-24,327.5678405761719,327.81018900994576,323.69026563578956,325.98772405459823,21661300,MSFT,65.10728473494464,7.3494482557125025,8.26106595431426,-0.9116176986017576,322.3134278772346,308.6756012672307,2021-12-02,-0.0249178688179882,-1,-1,0.825,2021
2021-11-26,319.5898132324219,327.58731389288937,318.07756092876355,324.11689632002157,24217200,MSFT,51.328952776633805,6.257686250942413,7.860390013639891,-1.6027037626974776,322.0540360063,309.10360957959114,2021-12-03,-0.0202317175403079,-1,-1,0.455,2021
2021-11-29,326.32708740234375,328.65362694624383,324.4949186520059,324.6888092738123,28563500,MSFT,59.18433499056667,5.8684508675870575,7.462002184429324,-1.5935513168422668,322.4609932821137,309.77904008244417,2021-12-06,-0.0310134043624076,-1,-1,0.57,2021
2021-11-30,320.4719543457031,327.44189947311935,318.9209180510821,325.0571985504791,42885600,MSFT,51.4174885095636,5.029541296421826,6.975510006827825,-1.9459687104059995,322.27156100245554,310.19837005355237,2021-12-07,0.0130976148020827,0,0,0.58,2021
2021-12-01,319.9775085449219,328.89594378590317,319.30865400622315,324.8729652307251,33337600,MSFT,50.81108318001382,4.275516283094191,6.435511262081099,-2.1599949789869077,322.05307981602374,310.5818656806649,2021-12-08,0.0148147505255831,0,0,0.55,2021
2021-12-02,319.4055480957031,323.2831232277246,317.76727023574,320.19075469325344,30766000,MSFT,50.07537038476231,3.5904056381494343,5.866490137294766,-2.276084499145332,321.800933937898,310.92789244203897,2021-12-09,0.0109565183659792,0,0,0.5,2021
2021-12-03,313.12396240234375,322.5173925388993,308.29636967858346,321.82910150534224,41779300,MSFT,42.75368040071054,2.5116265802392377,5.195517425883661,-2.6838908456444237,320.97455569641664,311.01401283263914,2021-12-10,0.0604622839981809,1,0,0.45,2021
2021-12-06,316.2065734863281,317.4280191700264,309.45960076174345,314.03514078957716,30032600,MSFT,46.85991309230957,1.8837130848127688,4.533156557669483,-2.6494434728567144,320.52046215259867,311.2176426621956,2021-12-13,0.0404978759261367,1,-1,0.52,2021
2021-12-07,324.66937255859375,325.5224142210023,319.9968875145801,321.4897621950075,31021900,MSFT,56.15751814038955,2.045386333934971,4.035602512922581,-1.9902161789876096,320.91559647697915,311.7451614816622,2021-12-14,-0.0196464514775491,0,-1,0.51,2021
2021-12-08,324.7178955078125,325.2316731225476,320.6755096835337,325.0474859037222,24761000,MSFT,56.20483248931517,2.152614940063188,3.6590049983507025,-1.5063900582875145,321.2777201942014,312.2538961493544,2021-12-15,-0.0009555131426053,0,-1,0.565,2021
2021-12-09,322.9051208496094,326.191350856802,321.9551041573975,324.17502451883644,22214200,MSFT,53.86602755410643,2.06748592722937,3.340701184126436,-1.2732152568970658,321.43271073281164,312.6715912356389,2021-12-16,-0.0246173431415217,-1,-1,0.61,2021
2021-12-10,332.05615234375,332.5020651973553,324.54335057908673,324.727537763227,38095700,MSFT,62.37708780370191,2.707225128362495,3.214005972973648,-0.506780844611153,322.4444670767105,313.43177010262366,2021-12-17,-0.0547089482994658,-1,0,0.695,2021
2021-12-13,329.01226806640625,333.26792128473744,328.70205493313443,330.253091015941,28899400,MSFT,58.510403822680104,2.9347767523867674,3.158160128856272,-0.2233833764695045,323.069971932872,314.042770022772,2021-12-20,-0.0574248910637289,-1,0,0.72,2021
2021-12-14,318.290771484375,324.3979704573752,314.19022487037,323.0214181808544,44438700,MSFT,47.37149534269219,2.224337109367525,2.9713955249585227,-0.7470584155909976,322.6148099853961,314.2093583153839,2021-12-21,-0.0031975832215377,0,-1,0.77,2021
2021-12-15,324.4076232910156,324.93110421678887,314.56828231856264,318.5524765632328,35381100,MSFT,52.882707135410755,2.1303302726672086,2.80318247450026,-0.6728522018330514,322.7855541097408,314.6092902752126,2021-12-22,-0.004332754572849,0,-1,0.755,2021
2021-12-16,314.9560546875,326.453081085924,313.1335895234271,325.4351997973671,35034800,MSFT,45.03509132158338,1.2784296399558457,2.4982319075913773,-1.2198022676355316,322.03988749809884,314.622888879616,2021-12-23,0.0301325132164396,1,-1,0.585,2021
2021-12-17,313.88970947265625,314.97545540950694,307.54019173672924,311.0590960634918,47750300,MSFT,44.23747685961779,0.5113525500097467,2.1008560360750512,-1.5895034860653046,321.2636800671043,314.5941367460098,2021-12-27,0.0575972788200287,1,0,0.46,2021
2021-12-20,310.1187744140625,312.92030711538064,307.8503964698501,310.2544741627499,28326500,MSFT,41.44222497910927,-0.3962764858188734,1.6014295316962663,-1.99770601751514,320.2022604811003,314.41863234083536,2021-12-28,0.0667062455987872,1,1,0.59,2021
2021-12-21,317.27301025390625,317.6995460339769,310.0122281683137,313.3954337685812,24740600,MSFT,48.13769810861688,-0.5321576122973966,1.1747121028975338,-1.7068697151949304,319.9232842689866,314.53056872958325,2021-12-29,0.0447919385956796,1,1,0.515,2021
2021-12-22,323.0020446777344,323.3994701251989,315.78004861655177,318.2519911161229,24831500,MSFT,52.792591385542146,-0.1755357190359063,0.9046625385108458,-1.080198257546752,320.2164995460102,314.862783472648,2021-12-30,0.0183674030489606,0,1,0.455,2021
2021-12-23,324.44647216796875,326.09445376045846,322.54646825855775,322.5658454879959,19617800,MSFT,53.91567014300371,0.2210942902221973,0.7679488888531161,-0.5468545986309188,320.61935408143484,315.2386144018763,2021-12-31,0.0048699793123467,0,1,0.34,2021
2021-12-27,331.9689025878906,331.9979832171421,325.16373950754667,325.19282013679816,19947000,MSFT,59.340754377463654,1.129404623962671,0.840240035875027,0.2891645880876439,321.70026346300205,315.8947041346612,2022-01-03,-0.0224848287228934,-1,0,0.75,2021
2021-12-28,330.8056335449219,333.2872793009484,329.9041044128956,332.64747584428596,15661500,MSFT,58.19976625242283,1.7353766754716844,1.0192673637943586,0.7161093116773258,322.567441566042,316.47944646447536,2022-01-04,-0.0358679681497114,-1,0,0.76,2021
2021-12-29,331.4842834472656,333.7623356344708,329.2837401781748,330.8541536931299,15042000,MSFT,58.698699099115935,2.2445020450691686,1.2643143000493209,0.980187745019848,323.41666460234904,317.06787144419263,2022-01-05,-0.0747774113551211,-1,0,0.81,2021
2021-12-30,328.93475341796875,332.62814190201897,328.4500564559301,331.4454801313024,15994500,MSFT,55.99468343220242,2.4144297591396366,1.494337391867384,0.9200923672722529,323.9421968705033,317.5332393647329,2022-01-06,-0.0749734611404482,-1,-1,0.485,2021
2021-12-31,326.0265197753906,328.973455535573,325.57090352022,328.14949449804215,18000800,MSFT,52.99569255298853,2.288053292873599,1.653080572068627,0.6349727208049718,324.14070381382595,317.8663091847587,2022-01-07,-0.0662464943911662,-1,-1,0.515,2021
2021-01-04,345.2739562988281,351.5092819858067,341.5571038998392,351.37819543116666,110210800,SPY,55.76697247588863,3.363648543717204,3.750216913998051,-0.3865683702808469,344.2666646066824,336.5125502466092,2021-01-11,0.0268445899955072,1,0,0.5,2021
2021-01-05,347.65203857421875,348.74744580773046,344.5811897244677,344.62801860513036,66426200,SPY,59.6704166433078,3.2406739083132265,3.6483083128610865,-0.4076344045478599,344.5890811750192,336.94939292612327,2021-01-12,0.0200359695368501,1,0,0.71,2021
2021-01-06,349.7304382324219,352.9417447610297,345.5829256357248,346.1353006445559,107997700,SPY,62.763272516079624,3.2731937660349786,3.573285403495865,-0.3000916374608864,345.0787342281052,337.45061038911535,2021-01-13,0.0167046728843109,0,0,0.64,2021
2021-01-07,354.9266357421875,355.675612190148,351.94004429848144,352.1179312049056,68766800,SPY,69.1360496422615,3.675882415843546,3.5938048059654015,0.0820776098781443,346.01662961039875,338.1359447166868,2021-01-14,-0.0016885297942362,0,0,0.765,2021
2021-01-08,356.9488525390625,357.1641682352384,353.0541127402017,356.32156271560956,71677200,SPY,71.20167341283774,4.1108052629844565,3.697204897369213,0.4136003656152436,347.05779369884294,338.87370580776036,2021-01-15,-0.0145832513999915,0,0,0.89,2021
2021-01-11,354.5426940917969,356.3121626841168,353.634545358418,353.7562604316976,51034700,SPY,65.57777364567542,4.2127657341764575,3.800317064730662,0.4124486694457956,347.77064135531475,339.4881759365461,2021-01-19,-0.0001056151176808,0,0,0.91,2021
2021-01-12,354.6175842285156,355.6380765572961,352.3612553180215,354.7299563854463,52547700,SPY,65.66866511945237,4.250614709872195,3.890376593758969,0.3602381161132264,348.4227311527625,340.08148606564293,2021-01-20,0.0135175151971465,0,0,0.935,2021
2021-01-13,355.57257080078125,356.57432017615855,353.7562732681172,354.54270695675297,45303600,SPY,66.86999696592284,4.30800967710951,3.973903210429077,0.3341064666804327,349.1036682620976,340.688979584668,2021-01-21,0.0117170448672185,0,0,0.935,2021
2021-01-14,354.32733154296875,356.8270904458733,353.9903008081656,356.3215157720566,49989100,SPY,63.73807134158796,4.20454779124924,4.02003212659311,0.1845156646561303,349.6011600031329,341.2238169163661,2021-01-22,0.0116789850100744,0,0,0.88,2021
2021-01-15,351.7433776855469,353.50347486868293,349.8709083416187,352.6983267651689,107160000,SPY,57.69906424526986,3.8694454613792,3.989914793550328,-0.1204693321711278,349.8051807347914,341.63634871123594,2021-01-25,0.0231301135257928,1,0,0.775,2021
2021-01-19,354.5052490234375,355.04828112745787,352.7264088801036,354.21501856397003,51233300,SPY,61.858787943138104,3.783124877052046,3.948556810250672,-0.1654319331986262,350.252806286091,342.1410114685772,2021-01-26,0.0135746547906121,0,0,0.77,2021
2021-01-20,359.4111328125,360.25373828155864,356.41517050960914,356.80837306175,61836100,SPY,67.89758823499596,4.063734808378513,3.9715924098762407,0.092142398502272,351.1250278600347,342.81827112912316,2021-01-27,-0.0246946129057675,-1,0,0.915,2021
2021-01-21,359.73883056640625,360.4035778093052,358.8119673084487,359.9728892534959,47840100,SPY,68.25909495509892,4.2634166573546395,4.029957259371921,0.2334593979827186,351.9453900225463,343.4818224796049,2021-01-28,-0.0172028623874505,0,0,0.93,2021
2021-01-22,358.46551513671875,359.6358084093018,357.49182313387803,357.8756827558788,52860500,SPY,65.18732225759015,4.269701585581913,4.07790612461392,0.1917954609679935,352.5663543191341,344.06941827007995,2021-01-29,-0.033456953475499,-1,0,0.905,2021
2021-01-25,359.8792419433594,360.2349871014211,354.327348891495,359.20515186913644,70402000,SPY,66.964860177567,4.338744034317244,4.130073706554585,0.2086703277626593,353.26281980715555,344.6894113553066,2021-02-01,-0.021228366482728,-1,0,0.92,2021
2021-01-26,359.3175354003906,361.2461766604668,359.0834767176473,360.8342310931091,42665300,SPY,65.53309822254668,4.29858424531966,4.1637758143076,0.1348084310120594,353.83945938746365,345.26306327864324,2021-02-02,-0.0058367009602503,0,0,0.92,2021
2021-01-27,350.5356140136719,356.06876414923863,348.2886565982593,355.97513497117694,123351100,SPY,48.18650996801611,3.5175811747106422,4.034536886388209,-0.5169557116775669,353.52480744710255,345.4698299741346,2021-02-03,0.0198712367400231,0,0,0.51,2021
2021-01-28,353.55029296875,357.57609050684005,351.9212538321037,352.361256685765,94198100,SPY,52.804860095646944,3.106084997006576,3.848846508511883,-0.7427615115053068,353.5272346396404,345.78671087588424,2021-02-04,0.02266766656861,1,0,0.535,2021
2021-01-29,346.47235107421875,352.6515052518927,344.7871116230642,351.67781325155534,126765100,SPY,43.09301957474947,2.1836685813270265,3.5158109230749117,-1.3321423417478853,352.85534096674314,345.81359872679934,2021-02-05,0.0476668000210689,1,-1,0.435,2021
2021-02-01,352.2395935058594,353.27880031449973,346.76261476483063,349.88963525233873,75817600,SPY,51.0009243544382,1.8961574686454128,3.1918802321890123,-1.2957227635435995,352.7966983514209,346.06559852205663,2021-02-08,0.0379554585279202,1,-1,0.65,2021
2021-02-02,357.2203063964844,358.7838307771095,352.32381763939856,355.4414663399572,64450700,SPY,56.60888186372163,2.0466126682906065,2.9628267194093314,-0.9162140511187248,353.2179943557127,346.503038046544,2021-02-09,0.0228018789626491,1,-1,0.48,2021
2021-02-03,357.5011901855469,359.2332299217936,356.21855334617453,358.0535651747562,52427100,SPY,56.908404227793866,2.16357413644738,2.802976202816941,-0.639402066369561,353.62591776807784,346.9343381304265,2021-02-10,0.0215528504219393,1,0,0.56,2021
2021-02-04,361.564453125,361.6112534277355,357.61354185359323,358.54040499201744,47142600,SPY,61.09243961409619,2.5546894341739517,2.7533188490883433,-0.1986294149143916,354.3819687544514,347.5080681302137,2021-02-11,0.0117041691650325,0,0,0.715,2021
2021-02-05,362.9875793457031,363.69912692297333,361.5177124523259,363.44635381760435,48669800,SPY,62.46701649875532,2.945531266988098,2.7917613326682944,0.1537699343198038,355.201550715523,348.1151077857231,2021-02-12,0.012715672287838,0,0,0.705,2021
2021-02-08,365.6090087890625,365.6558090937456,363.586738480656,364.4480583738054,38365200,SPY,64.92517554161597,3.427295948953997,2.9188682559254353,0.5084276930285618,356.1927371987172,348.80114311918743,2021-02-16,0.0045836172722564,0,0,0.75,2021
2021-02-09,365.3656005859375,365.96480452292707,364.354479656788,364.766396648948,35551100,SPY,64.5027435523406,3.746272228319526,3.0843490504042537,0.6619231779152726,357.06634323559535,349.45072968651095,2021-02-17,0.0054836581108057,0,0,0.805,2021
2021-02-10,365.2063598632813,367.266087297249,362.7908873012745,367.1162863409958,59154400,SPY,64.20841038979404,3.940786894068424,3.255636619137088,0.6851502749313361,357.8415829144226,350.0685975365804,2021-02-18,0.0016408344156078,0,0,0.835,2021
2021-02-11,365.7962646484375,366.7137849728556,363.3527057088948,366.292467914223,42913300,SPY,64.8483213397117,4.095333103438918,3.423575915997454,0.6717571874414641,358.59917165099546,350.6853687958689,2021-02-19,-0.0017404707930946,0,0,0.89,2021
2021-02-12,367.6032104492187,367.84661204525264,364.91619282989626,364.991107606842,50593300,SPY,66.80601969941662,4.313889677755185,3.6016386683490005,0.7122510094061845,359.4566991555881,351.3488135665885,2021-02-22,-0.0142880126904197,0,0,0.9,2021
2021-02-16,367.2848205566406,369.03560325119344,366.5639302035512,368.8389734144862,50972400,SPY,66.10738760558093,4.410563701213221,3.7634236749218446,0.647140026291376,360.20223452711696,351.9737550171788,2021-02-23,-0.0122352877050788,0,0,0.9,2021
2021-02-17,367.369140625,367.62191370338655,364.5042362118772,365.52475715839137,52290600,SPY,66.2081737796126,4.442769010501422,3.89929274203776,0.543476268463662,360.8847970126296,352.5774956292502,2021-02-24,-0.001580169118468,0,0,0.92,2021
2021-02-18,365.80560302734375,366.5545793175443,363.01561348886065,364.7476533030153,59712800,SPY,62.49695276174252,4.292644598187678,3.977963113267744,0.3146814849199342,361.3534452045072,353.0962449389794,2021-02-25,-0.0214731839023826,-1,0,0.85,2021
2021-02-19,365.15960693359375,367.35976412082823,364.7102040065369,367.0695336590669,83241000,SPY,60.976154907194136,4.0745742779482725,3.99728534620385,0.0772889317444227,361.7159367977535,353.5693179583761,2021-02-26,-0.0247930099326817,-1,0,0.84,2021
2021-02-22,362.3508911132813,364.7757353991889,362.0793750679764,362.3789770095808,67414200,SPY,54.7391860434389,3.6332304655654752,3.924474370076175,-0.2912439045106998,361.7764086373275,353.9136933762155,2021-03-01,0.0065886139520279,0,0,0.555,2021
2021-02-23,362.7909851074219,364.1485369964713,355.95648249404564,360.13208170322883,107284100,SPY,55.50712436758712,3.2811511537944966,3.79580972681984,-0.514658573025343,361.8730349678127,354.2618224637138,2021-03-02,-0.0024777221611659,0,0,0.5,2021
2021-02-24,366.78863525390625,367.21932376060425,360.7031100835053,361.6955165178723,72433900,SPY,61.8406930686247,3.286814369604656,3.694010655376803,-0.4071962857721471,362.3411873760121,354.7530700241135,2021-03-03,-0.0264185746984132,-1,0,0.7,2021
2021-02-25,357.9505920410156,366.89165036320054,356.4994397180611,365.5153842430116,146670500,SPY,46.18708156603477,2.5487656998281523,3.464961664267073,-0.9161959644389208,361.92303543934577,354.8784630443842,2021-03-04,-0.0147253145428232,0,-1,0.49,2021
2021-02-26,356.106201171875,360.9933472345688,354.1120453484226,359.84179688986745,152701600,SPY,43.70101229093433,1.794345781526772,3.130838487719013,-1.336492706192241,361.3690512233962,354.92660963761915,2021-03-05,0.0085972202321249,0,-1,0.475,2021
2021-03-01,364.73828125,365.9928608201491,356.3028265082272,361.0027141509435,105348800,SPY,55.71520348095672,1.8714266405823423,2.878956118291679,-1.0075294777093369,361.68993027354895,355.3113810733988,2021-03-08,-0.0201753819358915,-1,-1,0.655,2021
2021-03-02,361.89208984375,365.1969964695726,361.3865152161949,364.9629378457279,79595300,SPY,51.79074753516912,1.6834442197929889,2.6398537385919414,-0.9564095187989524,361.70918356594905,355.56944808400084,2021-03-09,0.001630057140544,0,-1,0.68,2021
2021-03-03,357.0986022949219,362.163606176086,356.995601634974,361.1899427947537,119940200,SPY,45.92375767181091,1.1345935247405237,2.3388016958216578,-1.204208171081134,361.270080587756,355.62941491580165,2021-03-10,0.0213937520505012,1,-1,0.535,2021
2021-03-04,352.6796569824219,359.51415952389016,348.1669984353763,356.9114279493684,183433000,SPY,41.281105148544384,0.3391439977080495,1.9388701561989363,-1.5997261584908868,360.4519450062956,355.5137381341005,2021-03-11,0.0446772136493003,1,0,0.43,2021
2021-03-05,359.167724609375,360.2256743979512,348.8785143397938,356.19984802170217,152039600,SPY,49.37367715725495,0.2296303157420425,1.5970221881075577,-1.3673918723655152,360.329638301827,355.6570317213662,2021-03-12,0.0271877258010904,1,0,0.365,2021
2021-03-08,357.3795471191406,362.9594984977383,357.0986881092653,360.1320797023925,123149200,SPY,47.43336084146362,-0.0014345091303198,1.2773308486599824,-1.2787653577903022,360.0486772368093,355.7245813448083,2021-03-15,0.0384837241227251,1,1,0.445,2021
2021-03-09,362.48199462890625,365.04726851627913,360.7405832620537,361.2461579907032,113633600,SPY,53.09740394426655,0.224580993633424,1.0667808776546708,-0.8421998840212468,360.2804217503423,355.9895779441847,2021-03-16,0.0225739425028688,1,0,0.38,2021
2021-03-10,364.73828125,366.4422351649294,363.41821554059374,364.8412819184215,109899400,SPY,55.386595374361235,0.5790880155026912,0.9692423052242748,-0.3901542897215837,360.7049797979288,356.33266434833433,2021-03-17,0.0197135246538078,0,-1,0.37,2021
2021-03-11,368.4364013671875,370.42121414973377,366.76053343144366,367.2193078146035,86245000,SPY,58.92520056104836,1.1452431215804495,1.0044424684955098,0.1408006530849397,361.4413056616677,356.80732070201486,2021-03-18,-0.005209259993685,0,0,0.725,2021
2021-03-12,368.93267822265625,369.0731077265132,366.2550604437224,367.0695801377111,64653600,SPY,59.39070082232491,1.6153497701222932,1.1266239288208666,0.4887258413014266,362.15476971509514,357.28282491851064,2021-03-19,-0.0083853453822283,0,0,0.76,2021
2021-03-15,371.1328430175781,371.394987620494,367.0321299942643,369.1854586202437,73427200,SPY,61.47519551492947,2.1407701220491617,1.3294531674665258,0.811316954582636,363.0098243153316,357.82596288317995,2021-03-22,-0.0063929942906507,0,0,0.775,2021
2021-03-16,370.6646423339844,372.4621967582161,369.88755161919505,371.7506778939467,73722500,SPY,60.760439658639456,2.4906786609411142,1.5616982661614436,0.9289803947796706,363.7388546028224,358.3294405087017,2021-03-23,-0.0129682851198248,0,0,0.85,2021
2021-03-17,371.9285583496094,372.7337063739402,368.22104884168846,369.3726276607322,97959300,SPY,62.04340780706523,2.8372649344140655,1.816811599811968,1.0204533346020974,364.51882638823065,358.8627392475608,2021-03-24,-0.0213227562502281,-1,0,0.875,2021
2021-03-18,366.5171203613281,371.4229803734034,365.8336588383068,369.3258240760176,115349100,SPY,53.91540628175621,2.64479172015632,1.9824076238808384,0.6623840962754814,364.7091400999542,359.1629110559438,2021-03-25,-0.0012863411782465,0,-1,0.505,2021
2021-03-19,365.8390502929687,367.8021864072802,363.65046239302455,366.2147650487588,113624500,SPY,52.978842902043795,2.409762481650432,2.0678785954347574,0.3418838862156748,364.81675059452704,359.4247204377879,2021-03-26,0.01668886420827,0,-1,0.54,2021
2021-03-22,368.76019287109375,370.1503687335983,366.2992287259354,366.3555844952755,73778600,SPY,56.4857081245136,2.4311867029375662,2.140540216935319,0.2906464860022471,365.19231652562866,359.79081739595676,2021-03-29,0.0081256029899861,0,0,0.45,2021
2021-03-23,365.8577575683594,369.57738168580414,365.0687481292161,368.1214765299791,90686600,SPY,52.31111444056907,2.1887329296203575,2.1501787594723267,0.0385541701480307,365.2556918630316,360.0287366184039,2021-03-30,0.0134276164837972,0,-1,0.55,2021
2021-03-24,363.9980163574219,368.9105722991072,363.9510627601919,367.26679508326146,97588600,SPY,49.772817033260175,1.8254780199708307,2.0852386115720276,-0.2597605916011969,365.1359132434497,360.18439464738503,2021-03-31,0.0227340428038194,1,-1,0.535,2021
2021-03-25,366.045654296875,366.8440373087944,360.5976906558318,362.551453018549,116128600,SPY,52.50542824622333,1.683417763763373,2.004874442010297,-0.3214566782469239,365.22255524853784,360.4142479669729,2021-04-01,0.0279956353634274,1,-1,0.495,2021
2021-03-26,371.9444885253906,372.34838114983086,366.5998625618085,367.2010004061758,114409100,SPY,59.3641891331252,2.023495019849804,2.0085985575781984,0.0148964622716056,365.8627393701429,360.86641426338144,2021-04-05,0.0262132609313336,1,0,0.735,2021
2021-03-29,371.756591796875,372.6677150192703,368.9668663563611,370.460351679942,108107600,SPY,59.07155981480742,2.2518886293823357,2.057256571939026,0.1946320574433095,366.4240586488793,361.2934800490087,2021-04-06,0.0261252926516124,1,0,0.75,2021
2021-03-30,370.7703552246094,371.4466532028026,369.1641296106527,370.4791741597814,76262200,SPY,57.470222793103744,2.3264928005518186,2.1111038176615846,0.215388982890234,366.8379916560917,361.66512221275775,2021-04-07,0.0300458384663016,1,0,0.745,2021
2021-03-31,372.2731628417969,373.8418081671427,371.3150861152096,371.34326399936833,112734200,SPY,59.281572363624505,2.478312712661989,2.184545596661666,0.2937671160003234,367.3556270071112,362.0811238060534,2021-04-08,0.0307574274425679,1,0,0.74,2021
2021-04-01,376.2933349609375,376.3497193891843,374.01084056155815,374.2174879144972,99682900,SPY,63.731607269858216,2.8897145483189206,2.3255793869931165,0.5641351613258041,368.206837288428,362.6384654199705,2021-04-09,0.0271586925950375,1,0,0.785,2021
2021-04-05,381.6943664550781,382.2391771244886,378.8952676312016,378.9703991036064,91684800,SPY,68.6834129124984,3.609958219111832,2.5824551534168596,1.027503065694972,369.491363875728,363.3857556566414,2021-04-12,0.0129933884534074,0,0,0.765,2021
2021-04-06,381.4688415527344,382.52085387676425,380.79254382083144,381.1307070193759,62021000,SPY,68.2642996570097,4.115121977875333,2.888988518308554,1.2261334595667783,370.63207603544294,364.0948962800176,2021-04-13,0.0165962785033662,0,0,0.845,2021
2021-04-07,381.9104614257813,382.25799827421105,380.83967299184064,381.299921394875,55836300,SPY,68.6674931010391,4.499238508341875,3.211038516315219,1.2881999920266565,371.7062079773799,364.79354589357695,2021-04-14,0.0119530699011589,0,0,0.885,2021
2021-04-08,383.7233276367187,383.779683417226,382.22984212287975,383.1691433515985,57863100,SPY,70.33370603074482,4.893527242675759,3.547536261587327,1.3459909810884323,372.8506955639836,365.53589027566096,2021-04-15,0.0179916312001913,0,0,0.9,2021
2021-04-09,386.5129699707031,386.6820659409096,383.4790460028009,383.6011597225974,61104600,SPY,72.73633671733259,5.369211796301613,3.911871368530184,1.4573404277714288,374.15186455509973,366.3585208519371,2021-04-16,0.0140222184200446,0,0,0.91,2021
2021-04-12,386.65386962890625,386.9262462744944,385.30127392287335,385.9118138275653,56704900,SPY,72.85591300331643,5.691951384596734,4.267887371743495,1.4240640128532398,375.3425317049861,367.15441688240657,2021-04-19,0.008672698718235,0,0,0.87,2021
2021-04-13,387.7998046875,388.42914898249666,386.1654300883869,386.55054694574426,56551000,SPY,73.8600664430843,5.971358116458248,4.608581520686446,1.362776595771802,376.52893865570167,367.9640399335867,2021-04-20,-0.0016713064740737,0,0,0.425,2021
2021-04-14,386.4754638671875,388.8330902261772,385.93065315580645,387.7716753560826,61659900,SPY,70.60911807968581,6.016571437903622,4.890179504129882,1.12639193377374,377.47622677108126,368.6899781270613,2021-04-21,0.0112284180041295,0,0,0.445,2021
2021-04-15,390.6271362304687,390.8995415703954,388.57946675216493,388.6264203401687,60229800,SPY,74.41148064043763,6.3146176026265834,5.175067123829223,1.1395504787973607,378.7286943386419,369.55025883699886,2021-04-22,-0.0086565932842554,0,-1,0.455,2021
2021-04-16,391.9327392578125,392.54327916671264,390.4956098933959,391.9233370750753,82037300,SPY,75.48555827464914,6.580318769731775,5.456117453009734,1.1242013167220417,379.986222426182,370.4280031672269,2021-04-23,-0.0012461406547392,0,-1,0.715,2021
2021-04-19,390.0072021484375,391.44433168646464,388.67341063742913,390.9934855036764,78498500,SPY,70.76763752157531,6.559895712217497,5.676873104851286,0.8830226073662102,380.9406014473492,371.1958148919802,2021-04-26,0.0057801573050377,0,-1,0.81,2021
2021-04-20,387.1516723632813,389.89441499401704,385.6675608588842,388.78604678933874,81851800,SPY,64.34489715356864,6.241346545124429,5.7897677929059155,0.4515787522185137,381.5321320107713,371.8215347928155,2021-04-27,0.0129801817504489,0,-1,0.735,2021
2021-04-21,390.8149719238281,391.02161928936465,386.39084359782294,386.5317616792458,66793000,SPY,68.3175031357209,6.212873555278918,5.874388945380517,0.3384846098984013,382.416212002491,372.56637546462,2021-04-28,0.0031965704179022,0,-1,0.775,2021
2021-04-22,387.2456359863281,391.48189292118855,386.1748476885306,390.6459298873599,97582800,SPY,61.166498010757195,5.835030328274286,5.8665172219592705,-0.0314868936849848,382.8761571438088,373.14203273998106,2021-04-29,0.0188952630432102,0,0,0.67,2021
2021-04-23,391.4443359375,392.86268978837904,387.7341137471033,387.80924522331907,73209200,SPY,65.71299357290579,5.80744226529265,5.854702230625946,-0.0472599653332963,383.6921741717794,373.8597701202759,2021-04-30,0.0013435880740146,0,0,0.655,2021
2021-04-26,392.2615051269531,392.8344936841568,391.5100757388629,392.10183999795095,52182400,SPY,66.53420168548422,5.78483329356493,5.840728443213743,-0.0558951496488138,384.508300929415,374.58140678720446,2021-05-03,0.0014129088097716,0,0,0.64,2021
2021-04-27,392.1769714355469,392.75936217623746,391.031022986436,392.5620883130966,51303100,SPY,66.35714436632648,5.6944522572151755,5.81147320601403,-0.1170209487988547,385.2386505014276,375.2714289302767,2021-05-04,-0.0045506699748771,0,0,0.75,2021
2021-04-28,392.0642395019531,393.5765290480743,391.5945889925677,392.44935635947223,51238900,SPY,66.10450455176905,5.549754000332939,5.759129364877812,-0.209375364544873,385.88870659671574,375.9299705213229,2021-05-05,-0.0039530134323061,0,0,0.77,2021
2021-04-29,394.562744140625,395.18268619075656,391.1624793796037,394.8069715539103,78544300,SPY,68.92808408931,5.5724522716687375,5.721793946235997,-0.1493416745672595,386.7148054104214,376.66066752600136,2021-05-06,-0.0023566342785755,0,0,0.76,2021
2021-04-30,391.97027587890625,393.1350285519396,391.0685549910661,392.2802612456324,85527000,SPY,63.058347693785976,5.3199255030150425,5.641420257591807,-0.3214947545767641,387.2153264074199,377.2610443241545,2021-05-07,0.0115506114022005,0,0,0.85,2021
2021-05-03,392.8157348632813,394.3561737746238,392.317906422609,393.9710568804894,68128300,SPY,64.13111144254826,5.128894984982708,5.538915203069987,-0.4100202180872792,387.7486986413115,377.871032188434,2021-05-10,-0.0006217474404872,0,0,0.825,2021
2021-05-04,390.3923034667969,391.3128288285941,386.682081464695,390.8150004114941,101591200,SPY,58.855222461464045,4.727456091819249,5.37662338081984,-0.6491672890005908,388.00047052945297,378.3620624346443,2021-05-11,-0.003392567838263,0,0,0.89,2021
2021-05-05,390.514404296875,392.28029482456407,389.950817944286,392.045469566418,60162200,SPY,59.03806612042285,4.368804534141077,5.175059611484087,-0.8062550773430104,388.23989279301696,378.8386248606142,2021-05-12,-0.0248706352486047,-1,0,0.945,2021
2021-05-06,393.6329040527344,393.7643912958881,388.5700575548466,390.5895491108578,74321400,SPY,63.49951207484595,4.28679198902995,4.99740608699326,-0.71061409796331,388.75351291299006,379.41879267206986,2021-05-13,-0.020975127229289,-1,0,0.965,2021
2021-05-07,396.4977722167969,397.15529444702287,393.71744901179585,394.4031491281633,67733800,SPY,67.05004556037132,4.402221307354921,4.878369131065592,-0.4761478237106713,389.4910614181145,380.08855657578465,2021-05-14,-0.013124325617384,0,0,0.99,2021
2021-05-10,392.5715026855469,397.08013648406006,392.449388956533,396.8547133936928,81852400,SPY,58.6323638780251,4.129282932525712,4.7285518913576166,-0.5992689588319049,389.7844367769176,380.5780838742067,2021-05-17,-0.0057903650893365,0,0,0.93,2021
2021-05-11,389.06787109375,390.06352789101334,385.1697775574613,388.025260711126,116888000,SPY,52.32010196871496,3.588892991276566,4.500620111341407,-0.9117271200648408,389.7161924261397,380.91101670634566,2021-05-18,-0.0054802832792217,0,0,0.6,2021
2021-05-12,380.8020629882813,387.5462380172157,379.47764499537993,386.268802278505,134811000,SPY,41.08285772672065,2.465230789676184,4.0935422470083624,-1.6283114573321784,388.8672277177722,380.9067440115196,2021-05-19,0.0134430485613139,0,0,0.445,2021
2021-05-13,385.37640380859375,387.32076371119285,382.3142734498256,382.36125569780376,106394000,SPY,47.76861580926027,1.921679548564896,3.6591697073196694,-1.7374901587547735,388.53476829785046,381.0820247878754,2021-05-20,0.0121870311515333,0,-1,0.585,2021
2021-05-14,391.29400634765625,392.1487737157858,388.1003886122969,388.1285664962927,82201600,SPY,54.89877573968307,1.9459802938466169,3.3165318246250592,-1.3705515307784424,388.7975528740224,381.482494652965,2021-05-21,-0.0039367732856275,0,-1,0.57,2021
2021-05-17,390.2983703613281,391.11558637114666,388.2694766099181,390.1762853009676,65129200,SPY,53.57364595400384,1.8634189723648549,3.0259092541730186,-1.162490281808164,388.94048787281343,381.8282152689792,2021-05-24,0.0087841419274257,0,-1,0.67,2021
2021-05-18,386.9356689453125,390.8055846060212,386.7759751573817,390.5613571651362,59810200,SPY,49.24977785690481,1.5092489468794383,2.7225771927143025,-1.2133282458348642,388.74955273686095,382.02850757001187,2021-05-25,0.0152934260044161,0,-1,0.705,2021
2021-05-19,385.9212036132813,386.0996731004332,380.7268701153133,382.2203839636256,106467100,SPY,47.99137974914143,1.133639881087788,2.4047897303889996,-1.2711498493012114,388.4801861536629,382.1811623168067,2021-05-26,0.0199825777056312,0,-1,0.65,2021
2021-05-20,390.072998046875,391.3410603896987,386.6821345014875,386.8042195777378,78022200,SPY,53.25551975474284,1.157637577736125,2.155359299858425,-0.9977217221222996,388.631882524445,382.4906460709271,2021-05-27,0.0096559888692708,0,-1,0.445,2021
2021-05-21,389.7535705566406,392.81570107846534,389.2933222261304,391.5664146596628,76578700,SPY,52.812614435148355,1.1377653456585222,1.9518405090184443,-0.8140751633599221,388.7387099560827,382.7754666389943,2021-05-28,0.0122908566728354,0,0,0.44,2021
2021-05-24,393.726806640625,394.8069970407359,391.7636423558813,392.0078697849327,51376700,SPY,57.54256681973473,1.4261832520619464,1.8467090576271448,-0.4205258055651983,389.21376678318194,383.20493095278374,2021-06-01,0.0011931041324979,0,0,0.735,2021
2021-05-25,392.8532409667969,395.17331558281194,392.2708789333763,394.8163766164725,57451400,SPY,56.20852658851262,1.5662127460377633,1.7906097953092686,-0.2243970492715052,389.5603833720977,383.5832960513725,2021-06-02,0.0049971976261971,0,-1,0.435,2021
2021-05-26,393.6329040527344,394.14010598871914,392.4024219512265,393.4450323737221,43088600,SPY,57.16306665901428,1.720269231124519,1.7765416824723186,-0.0562724513477999,389.94824248453926,383.9773983259357,2021-06-03,-0.0007158937007168,0,0,0.73,2021
2021-05-27,393.8395385742187,395.1827321731997,393.5577310649017,394.666128070574,56707700,SPY,57.42792279410385,1.837848214246776,1.78880298882721,0.0490452254195659,390.3188421121278,384.3641489239076,2021-06-04,0.0078941777097749,0,0,0.69,2021
2021-05-28,394.5439758300781,395.6805219440084,394.3091505945031,395.41751882677187,58520200,SPY,58.37283747081712,1.9652187859439323,1.8240861482505544,0.1411326376933777,390.72123579955166,384.7633578221888,2021-06-07,0.0051187241253125,0,0,0.72,2021
2021-06-01,394.1965637207031,397.0614210345684,393.7550909916119,396.92053158170927,54216600,SPY,57.692732140477,2.0149011022130026,1.862249139043044,0.1526519631699583,391.0522194110899,385.1332874652678,2021-06-08,0.0062189978147457,0,0,0.72,2021
2021-06-02,394.81640625,395.6618001453896,393.8395537758683,394.8539863190647,49097100,SPY,58.61910611239633,2.080310285647329,1.9058613683639012,0.1744489172834276,391.410713395748,385.5130176136887,2021-06-09,0.003140520960098,0,0,0.74,2021
2021-06-03,393.3511047363281,394.4970532057338,391.01225420938147,392.4869637913171,58138800,SPY,55.52395357560832,1.9909594079238104,1.9228809762758832,0.0680784316479272,391.5955125710413,385.8203935792824,2021-06-10,0.0115575450048641,0,-1,0.515,2021
2021-06-04,396.9485778808594,397.2491610574459,393.416797218941,395.21086543113086,55938800,SPY,60.972369963738146,2.185244077556888,1.9753535965320843,0.2098904810248036,392.1053283148335,386.256792963658,2021-06-11,0.0040464477742383,0,0,0.775,2021
2021-06-07,396.56353759765625,397.1177218122766,395.6242364884295,396.939252308308,51555000,SPY,60.12342194865702,2.2818428807169653,2.0366514533690605,0.2451914273479047,392.5299196751023,386.6609790277364,2021-06-14,0.0072716392678371,0,0,0.785,2021
2021-06-08,396.6480712890625,397.5216144410657,394.8070491410869,397.4276785970966,47134300,SPY,60.2542638707659,2.338265224607312,2.096974207616711,0.2412910169906013,392.9221245907176,387.0526297046512,2021-06-15,0.0052098256231032,0,0,0.785,2021
2021-06-09,396.0563354492187,397.5686252497102,395.8309123396586,397.4934651030588,48436300,SPY,58.799850110107755,2.3086198689258595,2.139303339878541,0.1693165290473186,393.2206208629558,387.40571620443814,2021-06-16,0.001090771178922,0,0,0.765,2021
2021-06-10,397.8972778320313,398.8553831856693,395.9623200896522,397.2867379227703,51020100,SPY,61.88248293650475,2.4059401949390917,2.192630710890651,0.2133094840484406,393.6660167647725,387.8171499937555,2021-06-17,-0.0038713641918599,0,0,0.785,2021
2021-06-11,398.5548095703125,398.6675211051696,397.1552602371839,398.4515002184242,45570800,SPY,62.94880030961926,2.507222866009556,2.2555491419144325,0.2516737240951237,394.13161607958585,388.2382346830323,2021-06-18,-0.0189308539979496,0,0,0.785,2021
2021-06-14,399.44720458984375,399.5505139540411,397.4183107251022,398.6675686055371,42358500,SPY,64.40421114637101,2.6291912524118857,2.3302775640139233,0.2989136883979624,394.63786260437234,388.67780213035826,2021-06-21,-0.0071090525343022,0,0,0.765,2021
2021-06-15,398.7145385742187,399.6350353003225,397.831593252923,399.5974838955145,51508500,SPY,62.24246974830833,2.6363419441882456,2.3914904400487877,0.2448515041394579,395.02611745864345,389.07139963796067,2021-06-22,3.3677563960887724e-05,0,0,0.8,2021
2021-06-16,396.48834228515625,399.0808222895135,394.4312994104029,398.85539921615816,80386100,SPY,56.08275111929488,2.4343122472309915,2.4000548014852288,0.0342574457457627,395.1653769659304,389.3622601339291,2021-06-23,0.0044362240833488,0,-1,0.615,2021
2021-06-17,396.35687255859375,397.3431272132893,393.86773046301494,396.0750937044504,90949700,SPY,55.73197864349372,2.2377978084961683,2.3676034028874167,-0.1298055943912484,395.2788527366602,389.6365586603866,2021-06-24,0.010713420618176,0,-1,0.62,2021
2021-06-18,391.00982666015625,393.7521096496632,390.80250323301783,393.0547621033666,118676300,SPY,43.74743223928278,1.631786563361345,2.2204400349822024,-0.5886534716208573,394.87227882461224,389.6904123074363,2021-06-25,0.0281740410423794,1,0,0.46,2021
2021-06-21,396.6075134277344,396.7959997339808,391.961616444382,392.7814772345062,72822000,SPY,54.723959150671035,1.5849346853746624,2.0933389650606946,-0.5084042796860322,395.0375392630048,389.96167117489904,2021-06-28,0.0157060211056681,0,-1,0.52,2021
2021-06-22,398.72796630859375,399.5666932189536,395.8725734012798,396.5982199999014,57700300,SPY,58.06230885675262,1.6993183761901491,2.0145348472865856,-0.3152164710964364,395.38900850544184,390.30544745465176,2021-06-29,0.0108480964933805,0,0,0.72,2021
2021-06-23,398.2472534179687,399.6136784463433,398.16244321005354,398.8032506202832,49445400,SPY,57.03559090317784,1.7312223093297234,1.9578723396952131,-0.2266500303654899,395.6612223066349,390.61689082576225,2021-06-30,0.0129199251542135,0,0,0.685,2021
2021-06-24,400.6032104492187,401.0272615121453,400.15086055645696,400.40531995318634,45110300,SPY,60.703178994901144,1.9244288314125129,1.9511836380386731,-0.0267548066261604,396.1318878440238,391.0085112031527,2021-07-01,0.012538312356412,0,0,0.765,2021
2021-06-25,402.0261535644531,402.47850343231465,401.027239437026,401.35707608490594,58129500,SPY,62.77030092006239,2.167381781480003,1.9944232667269397,0.1729585147530636,396.69324648406473,391.44057560947823,2021-07-02,0.0166662959755929,0,0,0.73,2021
2021-06-28,402.8366394042969,403.0062598324487,401.3477010477857,402.55393869071054,53159600,SPY,63.9340221638292,2.3976841679707377,2.075075446975699,0.3226087209950385,397.27833152408687,391.88748007202014,2021-07-06,0.0127728084322671,0,0,0.75,2021
2021-06-29,403.0534057617187,403.86383366669776,402.51624563364214,403.22302619406673,35970500,SPY,64.2558293903181,2.5680883777168333,2.173678033123926,0.3944103445929072,397.82833859433754,392.32535951083185,2021-07-07,0.0158053294045832,0,0,0.79,2021
2021-06-30,403.392578125,404.07108849814654,402.56328447349097,402.5915545407483,64827900,SPY,64.78529216540241,2.699386469857018,2.2788197204705445,0.4205667493864733,398.3582661686863,392.75936808393647,2021-07-08,0.0066815358749279,0,0,0.755,2021
2021-07-01,405.6260986328125,405.7863148923217,404.0900241663064,404.1559972589853,53441000,SPY,68.13284660487642,2.949665682614466,2.412988912899329,0.5366767697151369,399.0504406890793,393.2639457525199,2021-07-09,0.0118253272980228,0,0,0.755,2021
2021-07-02,408.7264404296875,409.0845471406086,405.7108322146403,406.7945852899978,57697700,SPY,72.09786581693892,3.359459674324853,2.6022830651844338,0.7571766091404193,399.9719644738992,393.87031809280097,2021-07-12,0.0077470957537391,0,0,0.74,2021
2021-07-06,407.98199462890625,408.9997747180713,405.2302784805173,408.78301833118127,68710400,SPY,69.85047008887516,3.5828529125048476,2.7983970346485165,0.7844558778563311,400.7348244886618,394.42371717264825,2021-07-13,0.0061441028834847,0,0,0.765,2021
2021-07-07,409.4237976074219,409.7065270611616,406.6438115789658,408.6699099153933,63549500,SPY,71.69098530722133,3.832061494407754,3.005129926600364,0.8269315678073892,401.56234573806745,395.01195562107074,2021-07-14,0.0040970486059219,0,0,0.81,2021
2021-07-08,406.0878601074219,406.85118082823294,402.8837651580208,404.07116572771594,97595200,SPY,62.225858529039726,3.717525494537881,3.147609040187868,0.5699164543500133,401.9933471065774,395.4463048166139,2021-07-15,0.0088879373205366,0,0,0.8,2021
2021-07-09,410.4227600097656,410.7243266256325,405.8899428637395,407.60507063763464,76238600,SPY,68.11662750311501,3.9312283302166406,3.304332898193622,0.626895432023018,402.7961483354525,396.0336167849728,2021-07-16,-0.009597632728674,0,0,0.855,2021
2021-07-12,411.8928833007813,412.147342728554,409.9044876366531,410.33797169574194,52889600,SPY,69.83471092672569,4.171133796425295,3.477693077839957,0.6934407185853377,403.66250404643614,396.6555488052006,2021-07-19,-0.0277065721580931,-1,0,0.89,2021
2021-07-13,410.4886779785156,412.6090194308368,410.22481441480784,411.10121531294743,52911300,SPY,66.16709698099191,4.199543252260753,3.622063112724117,0.5774801395366365,404.31261584949135,397.1980244590561,2021-07-20,-0.0103995325812197,0,0,0.88,2021
2021-07-14,411.1012268066406,412.6844369921227,409.8478820337302,412.19438410369895,64130400,SPY,66.98172883401998,4.222807624150221,3.7422120150093376,0.4805956091408832,404.95915022636274,397.74324808053,2021-07-21,-0.0038740357502228,0,0,0.91,2021
2021-07-15,409.6971435546875,410.4321942087509,407.7841252653317,409.7536837004635,55126400,SPY,63.2238735356105,4.080904891153978,3.809950590238266,0.2709543009157116,405.4103876862032,398.21202829520286,2021-07-22,0.0016330779780582,0,0,0.86,2021
2021-07-16,406.4836730957031,410.9316803509929,406.0878920473257,410.88457314584525,75874700,SPY,55.54348855489464,3.666876275797392,3.781335727350091,-0.1144594515526993,405.5126053442508,398.5364065226735,2021-07-23,0.0199379008033013,0,0,0.545,2021
2021-07-19,400.4807434082031,406.5496352308652,397.6536209600926,401.6304410207938,147987000,SPY,44.63527297067782,2.821840932275336,3.589436768335141,-0.767595836059805,405.03338039796057,398.6126550279883,2021-07-26,0.0377674140873627,1,0,0.485,2021
2021-07-20,406.21978759765625,407.5014313609856,400.3487864518047,401.14981020901354,99608200,SPY,53.94716488502591,2.585433963919286,3.3886362074519703,-0.8032022435326844,405.1463715598363,398.91097395228905,2021-07-27,0.0184428529465456,0,-1,0.52,2021
2021-07-21,409.5086059570313,409.6499850627454,406.1726227380265,407.4259674911037,64724400,SPY,58.277848545937665,2.633107074770919,3.2375303809157603,-0.6044233061448412,405.56182245480727,399.32656736423974,2021-07-28,0.0098494065555001,0,0,0.705,2021
2021-07-22,410.3662109375,410.6112374024336,408.6982191605414,409.68770044604696,47878500,SPY,59.351291407457296,2.708863817329984,3.131797068198605,-0.422933250868621,406.0193832626828,399.75949456319114,2021-07-29,0.0119185268255535,0,0,0.72,2021
2021-07-23,414.5881042480469,414.927345152791,411.6196312956235,412.30754604990295,63766600,SPY,64.23030588130874,3.074136357585644,3.120264926076013,-0.0461285684903689,406.83545192795555,400.3410086684796,2021-07-30,-0.0032505171243784,0,0,0.68,2021
2021-07-26,415.6058654785156,415.6152984235282,413.947306418087,413.9944136251925,43719200,SPY,65.31123574390077,3.406474584346597,3.1775068577301298,0.2289677266164673,407.6707294089613,400.9396305041673,2021-08-02,-0.0077774668461959,0,0,0.745,2021
2021-07-27,413.7116394042969,414.5880403654888,410.8656513777973,414.55977029444944,67397100,SPY,61.58129690772654,3.476926960254673,3.2373908782350385,0.2395360820196344,408.2460541704218,401.44049359829006,2021-08-03,0.0048746347048349,0,0,0.79,2021
2021-07-28,413.5420227050781,414.9273138127732,412.1096243949416,414.34304645941455,52472400,SPY,61.244010444411686,3.4789709145440497,3.285706885496841,0.1932640290472087,408.75043212610336,401.91506336718373,2021-08-04,0.0003418211792609,0,0,0.8,2021
2021-07-29,415.2571716308594,416.34089617292534,414.4655807803335,414.475013724892,47435300,SPY,63.42546801155555,3.577746907972198,3.3441148899919124,0.2336320179802857,409.3701216027468,402.4382832990926,2021-08-05,0.0025189703616783,0,0,0.785,2021
2021-07-30,413.240478515625,414.7011468766554,412.54310212092867,412.6750483001058,68951200,SPY,59.20564968424608,3.4534876582123957,3.365989443636009,0.0874982145763865,409.7387270230209,402.86189879778016,2021-08-06,0.0090760223864239,0,0,0.77,2021
2021-08-02,412.3735046386719,415.52103087753216,412.01539785694325,414.9650335749977,58783300,SPY,57.43648284380244,3.247617251171107,3.342315005143029,-0.0946977539719218,409.98965822451146,403.2349029484034,2021-08-09,0.0103749411200093,0,0,0.715,2021
2021-08-03,415.7283325195313,415.85084575516265,410.9693547716872,413.1745067361262,58053900,SPY,62.149762065128215,3.3169344868492203,3.3372389014842674,-0.020304414635047,410.53619863356096,403.7248413629574,2021-08-10,0.0034681374006373,0,0,0.77,2021
2021-08-04,413.6833801269531,415.7000456846464,413.4477866091541,414.4372678803203,46732200,SPY,57.93815393133983,3.1703129337777227,3.303853707942958,-0.1335407741652359,410.83593020436024,404.11537229487885,2021-08-11,0.0109344663085901,0,0,0.71,2021
2021-08-05,416.3031921386719,416.3880023567007,414.53152422702374,414.8519279703467,38969700,SPY,61.534424285006224,3.228297428074995,3.288742451969366,-0.0604450238943705,411.35662181715185,404.5933260142433,2021-08-12,0.0075832264713147,0,0,0.72,2021
2021-08-06,416.9910583496094,417.4151381494277,416.340817994673,416.6235474475425,46930000,SPY,62.44241252091883,3.2918096791453877,3.2893558974045707,0.002453781740817,411.89323482024304,405.0795115960224,2021-08-13,0.0077516310604763,0,0,0.725,2021
2021-08-09,416.65185546875,417.2832299956223,415.87910182307905,416.962826260363,41222600,SPY,61.66934476840561,3.276997569925186,3.286884231908694,-0.0098866619835082,412.3464367867675,405.533329002796,2021-08-16,0.010946873502144,0,0,0.74,2021
2021-08-10,417.1701354980469,417.8863489753924,416.41624776534786,417.104162412718,43339300,SPY,62.434615921720045,3.2693922152387245,3.2833858285747004,-0.0139936133359759,412.8058366640322,405.98967435555096,2021-08-17,0.0030723130373739,0,0,0.72,2021
2021-08-11,418.206787109375,418.30103027346,417.113629675736,418.2444901268042,44034300,SPY,63.98351616328666,3.3088714281089437,3.2884829484815494,0.0203884796273943,413.320212896922,406.4687768164853,2021-08-18,-0.0103656649980297,0,0,0.73,2021
2021-08-12,419.4601135253906,419.6014926447661,417.151314281578,418.05598534711794,38909400,SPY,65.81854225512072,3.402074953679687,3.311201349521177,0.09087360415851,413.9049653377285,406.97824100114826,2021-08-19,-0.0117950196542433,0,0,0.74,2021
2021-08-13,420.2234191894531,420.24225631588496,419.42239555203986,419.91241967001224,39470300,SPY,66.92382942788285,3.497218054280779,3.3484046904730977,0.1488133638076814,414.5067228474166,407.4976597536309,2021-08-20,-0.0057410082193157,0,0,0.745,2021
2021-08-16,421.212890625,421.3448080249147,417.3491516319457,418.9134958587519,73740000,SPY,68.35244120087296,3.610838227054274,3.400891397789333,0.2099468292649402,415.1454054929007,408.03551194466496,2021-08-23,0.0006488771729704,0,0,0.775,2021
2021-08-17,418.4518127441406,419.31878083043995,415.4456369974126,418.6402703129564,92673900,SPY,60.49984376543157,3.4384508023831017,3.408403278708087,0.0300475236750146,415.46030142159026,408.4439943289581,2021-08-24,0.0088506062903788,0,0,0.8,2021
2021-08-18,413.8717956542969,419.0077453243153,413.6267979767696,417.4339681312967,89351900,SPY,50.197923556417216,2.8988473166003814,3.3064920862865463,-0.4076447696861649,415.3090151580385,408.656849282893,2021-08-25,0.0221549562442195,1,-1,0.5,2021
2021-08-19,414.5125732421875,415.7188394526703,410.9881040302123,411.12945436457534,92812200,SPY,51.44368405382124,2.4941619166125975,3.144026052351757,-0.6498641357391595,415.23316354700506,408.8864855165908,2021-08-26,0.0145502957133563,0,-1,0.6,2021
2021-08-20,417.8109130859375,418.14074973003505,414.3712538179975,414.86130669230414,72008700,SPY,57.35671950827795,2.411792637301801,2.997579369341766,-0.5857867320399652,415.47866350309386,409.2364630683299,2021-08-27,0.0155405502136174,0,0,0.67,2021
2021-08-23,421.4862060546875,422.400309988542,417.8863304587678,419.5072148953251,54973000,SPY,62.79375143908307,2.6129592491688527,2.9206553453071837,-0.307696096138331,416.05081041276947,409.71684514622626,2021-08-30,0.0111121650016001,0,0,0.675,2021
2021-08-24,422.1553649902344,422.69252517807496,421.63707069184784,422.1553649902344,38744700,SPY,63.70120719503427,2.7941713046163272,2.8953585371690127,-0.1011872325526854,416.63219656300424,410.2046302381482,2021-08-31,0.0080137715191734,0,0,0.665,2021
2021-08-25,423.0411071777344,423.5594013635928,421.9667870353015,422.34375963480386,40529700,SPY,64.92081936538798,2.974961650142234,2.911279159763657,0.0636824903785768,417.2425690025024,410.708021490681,2021-09-01,0.0064378618966338,0,0,0.68,2021
2021-08-26,420.5438537597656,422.9940032884355,420.4496106027459,422.75840977537314,57829600,SPY,58.91094333168575,2.883492712010991,2.905721870213124,-0.022229158202133,417.5569770746227,411.09374040319415,2021-09-02,0.0155290336312181,0,0,0.7,2021
2021-08-27,424.3039245605469,424.6808684363461,421.2977489797664,421.3542891231876,77235100,SPY,64.27369528011812,3.0789173661070777,2.940360969391915,0.1385563967151628,418.1995435018535,411.6117868407374,2021-09-03,0.0062852827014259,0,0,0.69,2021
2021-08-30,426.1698303222656,426.9614210793881,424.7374033493045,424.98242980709495,48357400,SPY,66.60310556631445,3.3457876559650117,3.0214463067065345,0.3243413492584772,418.9586184371309,412.1826905066797,2021-09-07,-0.0017026462303288,0,0,0.7,2021
2021-08-31,425.5384216308594,426.4148225909086,424.9353171964827,426.07558173887935,59300200,SPY,65.05728403282623,3.4663766466422317,3.110432374693674,0.3559442719485575,419.5852663603432,412.70644466841225,2021-09-08,-0.0014394677354336,0,0,0.745,2021
2021-09-01,425.76458740234375,426.9990951161605,425.52899388811954,426.4808008884569,48721400,SPY,65.36734823240326,3.539394046788118,3.1962247091125633,0.3431693376755547,420.173773126248,413.2185286971939,2021-09-09,-0.0062417150212443,0,0,0.78,2021
2021-09-02,427.0744934082031,427.8849212781439,425.86825578758834,427.1970066348159,42501000,SPY,67.18363087805825,3.6607603630759513,3.289131839905241,0.3716285231707101,420.8309845816723,413.7618998623315,2021-09-10,-0.017101011356204,0,0,0.775,2021
2021-09-03,426.9707946777344,427.48911762754767,425.52896362358746,425.9342062960515,47170500,SPY,66.88458233131266,3.705857602602237,3.3724769924446405,0.333380610157596,421.4157284003449,414.2798957374454,2021-09-13,-0.0143461726302355,0,0,0.765,2021
2021-09-07,425.4442138671875,426.7164246860797,424.7657033477101,426.6221815219069,51671500,SPY,62.47577689890888,3.5771796760039933,3.4134175291565114,0.1637621468474819,421.79939368290127,414.71771213469015,2021-09-14,-0.0161476730864081,0,0,0.785,2021
2021-09-08,424.9258728027344,425.64208626079466,422.99398880638046,424.9070356755649,56181900,SPY,61.0053503346752,3.394248911550335,3.4095838056352763,-0.0153348940849413,422.09715359907585,415.118032160888,2021-09-15,-0.0067197784310237,0,0,0.8,2021
2021-09-09,423.1070861816406,426.4902053690423,422.8620597403283,424.7279706016883,57970400,SPY,56.02284626450819,3.067157796844981,3.3410986038772177,-0.2739408070322366,422.1933376545582,415.4313283969959,2021-09-16,-0.0040312677681132,0,0,0.42,2021
2021-09-10,419.7710876464844,425.4724389893883,419.64857442190095,425.04838793387586,89948200,SPY,48.24034923467241,2.5098169230110443,3.1748422677039834,-0.6650253446929391,421.9626471775988,415.6015150342308,2021-09-17,-0.0058951401080867,0,-1,0.615,2021
2021-09-13,420.8453979492187,423.0505785726506,418.5177328546844,422.7867149843986,83738600,SPY,50.61937397394477,2.1302519101340636,2.9659241961899996,-0.835672286055936,421.8562424891816,415.8071575014852,2021-09-20,-0.0249663857002861,-1,-1,0.67,2021
2021-09-14,418.57427978515625,422.5039633310245,417.6790129654165,422.29663989692546,78197100,SPY,45.824271789994775,1.627423719890544,2.6982241009301084,-1.0708003810395643,421.5436746126078,415.91567210084486,2021-09-21,-0.020602016267029,-1,-1,0.57,2021
2021-09-15,422.0704650878906,422.56992214968193,417.8863222929337,418.99831669330354,78792200,SPY,53.17745676956387,1.4938218431955193,2.4573436493831906,-0.9635218061876714,421.5938451340633,416.1570365317094,2021-09-22,-0.0192400005639747,0,-1,0.62,2021
2021-09-16,421.40142822265625,422.5228269148498,418.43292687605,421.54277858226266,77786700,SPY,51.73049305329486,1.3187539352454678,2.229625706555646,-0.9108717713101782,421.57551971392934,416.3626989509622,2021-09-23,-0.0057478439701047,0,-1,0.53,2021
2021-09-17,417.2964782714844,421.0496897600224,416.9372243033912,420.6242802065744,118425000,SPY,43.847095795929405,0.8391035390629327,1.9515212730571032,-1.1124177339941708,421.167991957506,416.3993177478455,2021-09-24,0.0056864973605692,0,0,0.535,2021
2021-09-20,410.3384094238281,412.7207895345976,405.44125147503127,411.1325361274179,166445500,SPY,34.30420950896462,-0.101312987549079,1.540954420935867,-1.642267408484946,420.1366031447748,416.16163506847226,2021-09-27,0.0198138936658265,0,1,0.595,2021
2021-09-21,409.9508056640625,413.9970868901232,409.4213878476513,412.69243982428605,92526100,SPY,33.86209307594763,-0.8678719566132713,1.0591891454260394,-1.9270611020393107,419.1665271942307,415.9180731310444,2021-09-28,0.0002075444337148,0,1,0.665,2021
2021-09-22,413.9498291015625,416.0013449230814,410.0642771196357,412.2386698152154,102350100,SPY,42.14663529331107,-1.139551650106796,0.6194409863194723,-1.7589926364262682,418.6696988044528,415.8408870906726,2021-09-29,-0.0077880124809905,0,1,0.625,2021
2021-09-23,418.9792785644531,420.59592142801534,415.5947841917218,415.8311324506057,76396000,SPY,50.53813756646436,-0.9382101234667743,0.307910764362223,-1.246120887828997,418.6991825911195,415.963961266115,2021-09-30,-0.0316800509981962,-1,1,0.605,2021
2021-09-24,419.66943359375,420.3879415463402,417.1168608103632,417.33431159893826,62094800,SPY,51.57610026823991,-0.7147169578251464,0.1033852199247491,-0.8181021777498956,418.79158744851287,416.1092739064144,2021-10-01,-0.0217836623877377,-1,1,0.605,2021
2021-09-27,418.46881103515625,419.80178990253705,417.769200530089,418.6295117037704,61371100,SPY,49.625100545684305,-0.6272467106966246,-0.0427411661995256,-0.584505544497099,418.760846837717,416.20180477420826,2021-10-04,-0.0316284124440487,-1,1,0.66,2021
2021-09-28,410.035888671875,416.01077987427567,409.2984832219723,415.6798865253601,130436300,SPY,38.58479308661558,-1.2242795351090194,-0.2790488399814244,-0.945230695127595,417.92989844097013,415.9600041427442,2021-10-05,-0.0014294373289304,0,1,0.71,2021
2021-09-29,410.7259826660156,413.1745469682179,410.15874112027336,411.4255642234724,82329200,SPY,39.7657608059808,-1.623038158291422,-0.547846703643424,-1.075191454647998,417.2438112243078,415.7547483985588,2021-10-06,0.0010359865451776,0,1,0.74,2021
2021-09-30,405.70599365234375,412.91931850140327,405.3656371464608,412.210273702846,140506000,SPY,34.55967877590547,-2.3174146857125493,-0.9017603000572492,-1.4156543856553,416.14497145554935,415.3606795849817,2021-10-07,0.0221837776457567,1,1,0.68,2021
2021-10-01,410.5274963378906,412.2197580892175,403.90031023159025,407.4455344069044,129240100,SPY,42.364391517920005,-2.4504112985406437,-1.2114904997539282,-1.2389207987867157,415.60997382529615,415.17114298705656,2021-10-08,0.008336427630794,0,1,0.575,2021
2021-10-04,405.2333068847656,410.262776183551,403.07778294814807,409.3552068978382,128570000,SPY,37.12818286515461,-2.9490145122758804,-1.5589953022583187,-1.3900192100175617,414.62171983095993,414.78142392422166,2021-10-11,0.0141142741167517,0,-1,0.475,2021
2021-10-05,409.44976806640625,411.7092426318,405.9423676521771,406.745928727263,90682500,SPY,43.154417075885014,-2.96969517507398,-1.841135276821451,-1.128559898252529,414.1291529962405,414.5723393807779,2021-10-12,0.0012005798678527,0,-1,0.485,2021
2021-10-06,411.1514892578125,411.35947691198606,404.1934092838429,405.8289210246934,113032200,SPY,45.427869584525226,-2.816305454873998,-2.0361693124319604,-0.7801361424420374,413.8455659735331,414.4381883955636,2021-10-13,0.0006436019978901,0,-1,0.43,2021
2021-10-07,414.7060852050781,417.5611615985642,414.2712125155904,414.4508394886383,72437500,SPY,49.932237565283955,-2.3804761631420206,-2.1050306825739726,-0.2754454805680479,413.9275201860612,414.4486941527995,2021-10-14,0.0087540084548713,0,1,0.405,2021
2021-10-08,413.9498291015625,415.86900488520456,413.31643185029856,415.4813902331716,74557400,SPY,49.00546995455492,-2.072214656075232,-2.0984674772742244,0.0262528211989923,413.9296448446803,414.4291308174568,2021-10-15,0.0182935244466579,0,1,0.415,2021
2021-10-11,410.952880859375,416.2187267344571,410.8866964258537,413.28800269717465,65233300,SPY,45.40861359280505,-2.046157042723678,-2.088005390364115,0.0418483476404372,413.6461435127465,414.29280728968894,2021-10-18,0.0287562757572643,1,1,0.415,2021
2021-10-12,409.94134521484375,412.2859304538344,409.1472184849697,411.87941835123945,71181200,SPY,44.22864935369735,-2.083115806838464,-2.087027473658985,0.003911666820521,413.29330557961293,414.1221617181264,2021-10-19,0.0392509974348167,1,-1,0.405,2021
2021-10-13,411.4161071777344,412.2385944482914,407.9748917576528,410.97177132625944,72974000,SPY,46.41490056997115,-1.9706880630870955,-2.063759591544607,0.0930715284575116,413.114524779434,414.0160419322287,2021-10-20,0.0395931158777691,1,1,0.425,2021
2021-10-14,418.33642578125,418.4876921318008,414.63047232052025,415.10316884682675,70236800,SPY,55.274821216611656,-1.3080974571543609,-1.912627164666558,0.6045297075121974,413.6118486843689,414.18546874983736,2021-10-21,0.025062211629256,1,1,0.43,2021
2021-10-15,421.5224304199219,421.8911475892967,419.8396318019155,420.4635947300898,66260200,SPY,58.66345736041654,-0.5199124533283452,-1.6340842223989156,1.1141717690705704,414.3652374210882,414.4731927368995,2021-10-22,0.016260333885806,0,0,0.48,2021
2021-10-18,422.7703552246094,423.11068290216224,419.0644014683072,419.7261881983604,62213200,SPY,59.94363742448578,0.2030858953802408,-1.2666501988430845,1.4697360942233253,415.16572483094734,414.79857165798614,2021-10-25,0.0186945544319676,0,0,0.54,2021
2021-10-19,426.0319519042969,426.0981074931306,423.7913460672184,424.4058746508031,46996800,SPY,63.15535813375711,1.0274075744246716,-0.8078386441895333,1.835246218614205,416.2006035998378,415.2390963735278,2021-10-26,0.011805333943639,0,0,0.52,2021
2021-10-20,427.7053527832031,428.007885539752,426.3818080371913,426.4952506081193,49571600,SPY,64.71839429106835,1.7950259677263602,-0.2872657218063546,2.082291689532715,417.29629399825353,415.7279691739072,2021-10-27,0.003381722033223,0,0,0.565,2021
2021-10-21,428.82086181640625,429.0477469328398,426.6653666569625,427.1002394138296,41305400,SPY,65.76112451001114,2.464966729027651,0.2631807683604465,2.201785960667205,418.3938718856966,416.24141594420126,2021-10-28,0.0104279924808572,0,0,0.555,2021
2021-10-22,428.37652587890625,429.8419025254368,426.4195551964199,428.3859890424601,58845100,SPY,64.93785021320912,2.92631270108393,0.7958071549051433,2.1305055461787865,419.3446008374309,416.71730260830736,2021-10-29,0.013528348778895,0,0,0.775,2021
2021-10-25,430.6738586425781,431.00475203120453,427.68644153396286,429.4732196707683,45214500,SPY,67.22264097227213,3.437680817590945,1.3241818874423037,2.1134989301486407,420.4235777712544,417.26461853122,2021-11-01,0.0098561391850426,0,0,0.825,2021
2021-10-26,431.0614013671875,433.45324459839,430.68324992234994,432.2337083526217,56075100,SPY,67.60612838598146,3.8300645926852894,1.8253584284909008,2.0047061641943884,421.4367038280099,417.8056688385128,2021-11-02,0.0130275921733207,0,0,0.845,2021
2021-10-27,429.1517333984375,432.1959002442272,429.07608579606,431.5246792414381,72438000,SPY,63.65404480459009,3.941502133013501,2.248587169395421,1.6929149636180796,422.171468549003,418.2506125467452,2021-11-03,0.0237475790125814,1,0,0.88,2021
2021-10-28,433.2926025390625,433.3682212978146,430.5793287702373,430.5887630831377,51437900,SPY,68.019624665887,4.3142190874172,2.661713552999777,1.652505534417423,423.23062416710394,418.84049450722824,2021-11-04,0.0187423246945444,0,0,0.875,2021
2021-10-29,434.1717529296875,434.46482246353304,430.68325030954554,430.9763198433911,70162400,SPY,68.87441523211074,4.627200560490849,3.0548109544979916,1.572389605992857,424.2726364302071,419.4417203277168,2021-11-05,0.0202070157040095,1,0,0.865,2021
2021-11-01,434.9186401367187,435.5426030309848,433.1791203335106,435.1644227185032,48433600,SPY,69.61739619324372,4.879263080861676,3.4197013797707285,1.4595617010909478,425.286541545113,420.0486583594424,2021-11-08,0.0193244684352023,0,0,0.9,2021
2021-11-02,436.6770935058594,436.989089404332,434.9564710356254,435.0888399261555,48908400,SPY,71.35130227389155,5.161419306259063,3.768044965068395,1.3933743411906674,426.371356017565,420.7007538553803,2021-11-09,0.0118640425437495,0,0,0.915,2021
2021-11-03,439.3430480957031,439.7495601725243,435.6654553768784,436.1097912530405,52509800,SPY,73.79316748346358,5.536331024990886,4.121702177052894,1.4146288479379925,427.60675526310195,421.43182421774594,2021-11-10,-0.0023668428612638,0,0,0.83,2021
2021-11-04,441.41351318359375,441.4985951038147,439.5983456655527,439.94813651016415,52847100,SPY,75.5370809371577,5.9321384922621405,4.483789440094744,1.448349052167397,428.92168458886306,422.21541986346546,2021-11-11,-0.0067251382340361,0,0,0.405,2021
2021-11-05,442.945068359375,444.94929729786503,441.42299917818394,443.654113248998,66390600,SPY,76.76858399773144,6.296816681585312,4.846394888392858,1.4504217931924543,430.2572449479594,423.02834725546194,2021-11-12,-0.0026892558740188,0,-1,0.45,2021
2021-11-08,443.3232116699219,444.55224009988586,442.6330931214879,444.05118287452416,50405200,SPY,77.07544143717138,6.540939895354086,5.185303889785104,1.3556360055689822,431.50162273100347,423.8242242913231,2021-11-15,-0.0031987741290847,0,-1,0.47,2021
2021-11-09,441.85784912109375,443.9282623998397,440.43975941516413,443.6919141155181,51149100,SPY,73.04876088083861,6.540768877797973,5.456396887387678,1.084371990410295,432.48793000625017,424.5314252650396,2021-11-16,0.0040652545881225,0,-1,0.695,2021
2021-11-10,438.3031921386719,441.85787981414506,436.8094835724889,440.1561547381562,69429700,SPY,64.27633768376992,6.182533832649995,5.601624276440141,0.5809095562098534,433.04176449505223,425.0714945542017,2021-11-17,0.0097492612439538,0,-1,0.725,2021
2021-11-11,438.4449462890625,439.8819622614729,438.42604881351787,439.8063146570788,34848500,SPY,64.4596330126225,5.842717147364112,5.649842850624935,0.192874296739177,433.55635323733895,425.5959436418433,2021-11-18,0.0128513581575062,0,0,0.62,2021
2021-11-12,441.7538757324219,442.3116542653024,438.766429720723,439.7212860970853,53466700,SPY,68.52001046983446,5.773855515942387,5.674645383688426,0.0992101322539609,434.3370696654421,426.2295880375523,2021-11-19,0.0034669875238604,0,0,0.62,2021
2021-11-15,441.9051208496094,443.20976803542936,440.77066636058623,443.0490673537616,46980500,SPY,68.69605482885466,5.666170309607651,5.672950368872272,-0.0067800592646207,435.05783644488656,426.8443148144957,2021-11-22,0.0002995093971158,0,0,0.76,2021
2021-11-16,443.6541137695313,444.7980314478209,441.5648029039684,441.64042166446166,48857500,SPY,70.7342183939819,5.6567506195145825,5.669710419000734,-0.0129597994861514,435.87652952342415,427.503522616654,2021-11-23,-0.002323001407792,0,0,0.745,2021
2021-11-17,442.5763244628906,443.5689756433115,441.95236157621497,443.3893486524,47858300,SPY,67.80447994163642,5.498928631367619,5.635554061474111,-0.1366254301064922,436.5146052319448,428.0946128851338,2021-11-24,0.0027769999340105,0,0,0.76,2021
2021-11-18,444.0795593261719,444.3442682687854,440.8746625216728,443.61629703826503,50625600,SPY,69.69012967038368,5.432529243635372,5.594949097906364,-0.1624198542709916,437.23507705044256,428.7214735298805,2021-11-26,-0.0229068984102709,-1,0,0.78,2021
2021-11-19,443.2854309082031,445.2234754256238,442.9167137120761,443.96608631438687,57315600,SPY,67.44288529816146,5.255248490632425,5.527008976451576,-0.2717604858191507,437.81130122737216,429.29260911334416,2021-11-29,-0.0091494472130091,0,0,0.785,2021
2021-11-22,442.0374755859375,447.6814737626954,441.8294879419439,445.17618772216497,72762000,SPY,63.95283402788525,4.956912450570428,5.412989671275347,-0.4560772207049188,438.213794023426,429.79240779854393,2021-11-30,-0.0256860280831808,-1,0,0.92,2021
2021-11-23,442.6235046386719,443.4838156407362,439.0877444211934,441.7064723706342,73206500,SPY,64.87212364178845,4.713433113411554,5.2730783597025885,-0.5596452462910344,438.6337664629732,430.29558806678426,2021-12-01,-0.0377835265815295,-1,0,0.975,2021
2021-11-24,443.8053588867187,443.9282646113557,439.7874380332355,440.60992545059463,61858800,SPY,66.71565568353039,4.563237582850206,5.131110204332113,-0.5678726214819063,439.1262990747585,430.82538300089936,2021-12-02,-0.0256477274305706,-1,0,0.95,2021
2021-11-26,433.9070739746094,438.5678550517496,432.772590709686,437.093044118014,112669600,SPY,45.28170325979029,3.603953540756663,4.825678871617023,-1.2217253308603595,438.62923001760146,430.9462336273194,2021-12-03,-0.0120922613142656,0,0,0.575,2021
2021-11-29,439.2296142578125,441.0825765467772,436.5163408361949,438.72855709825706,86268800,SPY,53.86490987704944,3.23589713674221,4.507722524642061,-1.271825387899851,438.68640946905015,431.2710720834171,2021-12-06,-0.0125051797177954,0,0,0.59,2021
2021-11-30,430.6832885742187,438.6907694757676,430.4374771300162,436.7716225911538,148559600,SPY,42.371768419218334,2.228899362407276,4.051957892195104,-1.8230585297878283,437.9242074790662,431.24802174972314,2021-12-07,0.0279215851333167,1,0,0.455,2021
2021-12-01,425.8996276855469,439.2958617436407,425.7011031960132,436.4313215616425,131939200,SPY,37.543088271252145,1.032937851653628,3.448153884086809,-2.415216032433181,436.7790094034929,431.03828080602995,2021-12-08,0.0422195549273536,1,-1,0.45,2021
2021-12-02,432.4227600097656,434.00157904192696,425.71992698440346,426.1170047458499,127637800,SPY,46.49695868997657,0.6045234306115503,2.879427793391758,-2.274904362780207,436.3641285088522,431.0925741081372,2021-12-09,0.019567343647459,0,-1,0.59,2021
2021-12-03,428.66015625,435.1644366060928,424.40588725877814,434.09616662767235,137331600,SPY,42.69486412260861,-0.0381687767458629,2.2959084793642335,-2.3340772561100964,435.630416865152,430.997185172524,2021-12-10,0.0381985736351457,1,-1,0.36,2021
2021-12-06,433.7369689941406,435.62775545816913,428.7925520043057,431.2222195348492,98977500,SPY,48.780688894540305,-0.1362796744106731,1.8094708486092523,-1.9457505230199257,435.4500884964843,431.10462767533255,2021-12-13,0.0169573774653402,0,1,0.41,2021
2021-12-07,442.7086486816406,443.2758902721005,433.60450915063143,439.04998225727746,95484700,SPY,57.392248490272216,0.5040954056172495,1.5483957600108518,-1.0443003543936022,436.1413799426896,431.5596873226387,2021-12-14,-0.0105064722954816,0,0,0.645,2021
2021-12-08,443.88092041015625,444.33471944620135,441.3378108780034,443.1057200605157,72238800,SPY,58.376986747632856,1.093583650015148,1.457433338011711,-0.3638496879965629,436.8784790348293,432.04287293391394,2021-12-15,0.0023004326545934,0,0,0.71,2021
2021-12-09,440.8841247558594,443.98501329897994,440.6856002620959,442.5858209760544,61272600,SPY,54.88479740831339,1.303910300411303,1.4267287304916296,-0.1228184300803265,437.2599691034988,432.3895886916373,2021-12-16,0.0002143713827424,0,-1,0.455,2021
2021-12-10,445.0343627929687,445.18562915930386,441.0353682278382,443.60683875331665,77159800,SPY,58.58022270191884,1.7849098807427597,1.4983649605418556,0.2865449202009038,438.00038755011497,432.8854621858072,2021-12-17,-0.0196592087464717,0,0,0.745,2021
2021-12-13,441.0920104980469,444.8641192635489,440.8083752928088,444.5143284764157,87724700,SPY,54.05110891879821,1.826930908692532,1.564078150171991,0.2628527585205409,438.2948278308704,433.2072876098166,2021-12-20,-0.0214147889990544,-1,-1,0.515,2021
2021-12-14,438.0573425292969,440.3073827725875,435.1171837726514,437.8020967731242,97264100,SPY,50.79553060105904,1.596951865747883,1.5706528932871695,0.0262989724607134,438.27221018310144,433.3974858419531,2021-12-21,0.0028634002316942,0,-1,0.435,2021
2021-12-15,444.9020385742187,445.1478211835322,435.58044676873567,438.1141224310549,116899300,SPY,57.07548645484638,1.9445856121440104,1.6454394370585377,0.2991461750854725,438.90362241082687,433.84864477263017,2021-12-22,-0.0026921744617949,0,0,0.665,2021
2021-12-16,440.9786376953125,447.0480454424632,439.41871594756833,446.7644390434781,116568600,SPY,52.90717811173912,1.8818098662778768,1.6927135229024055,0.1890963433754711,439.1012429141112,434.12825233822554,2021-12-23,0.0124414636192085,0,-1,0.5,2021
2021-12-17,436.2853393554687,440.9055744108569,434.5681683996154,437.8791727919841,135511600,SPY,48.35756180522328,1.4367872933606805,1.6415282769940605,-0.20474098363338,438.8330616228119,434.2128439859606,2021-12-27,0.0378150190701052,1,-1,0.415,2021
2021-12-20,431.6461181640625,432.04456202640097,428.0030580889144,431.1717609310619,107134800,SPY,44.302136170565966,0.7016689170500285,1.453556405005254,-0.7518874879552255,438.1485908172167,434.1121880713763,2021-12-28,0.0481120149771849,1,0,0.475,2021
2021-12-21,439.3116760253906,439.4539773911003,432.9078539962676,435.0898854770568,69806300,SPY,51.53461373087026,0.7292227374590539,1.308689671496014,-0.5794669340369603,438.2593608370428,434.31608955976907,2021-12-29,0.0311408567966147,1,-1,0.38,2021
2021-12-22,443.7042846679687,443.81812577502126,438.8563385412113,439.05558943102193,58890200,SPY,55.13017244637435,1.092907784908732,1.2655332941785578,-0.1726255092698256,438.7779250114167,434.68425407381613,2021-12-30,0.0181101541188153,0,-1,0.405,2021
2021-12-23,446.4650573730469,447.9735099803831,444.60558502690833,444.7099297265655,56439700,SPY,57.275551313381634,1.585624003288217,1.3295514360004896,0.2560725672877273,439.5100328553815,435.1462463600605,2021-12-31,0.0092647408533574,0,0,0.71,2021
2021-12-27,452.7834777832031,452.8309019257752,447.8027268094746,447.8501509520467,56808600,SPY,61.77963988912237,2.457618976295578,1.5551649440595074,0.9024540322360703,440.774170467555,435.8379024943014,2022-01-03,0.0009429251262855,0,0,0.845,2021
2021-12-28,452.4134826660156,454.253991127198,451.6450262309566,453.219895788075,47274600,SPY,61.37163039124821,3.083283587095025,1.860788672666611,1.2224949144284138,441.8826763912179,436.4879252461334,2022-01-04,0.0014258650352436,0,0,0.88,2021
2021-12-29,452.9922180175781,454.01681695689126,451.51222568719845,452.5178607590598,54503000,SPY,61.79663653018147,3.5845064459702485,2.2055322273273386,1.37897421864291,442.9407279746808,437.135152413641,2022-01-05,-0.0190584538882588,0,0,0.9,2021
2021-12-30,451.7398376464844,454.43418298151533,451.27497687022736,453.4190516575789,55329000,SPY,60.25174019275955,3.836448354848244,2.53171545283152,1.304732902016724,443.77873841961446,437.7078851678702,2022-01-06,-0.0172630355550111,0,0,0.82,2021
2021-12-31,450.6014404296875,452.40399222766234,450.326334064594,451.2465883073321,65237400,SPY,58.812457545343925,3.899306216534171,2.8052336055720506,1.0940726109621206,444.42851956343094,438.21351478598064,2022-01-07,-0.0186751945844949,0,0,0.775,2021
2022-01-03,178.443115234375,179.2960758764328,174.22739499699918,174.34503855048575,104487900,AAPL,66.6129740625465,4.733877394848349,4.8980012375247926,-0.1641238426764433,170.88230186404104,162.31496268550734,2022-01-10,-0.053952952717392,-1,0,0.825,2022
2022-01-04,176.1783905029297,179.35490114678188,175.60975505040156,179.05097865451486,99310400,AAPL,61.914716303974174,4.589929309268683,4.836386851873571,-0.2464575426048876,171.3866912582209,162.8586265214847,2022-01-11,-0.0257094496661058,-1,0,0.81,2022
2022-01-05,171.49208068847656,176.639196130045,171.21756906170717,176.09017287650624,94537600,AAPL,53.50514565285527,4.051005903068784,4.679310662112614,-0.6283047590438295,171.39672834681667,163.19719335156282,2022-01-12,0.0034872614369461,0,0,0.785,2022
2022-01-06,168.62928771972656,171.86462006909193,168.27634210052742,169.3155667126804,96904000,AAPL,49.11631020098081,3.354236206652132,4.414295771020518,-1.0600595643683857,171.1331625728081,163.41021666011827,2022-01-13,0.001104758006057,0,0,0.765,2022
2022-01-07,168.79600524902344,170.7274006136449,167.67834627820696,169.50189670004065,86709100,AAPL,49.37673354978972,2.7834085128604613,4.0881183193885064,-1.3047098065280451,170.9105761610191,163.62142405576162,2022-01-14,0.0052273437100978,0,0,0.675,2022
2022-01-10,168.81558227539062,169.1195047889858,164.87435832287932,165.76652857616685,106765600,AAPL,49.40947671338744,2.306020783214109,3.731698812153627,-1.4256780289395183,170.71105293381635,163.82511653496277,2022-01-18,-0.0138801489366202,0,0,0.465,2022
2022-01-11,171.64894104003906,171.74697235390423,167.4724300834058,168.94303442923228,76138300,AAPL,54.042518539796696,2.1317425399792285,3.4117075577187475,-1.279965017739519,170.80037561059947,164.13193318222068,2022-01-19,-0.0505481063739283,-1,0,0.525,2022
2022-01-12,172.09011840820312,173.70777719583765,171.39404073246158,172.66855252404713,74805200,AAPL,54.73759253283929,2.006100030745813,3.1305860523241607,-1.1244860215783476,170.9232082579903,164.44401887735725,2022-01-20,-0.0627812420143892,-1,0,0.525,2022
2022-01-13,168.81558227539062,173.15876005827155,168.42341212900857,172.3352251905114,84505800,AAPL,48.83397589745735,1.623584070971134,2.8291856560535553,-1.205601585082421,170.72248197393318,164.61545273610366,2022-01-21,-0.0567977686623163,-1,1,0.555,2022
2022-01-14,169.67835998535156,170.37443776083572,167.73715121031665,167.98225196839817,80440800,AAPL,50.35332113821971,1.37421526942407,2.5381915787276585,-1.1639763093035884,170.62304178454443,164.81399811842712,2022-01-24,-0.0661582093087606,-1,1,0.555,2022
2022-01-18,166.47239685058594,169.15869092282202,166.09004036060844,168.14887724519528,90956700,AAPL,45.00541407384916,0.9074339324537846,2.212040049472884,-1.3046061170190997,170.2277422670246,164.8790333628255,2022-01-25,-0.0590107090463875,-1,0,0.445,2022
2022-01-19,162.972412109375,167.7273733904345,162.6881017769964,166.66853618888626,94815000,AAPL,40.00953880868181,0.2521798693467758,1.8200680134476623,-1.5678881441008867,169.53675844248656,164.8042639019059,2022-01-26,-0.0393431617817792,-1,0,0.43,2022
2022-01-20,161.2860870361328,166.35476859042288,160.9625522612085,163.7076835662155,91420500,AAPL,37.830576992623264,-0.3985913240509262,1.3763361459479448,-1.774927469998871,168.75098021331002,164.6662961816795,2022-01-27,-0.0321562490982773,-1,0,0.595,2022
2022-01-21,159.22723388671875,163.0704113462842,159.1193889725066,161.19783827212862,122848900,AAPL,35.30266297486786,-1.0681514410644866,0.8874386285454586,-1.9555900696099453,167.84395675363464,164.45299962109283,2022-01-28,0.0487654377775963,1,0,0.495,2022
2022-01-24,158.45274353027344,159.1194254143862,151.6683559036137,156.88410755310724,162294600,AAPL,34.37219396389999,-1.642345618827818,0.3814817790708033,-2.0238273978986214,166.94955549426692,164.21769546066855,2022-01-31,0.081425343634595,1,0,0.44,2022
2022-01-25,156.64874267578125,159.5703385417507,153.94283660123486,155.8644175214936,115798400,AAPL,32.24060695871124,-2.217405562803293,-0.1382956893040159,-2.0791098734992772,165.96852570203018,163.92087378282983,2022-02-01,0.0928153855804698,1,1,0.38,2022
2022-01-26,156.56056213378906,161.1684533792907,154.727213256224,160.29589528165266,108275300,AAPL,32.13570000337805,-2.649715869121877,-0.6405797252675882,-2.009136143854289,165.0725291717215,163.63223411031842,2022-02-02,0.1011332651030623,1,1,0.395,2022
2022-01-27,156.0997314453125,160.6291874906743,155.17815044081257,159.26642822820887,121954600,AAPL,31.557789012374343,-2.994985755271358,-1.1114609312683423,-1.883524824003016,164.21797700730158,163.33684184894565,2022-02-03,0.0859190557481452,1,-1,0.435,2022
2022-01-28,166.9920196533203,167.01163189910224,159.6095873711376,162.4625632621154,179935700,AAPL,53.04966411729306,-2.362464974205267,-1.3616617398557274,-1.0008032343495394,164.48217154501765,163.48018215499957,2022-02-04,0.0133835112590117,0,0,0.55,2022
2022-01-31,171.3548126220703,171.57050245050323,166.18808530239932,166.8253561445004,115541600,AAPL,58.650475654002854,-1.491948513193904,-1.3877190945233628,-0.1042294186705412,165.13670879045122,163.7889911929239,2022-02-07,-0.0165996002282832,0,0,0.56,2022
2022-02-01,171.1881561279297,171.41364461299403,168.93322639800166,170.5999083862923,86213900,AAPL,58.36405782066821,-0.8062122197609654,-1.2714177195708831,0.465205499809918,165.7130371083063,164.07915452370844,2022-02-08,0.0025356121724715,0,0,0.59,2022
2022-02-02,172.39404296875,172.43326746235795,169.93323706636977,171.32540739423024,84914300,AAPL,59.890379480878515,-0.1635707350997961,-1.049848322676666,0.8862775875768698,166.34932338072952,164.40522858037673,2022-02-09,0.0037797786797257,0,0,0.51,2022
2022-02-03,169.5116729736328,172.7862303680274,168.746959829252,171.06071151115776,89418100,AAPL,54.72620552210538,0.1118547103672824,-0.8175077160678763,0.9293624264351588,166.6504995324346,164.6054813016809,2022-02-10,-0.003243102039523,0,1,0.475,2022
2022-02-04,169.22695922851562,170.9055904569665,167.54832800006477,168.52997983501845,82465400,AAPL,54.2287925327724,0.3036569719020292,-0.5932747784738952,0.8969317503759244,166.89587664634706,164.78671573018423,2022-02-11,-0.0217527535833055,-1,1,0.45,2022
2022-02-07,168.51039123535156,170.75836779564654,167.81341170266444,169.68837067678015,77251200,AAPL,52.92497709555211,0.3933068016053198,-0.3959584624580522,0.789265264063372,167.04963994053796,164.93274222058295,2022-02-14,-0.0161948701575235,0,1,0.485,2022
2022-02-08,171.62222290039062,172.1326861402394,168.28459707531294,168.57909567441112,74829200,AAPL,57.683176298091546,0.7073004271981347,-0.1753066845268148,0.8826071117249495,167.4851240319525,165.19507479626168,2022-02-15,-0.0116686170374504,0,0,0.485,2022
2022-02-09,173.045654296875,173.40886082957144,171.690969423192,172.81987847753595,71285000,AAPL,59.69026757582328,1.0587965081975597,0.07151395401806,0.9872825541794996,168.0146983428975,165.50294065903083,2022-02-16,-0.021159679455978,-1,0,0.495,2022
2022-02-10,168.96192932128906,172.26028048182204,168.40239549718422,170.94487045999796,90865900,AAPL,52.06117850707344,0.9963518840540928,0.2564815400252666,0.7398703440288261,168.10491081703003,165.63858727323705,2022-02-17,-0.0188240155931195,0,0,0.5,2022
2022-02-11,165.54580688476562,169.9043445353418,164.95680964270105,169.1681054721721,98670700,AAPL,46.68572741937427,0.6635624042867789,0.3378977128775691,0.3256646914092098,167.86118663300485,165.63494882663034,2022-02-18,-0.0079460163458906,0,0,0.49,2022
2022-02-14,165.78138732910156,166.46854070339387,163.5039475985097,164.2990832872494,86185500,AAPL,47.09143896024961,0.4140606831706748,0.3531303069361902,0.0609303762344845,167.6631105088236,165.64069151300177,2022-02-22,-0.027001332486673,-1,1,0.515,2022
2022-02-15,169.61962890625,169.7766968085891,167.1262396166007,167.8330301983069,62527400,AAPL,53.323730548692104,0.520047999753416,0.3865138454996354,0.1335341542537805,167.84944559429275,165.79672827352132,2022-02-23,-0.0736151372700291,-1,0,0.53,2022
2022-02-16,169.38406372070312,170.15956224722075,166.9299336029845,168.6969102835062,61177400,AAPL,52.91178697987063,0.5783684979469399,0.4248847759890963,0.1534837219578435,167.99559970156994,165.93740809497945,2022-02-24,-0.0568533452772667,-1,0,0.56,2022
2022-02-17,165.78138732910156,168.7557915611827,165.37890643172315,167.8919330456037,69589300,AAPL,46.9393313534619,0.3300771134642843,0.405923243484134,-0.0758461300198496,167.78472233276344,165.93128963357248,2022-02-25,-0.0238630810806681,-1,1,0.425,2022
2022-02-18,164.23037719726562,167.4109199862711,163.14074291393072,166.70414435001902,82772700,AAPL,44.60502243481643,0.0080579599657539,0.326350186780458,-0.318292226814704,167.44621327223985,165.86458718508985,2022-02-28,-0.0130305652642264,0,1,0.53,2022
2022-02-22,161.30506896972656,163.63157949063682,159.17487088048674,161.95294792646703,91162800,AAPL,40.512833036669846,-0.4776859985045121,0.165542949723464,-0.643228948227976,166.8613423862862,165.68578254919325,2022-03-01,-0.0068161981003451,0,0,0.46,2022
2022-02-23,157.133056640625,163.10148814384206,156.8189207831809,162.50267977205857,90009200,AAPL,35.5093410275219,-1.1856210121801496,-0.1046898426572587,-1.080931169522891,165.9348389819375,165.35038153317095,2022-03-02,0.0405444930758509,1,0,0.52,2022
2022-02-24,159.75401306152344,159.8619953544429,149.21106775046508,149.78042756960255,141147500,AAPL,40.48241371150058,-1.5176804564163715,-0.3872879654090813,-1.1303924910072904,165.346188894279,165.1309161029103,2022-03-03,0.0214454385676525,1,0,0.49,2022
2022-02-25,161.82533264160156,162.090367887761,157.91834703084373,160.83385456915977,91974200,AAPL,44.147962521332026,-1.5953120150975906,-0.6288927753467832,-0.9664192397508072,165.01086925116687,165.0012853789374,2022-03-04,-0.0101911434615528,0,-1,0.455,2022
2022-02-28,162.09036254882812,162.38486112479202,159.44971644975743,160.06816196139965,95056600,AAPL,44.61795954370731,-1.6168122805522955,-0.8264766763878857,-0.7903356041644098,164.73272575570604,164.88713154246255,2022-03-07,-0.0352469802087104,-1,-1,0.41,2022
2022-03-01,160.20558166503906,163.54320699943037,158.99815406295153,161.67805946523026,83474400,AAPL,41.91653916997553,-1.7655848977145183,-1.0142983206532123,-0.751286577061306,164.30156917564253,164.70354135119106,2022-03-08,-0.0352940067145857,-1,0,0.58,2022
2022-03-02,163.50393676757812,164.28926127709886,159.9601728375973,161.3737539589708,79724800,AAPL,47.86534993038785,-1.598907368534043,-1.1312201302293785,-0.4676872383046644,164.2256041843983,164.65649803418663,2022-03-09,-0.0216736780747399,-1,0,0.415,2022
2022-03-03,163.1800079345703,165.81084308627598,162.51249176371445,165.3789138092183,76678400,AAPL,47.35242153614343,-1.4759388708857557,-1.200163878360654,-0.2757749925251016,164.12602358917658,164.59859646165265,2022-03-10,-0.0463815548011462,-1,-1,0.37,2022
2022-03-04,160.1761474609375,162.51248390357455,159.1257876596409,161.4719352294381,83737200,AAPL,42.774814854373105,-1.6024004119823303,-1.2806111850849895,-0.3217892268973408,163.74984491029667,164.4251670890756,2022-03-11,-0.0517251858191398,-1,0,0.435,2022
2022-03-07,156.37716674804688,161.99221739182056,156.121927641353,160.3626714753167,96418800,AAPL,37.79814547989805,-1.9862715860978992,-1.4217432652875717,-0.5645283208103278,163.0476850853205,164.10955923256466,2022-03-14,-0.0544883685484879,-1,0,0.505,2022
2022-03-08,154.55128479003906,159.89147377341504,152.94137619759366,155.90596926887457,131148300,AAPL,35.65122760599249,-2.4100441825697203,-1.6194034487440014,-0.7906407338257189,162.2385041048175,163.73472494070091,2022-03-15,-0.0149262395972306,0,0,0.425,2022
2022-03-09,159.960205078125,160.41177163023045,156.4851632700245,158.51717530744355,91454900,AAPL,45.522722060597935,-2.283114037934581,-1.7521455665821175,-0.5309684713524636,162.0215232451325,163.58670455393323,2022-03-16,-0.0206199433147588,-1,0,0.425,2022
2022-03-10,155.61146545410156,157.4471497383223,153.11806120676204,157.26063347822767,105342000,AAPL,40.185128411315205,-2.504556954020785,-1.9026278440698512,-0.6019291099509338,161.4110415507486,163.27395007943002,2022-03-17,0.0132475949321411,0,0,0.36,2022
2022-03-11,151.89100646972656,156.3575259685623,151.665230708696,156.01394178449013,96970100,AAPL,36.267260128970406,-2.9462989074969244,-2.111362056755266,-0.8349368507416584,160.50437154303222,162.8275601339515,2022-03-18,0.059781729135133,1,-1,0.37,2022
2022-03-14,147.85643005371094,151.2922123001873,147.34598176184335,148.67120306961968,108732100,AAPL,32.55998533012024,-3.58066352636979,-2.4052223506781707,-1.1754411756916192,159.29980568690638,162.24045699354988,2022-03-21,0.0979949367997812,1,1,0.485,2022
2022-03-15,152.24441528320312,152.7156190595178,147.6208424416319,148.1312907310734,92964300,AAPL,39.771017793243914,-3.686828853032978,-2.6615436511491324,-1.0252852018838454,158.62786374369654,161.84845535785,2022-03-22,0.0885292794079473,1,-1,0.525,2022
2022-03-16,156.66183471679688,157.06431562049127,151.62597028281274,154.1684452970025,102300200,AAPL,46.027632707193035,-3.375604936450685,-2.804355908209443,-0.5712490282412421,158.4406228839918,161.6450584699656,2022-03-23,0.0665455990509389,1,-1,0.575,2022
2022-03-17,157.67294311523438,158.04597567713608,154.73781315339022,155.6998279417029,75615400,AAPL,47.375162672272694,-3.0126418824274026,-2.846013103053035,-0.1666287793743674,158.36751052506253,161.4892892403683,2022-03-24,0.0837381912803072,1,-1,0.435,2022
2022-03-18,160.9713134765625,161.4621395458107,156.82874025380204,157.5649793576743,123511700,AAPL,51.61872565659392,-2.430819154497783,-2.7629743133419846,0.3321551588442015,158.61549175853872,161.4689764653171,2022-03-25,0.065495663456631,1,1,0.475,2022
2022-03-21,162.34561157226562,163.2978152048177,160.0190861607253,160.50991215775952,95811400,AAPL,53.30818164376796,-1.8376428767817572,-2.5779080260299394,0.7402651492481822,158.97074126460797,161.5033543126484,2022-03-28,0.0617969935002473,1,0,0.47,2022
2022-03-22,165.72250366210938,166.31148589554496,161.88424061211234,162.4732228455479,81532000,AAPL,57.2577353968697,-1.0825801235206145,-2.2788424455280745,1.1962623220074602,159.61376625484618,161.66881114988217,2022-03-29,0.0600640469063484,1,0,0.47,2022
2022-03-23,167.0869903564453,169.47239748158006,164.57394870167656,164.90772175927947,98062700,AAPL,58.77514619892722,-0.369821704482689,-1.8970382973189976,1.5272165928363084,160.3255018835699,161.88128876582584,2022-03-30,0.0444156657044023,1,0,0.505,2022
2022-03-24,170.87619018554688,170.94489804434284,167.0870124371813,167.92140774440355,90131400,AAPL,62.731955629144025,0.4950940997002249,-1.418611817915153,1.913705917615378,161.33032934090105,162.23402999797176,2022-03-31,0.0031021002555511,0,1,0.475,2022
2022-03-25,171.5142364501953,172.06395916657084,169.580380836561,170.68965237563202,80546200,AAPL,63.36951123435806,1.2179908665425216,-0.8912912810236181,2.1092821475661396,162.30022525607194,162.59795966276485,2022-04-01,-0.0023466336522941,0,0,0.365,2022
2022-03-28,172.37808227539062,172.50568683875068,168.84412938966062,169.01100841776184,90371900,AAPL,64.26095341245883,1.8393935175993192,-0.3451543212990307,2.18454783889835,163.26002116267372,162.98149388286782,2022-04-04,0.0161730977421379,0,-1,0.405,2022
2022-03-29,175.6764678955078,175.7255385178658,173.1045291861119,173.44811341555263,100589400,AAPL,67.51200082777203,2.5684047778087233,0.2375574985225201,2.3308472792862034,164.44253989913412,163.47933600101058,2022-04-05,-0.0217927648364697,-1,0,0.425,2022
2022-03-30,174.50827026367188,176.31450624555694,173.45789549385026,175.27395758161924,92633200,AAPL,65.24814842076114,3.017108321270115,0.7934676630720391,2.2236406581980757,165.40118088623296,163.9118432269973,2022-04-06,-0.0334137653461604,-1,0,0.45,2022
2022-03-31,171.40626525878906,174.7635134764267,171.20011173735605,174.5769971900877,103049300,AAPL,59.538901769805825,3.0868202900167887,1.252138188460989,1.8346821015557997,165.97309368361925,164.2057421302048,2022-04-07,-0.0141458225784613,0,0,0.535,2022
2022-04-01,171.11175537109375,171.67130419323556,168.78524495629924,170.83689401317795,78751300,AAPL,59.0109607963854,3.0827668238908643,1.6182639155469642,1.4645029083439,166.4624900348073,164.47656617886713,2022-04-08,-0.0242096918310894,-1,0,0.54,2022
2022-04-04,175.1659698486328,175.21505544007368,171.23936219447407,171.36698173645647,76468400,AAPL,63.77314999492984,3.3678729062011143,1.9681857136777945,1.39968719252332,167.29139287421927,164.89575847964227,2022-04-11,-0.0711161995237322,-1,0,0.445,2022
2022-04-05,171.84799194335938,175.0285497272662,171.21973527998745,174.2432251533462,73401800,AAPL,57.84949282528782,3.288184301251988,2.2321854311926335,1.0559988700593546,167.72535469032786,165.16839508606256,2022-04-12,-0.0422712908544755,-1,0,0.61,2022
2022-04-06,168.6772918701172,170.44426874780456,167.00848619962144,169.1975663148219,89058800,AAPL,52.80207355960221,2.9353446841101345,2.372817281776134,0.5625274023340006,167.8160153741173,165.30599888151568,2022-04-13,-0.0083222706542668,0,0,0.65,2022
2022-04-07,168.98158264160156,170.17919933632717,166.73360604638012,168.0195678303507,77594700,AAPL,53.22387914884103,2.649726074854044,2.428199040391716,0.2215270344623281,167.92702178054438,165.4501394211269,2022-04-14,-0.0397932091349246,-1,0,0.67,2022
2022-04-08,166.9691925048828,168.62818685521674,166.0955227852114,168.62818685521674,76575500,AAPL,50.03890928160604,2.2352219561276456,2.389603623538902,-0.1543816674112563,167.83579994476707,165.5097101302938,2022-04-18,-0.0295137497460588,-1,0,0.45,2022
2022-04-11,162.70883178710938,165.92864940184566,162.46341876782265,165.61452852614607,72246700,AAPL,44.03157378667778,1.5451375670338336,2.2207104122378887,-0.675572845204055,167.3475172630854,165.39987176389442,2022-04-19,0.009954717523285,0,0,0.45,2022
2022-04-12,164.58375549316406,166.7531977294746,163.58246639550293,164.93715076417277,79265200,AAPL,47.044621707998374,1.1364313177477925,2.0038545933398697,-0.8674232755920772,167.0843018564262,165.36786720425795,2022-04-20,-0.0025646752352389,0,0,0.37,2022
2022-04-13,167.2735137939453,167.90177054609936,163.71012681510052,164.31874633095592,70618900,AAPL,51.11083281892488,1.017836698366665,1.8066510143452288,-0.7888143159785639,167.10232204095183,165.44259844306922,2022-04-21,-0.0233569415267791,-1,1,0.455,2022
2022-04-14,162.25726318359375,168.12755331525187,162.01185016741871,167.48947048590375,75329400,AAPL,44.28184677364757,0.5131646635714446,1.547953744190472,-1.0347890806190274,166.64088786406057,165.3176833348545,2022-04-22,-0.021175053781885,-1,0,0.365,2022
2022-04-18,162.0413055419922,163.54323192882495,160.56882751734665,160.91239673580466,69023900,AAPL,44.00922469847859,0.0946909251446186,1.2573011803813017,-1.1626102552366828,166.20283240481598,165.18919793121285,2022-04-25,-0.013267054247835,0,1,0.34,2022
2022-04-19,164.32855224609375,164.7408593011716,160.9025960723887,161.9922304806441,67723800,AAPL,47.68295774878371,-0.0517937872574236,0.9954821868535564,-1.0472759741109805,166.02432953255672,165.1554471200317,2022-04-26,-0.0633214218460465,-1,-1,0.385,2022
2022-04-20,164.16165161132812,165.78138631816157,163.05239509202772,165.66357789841544,67929800,AAPL,47.43836112821893,-0.179284780234525,0.7605287934359403,-0.9398135736704653,165.84693163529684,165.11647474714138,2022-04-27,-0.063744307058476,-1,-1,0.41,2022
2022-04-21,163.36651611328125,168.38275818896258,162.865879009956,165.81083486701775,87227800,AAPL,46.22188727869328,-0.3405573668244983,0.5403115613838526,-0.8808689282083509,165.61070158558107,165.04784891836255,2022-04-28,-0.0167047934373385,0,-1,0.49,2022
2022-04-22,158.8214569091797,164.78990235630212,158.53678444420197,163.40578453855588,84882400,AAPL,39.92029966596771,-0.8255983627213368,0.2671295765628147,-1.0927279392841516,164.9641068544952,164.80367668270833,2022-04-29,-0.0255884528477287,-1,0,0.465,2022
2022-04-25,159.89149475097656,160.1761672620124,155.55259437743032,158.16377751272768,96046400,AAPL,41.92761786118369,-1.110848564574411,-0.0084660516646304,-1.1023825129097806,164.48100093987438,164.61104209715023,2022-05-02,-0.0302064703188359,-1,0,0.515,2022
2022-04-26,153.92303466796875,159.36138008917553,153.84450071149385,159.27303500519898,95623200,AAPL,34.9194607137061,-1.7977924209149023,-0.3663313255146848,-1.4314610954002176,163.47548034255004,164.19190455090782,2022-05-03,0.0170917472118958,0,0,0.46,2022
2022-04-27,153.69728088378906,156.85818695569935,152.52911245475866,153.04938688433683,88063200,AAPL,34.68331413318688,-2.3335174829291816,-0.7597685569975842,-1.573748925931597,162.54422325123946,163.78035068160906,2022-05-04,0.060356180390471,1,0,0.4,2022
2022-04-28,160.63751220703125,161.5013706501521,156.0139252856425,156.3280610754388,130216800,AAPL,46.63196645742229,-2.1730156170358157,-1.0424179690052306,-1.130597648030585,162.36263172321964,163.65710211397857,2022-05-05,-0.0419822674622941,-1,-1,0.425,2022
2022-04-29,154.75746154785156,163.15059075650376,154.36480666392433,158.87058661487254,131747600,AAPL,39.961866354095406,-2.49156645141818,-1.3322476654878206,-1.1593187859303593,161.63832980175602,163.30809660158144,2022-05-06,-0.0008814668634027,0,-1,0.39,2022
2022-05-02,155.06173706054688,155.32677228255127,150.45778736143097,153.8346722144635,123055300,AAPL,40.43665282521638,-2.6884767058170667,-1.60349347355367,-1.0849832322633968,161.01198763592657,162.98470995291342,2022-05-09,-0.0359368699030104,-1,1,0.36,2022
2022-05-03,156.55384826660156,157.7612909458003,153.4518394989138,155.2482493800242,88966500,AAPL,42.824465525191115,-2.6930843963210407,-1.821411658107144,-0.8716727382138965,160.5874029340861,162.73251929854823,2022-05-10,-0.0297402131967395,-1,-1,0.35,2022
2022-05-04,162.97386169433594,163.42541320530594,156.33788489489382,156.74036579119067,108256500,AAPL,51.781326776330474,-2.1538661664827146,-1.8879025597822583,-0.2659636067004562,160.81468472077657,162.7419837062262,2022-05-11,-0.1162795727415594,-1,0,0.625,2022
2022-05-05,153.89358520507812,161.06945878722854,152.10697141040896,160.84368302574217,130525300,AAPL,41.8059087965636,-2.431208798470607,-1.996563807519928,-0.4346449909506786,160.1555323859481,162.39498768657333,2022-05-12,-0.0893064050916309,-1,0,0.405,2022
2022-05-06,154.6210479736328,156.74453495515866,151.5734500834341,153.3725141927135,116124600,AAPL,42.757332944639536,-2.562762733180733,-2.109803592652089,-0.4529591405286441,159.6284386323943,162.09012730567372,2022-05-13,-0.0646617149787655,-1,1,0.385,2022
2022-05-09,149.4893035888672,153.19557297112254,148.92894768803646,152.31077917916164,131577900,AAPL,38.03344223889373,-3.045996704365905,-2.2970422149948524,-0.7489544893710525,158.66280672348697,161.59597735599505,2022-05-16,-0.0428777134390351,-1,-1,0.42,2022
2022-05-10,151.8979034423828,154.09021465537515,150.3446125608553,152.89083834180113,115366700,AAPL,41.310856421525386,-3.197747585733481,-2.4771832891425785,-0.7205642965909025,158.01853022052467,161.21566073193182,2022-05-17,-0.0341078322064544,-1,-1,0.43,2022
2022-05-11,144.02333068847656,152.8220226348079,143.34499314721714,150.9049915404857,142689800,AAPL,34.82569517352768,-3.908370204373142,-2.7634206721886914,-1.1449495321844507,156.68565407461531,160.54145171061984,2022-05-18,-0.0387713875821841,-1,-1,0.45,2022
2022-05-12,140.14990234375,143.728364519164,136.45347366831103,140.35635871962023,182602000,AAPL,32.151966514836474,-4.729577420785574,-3.156652021908068,-1.5729253988775065,155.11082057643767,159.7417831079975,2022-05-19,-0.0365457779233312,-1,1,0.49,2022
2022-05-13,144.62298583984375,145.59625448116793,140.69060910842344,142.14558429881745,113990900,AAPL,38.065490980105345,-4.962247896397145,-3.517771196805884,-1.4444766995912608,154.11197917295254,159.14888909748166,2022-05-20,-0.0647133597214267,-1,0,0.365,2022
2022-05-16,143.0795440673828,145.02608166695018,141.7425351609862,143.08938461134267,86643800,AAPL,36.871322038908374,-5.211113306187741,-3.856439618682256,-1.3546736875054854,153.0612710676602,158.51871870414445,2022-05-23,-0.0166963123373589,0,0,0.41,2022
2022-05-17,146.7169952392578,147.23803400578663,144.20026129048028,146.3434146138869,78336300,AAPL,41.52698396837622,-5.056540376430348,-4.096459770231874,-0.960080606198474,152.45705432209806,158.05590601924695,2022-05-24,-0.0595014479610244,-1,1,0.44,2022
2022-05-18,138.43934631347656,144.86877642522347,137.5348863581385,144.36740373329286,109742900,AAPL,35.17036559188264,-5.538137107863037,-4.384795237758107,-1.1533418701049296,151.12203451175316,157.28662916804026,2022-05-25,-0.0021304429820205,0,1,0.595,2022
2022-05-19,135.02801513671875,139.26514939022877,134.29069437332384,137.5152426451712,136095600,AAPL,32.933040270954265,-6.124472793509057,-4.732730748908297,-1.3917420446007591,149.58927076174987,156.41374234328256,2022-05-26,0.0468145354674029,1,1,0.585,2022
2022-05-20,135.26394653320312,138.3213705282133,130.36814092411527,136.73858804203445,137426100,AAPL,33.2493077720807,-6.495237304269892,-5.085232059980616,-1.410005244289276,148.22495416855494,155.58433858602456,2022-05-27,0.0875790132005092,1,1,0.65,2022
2022-05-23,140.69064331054688,140.83810147349175,135.32294116689727,135.46057378592263,117726300,AAPL,40.230938651870915,-6.278803633262868,-5.323946374637067,-0.9548572586258004,147.50740075350654,155.00027210463327,2022-05-31,0.040038927141432,1,1,0.845,2022
2022-05-24,137.98712158203125,139.5699040628069,135.0083469444269,138.42951103300464,104132700,AAPL,38.09332607303821,-6.253345326534799,-5.509826165016614,-0.7435191615181846,146.60070749908033,154.3330897311979,2022-06-01,0.0594898400154637,1,1,0.78,2022
2022-05-25,138.1444091796875,139.39292808535322,136.00125589921703,136.08973078213927,92482700,AAPL,38.298731645214424,-6.1495890063332865,-5.637778733279949,-0.5118102730533378,145.79534575437626,153.6982395134916,2022-06-02,0.0760745759177292,1,1,0.825,2022
2022-05-26,141.3492889404297,141.89981931591748,134.82154377239428,135.067317332939,90601500,AAPL,42.486175005849894,-5.742557731742039,-5.6587345329723675,-0.0838231987696715,145.37191177209564,153.213966941999,2022-06-03,0.0111281229803053,0,1,0.88,2022
2022-05-27,147.1102294921875,147.1495466635664,142.80427168601537,142.93207874444667,90978500,AAPL,49.16478190610617,-4.898654122372307,-5.506718450852356,0.6080643284800491,145.53746584067582,152.97460468906522,2022-06-06,-0.0233893398787016,-1,1,0.835,2022
2022-05-31,146.32374572753906,148.11298447709316,144.35755721198225,146.5498682074242,103718400,AAPL,48.33951025304839,-4.244390408252599,-5.254252842332405,1.009862434079806,145.6123496394247,152.713786690574,2022-06-07,-0.0008733535200526,0,1,0.86,2022
2022-06-01,146.19595336914062,149.17472776391935,145.18335248498283,147.36582293275725,74286600,AAPL,48.19794029711433,-3.69361577297974,-4.942125428461872,1.248509655482132,145.66793094701669,152.45818538385114,2022-06-08,-0.0050433676808232,0,1,0.79,2022
2022-06-02,148.6536865234375,148.71266977766248,144.377220582194,145.33082319437173,72348100,AAPL,51.16041944804441,-3.0239462114063542,-4.5584895850507685,1.5345433736444145,145.95228862096153,152.30898935010944,2022-06-09,-0.0566760909891925,-1,1,0.77,2022
2022-06-03,142.9222412109375,145.46845161750497,142.01779633681872,144.4165336112239,88570300,AAPL,44.73540955936099,-2.922024714174711,-4.231196610875557,1.309171896700846,145.6637126771497,151.94088157994585,2022-06-10,-0.0567477765564105,-1,1,0.72,2022
2022-06-06,143.66941833496094,146.05834558258064,142.45037585050028,144.54437177114056,71598400,AAPL,45.6929129267598,-2.74926838919447,-3.93481096653934,1.1855425773448705,145.47377988265555,151.61651047229938,2022-06-13,-0.0975777331021263,-1,1,0.705,2022
2022-06-07,146.19595336914062,146.48104410293644,141.66388825021798,141.9096618141491,67808200,AAPL,48.91594871328484,-2.3810403439426864,-3.624056842020009,1.2430164980773228,145.54255830993984,151.40393960550884,2022-06-14,-0.1072556610943755,-1,1,0.7,2022
2022-06-08,145.45863342285156,147.33633206027957,144.9670862924701,146.06814706425965,53950200,AAPL,48.02027748077004,-2.1242257703702876,-3.3240906276900652,1.1998648573197777,145.53456546355048,151.17079034344383,2022-06-15,-0.0846850817972559,-1,1,0.725,2022
2022-06-09,140.22857666015625,145.44880522785593,140.12043568225835,144.5935179486459,69473000,AAPL,42.12775124378663,-2.316022575332056,-3.1224770172184635,0.8064544418864075,145.02923319656054,150.7416839244914,2022-06-16,-0.0881941497406969,-1,1,0.575,2022
2022-06-10,134.8117218017578,138.38034379484614,134.7428980025847,137.9084627463307,91437900,AAPL,37.05596987073376,-2.8720110855836367,-3.072383830891498,0.2003727453078614,144.056136873246,150.1169795275215,2022-06-17,-0.0406182396170875,-1,1,0.525,2022
2022-06-13,129.65048217773438,132.91434748083088,129.2179182819536,130.6237359424125,122207100,AAPL,32.981641560394635,-3.6866079672061858,-3.195228658154436,-0.4913793090517497,142.68416975938774,149.31437178831413,2022-06-21,0.030254659003523,1,1,0.72,2022
2022-06-14,130.51560974121094,131.6265112355856,129.2572500842336,130.8793648770148,84784300,AAPL,34.28591046969049,-4.213799245838743,-3.3989427756912978,-0.8148564701474452,141.52525928146613,148.57716543352578,2022-06-22,0.0195088052557843,0,1,0.7,2022
2022-06-15,133.1404571533203,135.01817091312645,129.9257495131237,132.01973022353556,91533000,AAPL,38.21477100591481,-4.369430804532584,-3.5930403814595553,-0.7763904230730287,140.7267066978332,147.97180432449812,2022-06-23,0.0209702764073045,1,1,0.655,2022
2022-06-16,127.86123657226562,130.1518479895085,126.85847623062334,129.84709117019267,108123900,AAPL,33.83345215403364,-4.862704683997549,-3.8469732419671545,-1.015731442030395,139.50142382873153,147.1831546087243,2022-06-24,0.0891898981253567,1,1,0.745,2022
2022-06-17,129.33590698242188,130.830214787561,127.61549164782572,127.87110581235486,134520300,AAPL,36.03940357636588,-5.076119859588715,-4.092802565491467,-0.9833172940972484,138.53327936717824,146.4832625449477,2022-06-27,0.0767711031342266,1,1,0.665,2022
2022-06-21,133.57301330566406,134.74289788395257,131.06613492456364,131.16443535080262,81000500,AAPL,42.02062745562083,-4.847475178102769,-4.243737088013727,-0.6037380900890419,138.06087307560546,145.97697826105426,2022-06-28,0.0115552704235775,0,1,0.685,2022
2022-06-22,133.0618133544922,135.4310591073431,131.64615522779903,132.5112679712454,73409200,AAPL,41.51619706543753,-4.653875208050806,-4.325764712021143,-0.3281104960296632,137.58477214978515,145.47050120589498,2022-06-29,0.0286664314311633,1,1,0.715,2022
2022-06-23,135.9324493408203,136.24703170777948,133.33708105988757,134.5069656450009,72433800,AAPL,45.47451141550998,-4.220162102028951,-4.304644190022705,0.084482087993754,137.4274080727409,145.0964599562842,2022-06-30,-0.0112102315223862,0,1,0.705,2022
2022-06-24,139.26516723632812,139.51094085562102,137.40711927450707,137.53491135597412,89116800,AAPL,49.72854796812408,-3.56640753325874,-4.156996858669912,0.5905893254111723,137.6024327549873,144.8677818104036,2022-07-01,-0.0192718608611353,0,1,0.67,2022
2022-06-27,139.26516723632812,141.0642319296519,138.5868296469467,140.28757889222084,70207900,AAPL,49.72854796812408,-3.0135638393987847,-3.928310254815687,0.9147464154169024,137.7607884198769,144.64807143494966,2022-07-05,-0.0007060461612191,0,1,0.685,2022
2022-06-28,135.11648559570312,140.99538542275212,134.99851907769516,139.72720035167993,67083400,AAPL,44.69429884978309,-2.8770305481407092,-3.718054313480691,0.8410237653399824,137.50895005566986,144.27428375497922,2022-07-06,0.039871737914221,1,1,0.62,2022
2022-06-29,136.876220703125,138.29187895229046,134.35950159386607,135.1361545226192,66242400,AAPL,47.138786919140166,-2.5968956185215006,-3.4938225744888536,0.896926955967353,137.44869011733226,143.98416363529867,2022-07-07,0.0511384209258978,1,1,0.645,2022
2022-06-30,134.4086151123047,136.03071423891467,131.50849076430464,134.9296537408921,98964500,AAPL,44.189288556728854,-2.54466846303319,-3.303991752197721,0.7593232891645307,137.1591591644725,143.6086519285146,2022-07-08,0.0754830249473157,1,1,0.6,2022
2022-07-01,136.58126831054688,136.68940927123788,133.3665611170388,133.74012670784026,71051600,AAPL,47.31504895876635,-2.301433616417228,-3.103480125041622,0.8020465086243949,137.1041219402891,143.33306825722175,2022-07-11,0.0427556058044975,1,1,0.6,2022
2022-07-05,139.16683959960938,139.2159973193288,134.61510776869383,135.44091845782265,73353800,AAPL,50.84339216559023,-1.8783814415488391,-2.858460388343066,0.9800789467942268,137.30057124117675,143.16968674123697,2022-07-12,0.0303757341478556,1,1,0.52,2022
2022-07-06,140.50381469726562,141.68352468196488,138.694925054005,138.9603646758309,74064300,AAPL,52.61071497885179,-1.4188709669352022,-2.5705425040614935,1.1516715371262911,137.60564204651854,143.06514273951262,2022-07-13,0.0179824019353482,0,1,0.54,2022
2022-07-07,143.8758544921875,144.07247034886072,140.857747839313,140.86757338185674,66253700,AAPL,56.82673732821025,-0.773691540598179,-2.21117231136883,1.4374807707706516,138.20280513658224,143.09693535726458,2022-07-14,0.0144859799207723,0,0,0.595,2022
2022-07-08,144.55418395996094,145.0555716697527,142.54867812328092,142.8042772492725,64547800,AAPL,57.64309345927026,-0.2052803340376954,-1.8099939159026035,1.6047135818649083,138.8076983578564,143.1540823612919,2022-07-15,0.0212867405013752,1,0,0.645,2022
2022-07-11,142.42088317871094,144.16096449444552,141.3493138659739,143.20736171130733,63141600,AAPL,54.17373135691223,0.072217618285066,-1.43355160906507,1.505769227350136,139.15181119793775,143.1253294521711,2022-07-18,0.0151863758136514,0,0,0.565,2022
2022-07-12,143.39413452148438,145.94034514627222,142.597830542374,143.2958190916168,77588800,AAPL,55.489920556171235,0.3664458348470987,-1.0735521202826364,1.439997955129735,139.5558419906565,143.13587082743828,2022-07-19,0.0352392418476532,1,0,0.52,2022
2022-07-13,143.03041076660156,143.97417299746286,139.71737241231898,140.57267474752288,71185600,AAPL,54.855820374034465,0.563775496039284,-0.7460865970182523,1.3098620930575362,139.88675330265127,143.13173513877803,2022-07-20,0.0518933891323551,1,0,0.595,2022
2022-07-14,145.9600372314453,146.43191837704046,140.82828289550088,141.64425310609462,78140700,AAPL,58.92704437843062,0.9456561110230836,-0.4077380554099851,1.3533941664330689,140.46516129586976,143.24264894633362,2022-07-21,0.0463393080878984,1,0,0.83,2022
2022-07-15,147.6312713623047,148.30960883923063,145.69457436327764,147.24786517980246,76259900,AAPL,61.08315287608038,1.367391439628534,-0.0527121564022813,1.4201035960308153,141.14764796886357,143.41475178617563,2022-07-22,0.0261036429050343,1,0,0.615,2022
2022-07-18,144.583740234375,149.0076662468377,144.2199850061164,148.19169587110557,81420900,AAPL,55.374662362700704,1.4391201519532046,0.2456543052688158,1.1934658466843888,141.4748948512932,143.46059447041876,2022-07-25,0.0399806235910944,1,0,0.64,2022
2022-07-19,148.44723510742188,148.67334258980395,144.42638313418118,145.41930294883997,82982400,AAPL,60.42414638610777,1.787116652599309,0.5539467747349145,1.2331698778643945,142.1389272566388,143.6561490052032,2022-07-26,0.0039735264072935,0,0,0.655,2022
2022-07-20,150.45274353027344,151.1212554478555,147.8278835762641,148.56520429371037,64823400,AAPL,62.77858412386468,2.199381059742109,0.8830336317363534,1.3163474280057554,142.93071928269924,143.9226821238334,2022-07-27,0.0245032718324238,1,0,0.58,2022
2022-07-21,152.72372436523438,152.9400063380094,149.37136878805202,151.88808810670997,65086600,AAPL,65.29629807241884,2.6784769318338704,1.2421222917558568,1.4363546400780136,143.86338643341688,144.26782103526088,2022-07-28,0.0128740395300104,0,0,0.565,2022
2022-07-22,151.4849853515625,153.6379641019081,150.8164884797473,152.76301084272214,66675400,AAPL,62.80095217334707,2.9244962045264344,1.5785970743099724,1.345899130216462,144.58925299704978,144.55084708688057,2022-07-29,0.0546436644063288,1,1,0.4,2022
2022-07-25,150.36428833007812,152.41895206482627,149.70561686969222,151.40636601369852,53623900,AAPL,60.54658359271503,2.9945184226768333,1.8617813439833448,1.1327370786934887,145.1392563621001,144.7788251748491,2022-08-01,0.055965868211093,1,1,0.395,2022
2022-07-26,149.03709411621094,150.50189494637155,148.25061571701698,149.68592491978026,55138700,AAPL,57.89601929294347,2.9093805261308603,2.071301180412848,0.8380793457180125,145.51047900534874,144.94581611372604,2022-08-02,0.0554748269607909,1,1,0.445,2022
2022-07-27,154.1393280029297,154.6702072541214,149.58761220557574,150.00050995604346,78620700,AAPL,64.35618236783813,3.2165375209270337,2.300348448515685,0.9161890724113486,146.3322741479755,145.30634599173402,2022-08-03,0.0595703187837659,1,0,0.455,2022
2022-07-28,154.6898956298828,154.97498637932796,151.7995959592648,154.3261405347344,81378700,AAPL,64.98058426116478,3.4644518144880863,2.5331691217101655,0.9312826927779208,147.12823809863335,145.67432833048497,2022-08-04,0.0537653447404589,1,1,0.5,2022
2022-07-29,159.76268005371094,160.86375608227763,156.80357104125676,158.51416085291524,101786900,AAPL,70.16628808120097,4.023872291236017,2.831309755615336,1.1925625356206813,148.33151828483122,146.22681271178794,2022-08-05,0.0188892158483591,0,0,0.51,2022
2022-08-01,158.77955627441406,160.82439423501998,158.17004260375904,158.28800912044616,67829400,AAPL,68.06272931033222,4.33788276451358,3.132624357394985,1.205258407118595,149.32656952193437,146.71907716522426,2022-08-08,0.0222215986369878,1,1,0.62,2022
2022-08-02,157.30490112304688,159.66433625726012,156.93133551910432,157.39339100369006,59907000,AAPL,64.91886342827347,4.416831496294179,3.389465785174824,1.027365711119355,150.0864106268022,147.13420751651142,2022-08-09,0.0321175377097631,1,1,0.62,2022
2022-08-03,163.3214569091797,163.77367187577843,158.0324049028353,158.12087978749662,82507500,AAPL,70.83749872917588,4.908304821838954,3.6932335925076503,1.2150712293313033,151.34689122512387,147.76900161034155,2022-08-10,0.0201354051292879,1,0,0.57,2022
2022-08-04,163.00685119628906,164.36352602829535,161.65017636428277,163.2034670413035,55474100,AAPL,70.1708333546695,5.21233042091734,3.9970529581895886,1.2152774627277512,152.45736360333007,148.36656433920223,2022-08-11,0.0175746715496483,0,0,0.46,2022
2022-08-05,162.7804718017578,163.27270181625158,160.4669847249699,160.6737279405912,56697000,AAPL,69.66279029847121,5.373068583356144,4.2722560832229,1.1008125001332436,153.44051676508508,148.93181561224364,2022-08-12,0.0408223449216866,1,0,0.56,2022
2022-08-08,162.30789184570312,165.20220622926757,161.64830554399492,163.7845816314674,60276900,AAPL,68.54706864984071,5.400072804346763,4.4978194274476735,0.9022533768990896,154.2850286775249,149.45636762139893,2022-08-15,0.0504640871823942,1,0,0.445,2022
2022-08-09,162.35714721679688,163.24317026155526,160.7131007604691,161.4711391937065,63135500,AAPL,68.6035102178802,5.3636198697190025,4.67097951590194,0.6926403538170627,155.05380187174129,149.96228054670866,2022-08-16,0.0491751218346807,1,0,0.45,2022
2022-08-10,166.61000061035156,166.70843758837208,164.30635300401312,165.07423053223724,70170500,AAPL,73.09315711750207,5.61319496521196,4.859422605763944,0.7537723594480159,156.1543922277994,150.61513231391035,2022-08-17,0.0313753525635653,1,0,0.555,2022
2022-08-11,165.87164306640625,168.33279265478845,165.57630211146738,167.4172371966445,57149200,AAPL,71.18980183047688,5.685862658001838,5.024710616211523,0.6611520417903147,157.07984468861912,151.21342685322392,2022-08-18,0.0335924612559201,1,0,0.515,2022
2022-08-12,169.42555236816406,169.4944567489093,166.76749865896252,167.18098503009688,68039400,AAPL,74.61610446904345,5.961502616219576,5.2120690162131345,0.7494336000064417,158.2556263723853,151.9276278538098,2022-08-19,-0.0033701167193364,0,0,0.42,2022
2022-08-15,170.4986114501953,170.69550042466776,168.6872088503834,168.85456522976827,54091700,AAPL,75.5611698739288,6.19512265138161,5.40867974324683,0.7864429081347799,159.42162495122437,152.65590172033473,2022-08-22,-0.0324500257164149,-1,-1,0.48,2022
2022-08-16,170.34107971191406,171.01052019393777,168.99237457923107,170.09496475942944,56377100,AAPL,75.11900672481158,6.294991968738174,5.585942188345099,0.7090497803930749,160.46157302367098,153.34943811216138,2022-08-23,-0.0335200344910584,-1,-1,0.815,2022
2022-08-17,171.8374481201172,173.412574668192,169.88822206935535,170.08511101015677,79542000,AAPL,76.52427131118193,6.420867780213371,5.752927306718753,0.6679404734946175,161.544989699523,154.07445811247337,2022-08-24,-0.0402175049076329,-1,-1,0.885,2022
2022-08-18,171.4436798095703,172.18202470973495,170.42968734841074,171.049901871482,62290100,AAPL,75.31873493350248,6.414904430753296,5.885322731525662,0.5295816992276343,162.48772209095608,154.75560406137913,2022-08-25,-0.0236577355478276,-1,-1,0.89,2022
2022-08-19,168.8545684814453,171.04007069000778,168.64782529018512,170.34109754225454,70346300,AAPL,67.75999930347525,6.1305891714597465,5.934376019512479,0.1962131519472674,163.09408841385982,155.30850462687192,2022-08-26,-0.0460588793493036,-1,-1,0.785,2022
2022-08-22,164.96592712402344,167.22033333660875,164.54260162126909,167.052976982108,69026800,AAPL,58.29708648683083,5.527765778299141,5.853053971269812,-0.325288192970671,163.27235876720874,155.6872270777406,2022-08-29,-0.0369397237514738,-1,-1,0.435,2022
2022-08-23,164.63124084472656,166.08825245369655,164.06025224472492,164.48357785406554,54147100,AAPL,57.55211875162714,4.96577514567042,5.675598206149934,-0.7098230604795139,163.40177610792472,156.03797271566162,2022-08-30,-0.0497520083141839,-1,1,0.585,2022
2022-08-24,164.92657470703125,165.4975632823113,163.66646716905697,164.71984652905635,53841500,AAPL,58.06140796643562,4.49243846073864,5.438966257067676,-0.9465277963290362,163.54699502212534,156.38654534277416,2022-08-31,-0.0615414833409013,-1,1,0.73,2022
2022-08-25,167.38771057128906,167.49600175790545,165.73382519932846,166.15713573322356,51218200,AAPL,62.13818464743212,4.266724677262943,5.2045179411067295,-0.9377932638437868,163.91277745537903,156.81796358702965,2022-09-01,-0.0709874756618575,-1,0,0.535,2022
2022-08-26,161.0773162841797,168.3918608006587,161.01825109648692,167.91932427745144,78961000,AAPL,48.98879909831763,3.5378664744027333,4.871187647765931,-1.333321173363197,163.6427335343124,156.98499702613358,2022-09-02,-0.0477325381857368,-1,0,0.385,2022
2022-08-29,158.87213134765625,160.36849946589015,157.33637642429446,158.64569477233294,73314000,AAPL,45.3752101269381,2.750593967545683,4.447068911721881,-1.696474944176198,163.1883904689166,157.05900229364428,2022-09-06,-0.0424462756068954,-1,0,0.425,2022
2022-08-30,156.4405059814453,160.03377814075716,155.26899644924123,159.61046764917498,77906200,AAPL,41.72069453032276,1.9084634105377916,3.9393478114850633,-2.0308844009472717,162.54573480344314,157.03474753630314,2022-09-07,-0.0185636945579534,0,0,0.435,2022
2022-08-31,154.77674865722656,158.08453370950164,154.6979900819745,157.81872539573374,87991100,AAPL,39.38345622500968,1.094204259832793,3.3703191011546094,-2.2761148413218164,161.8058313609463,156.94619856065307,2022-09-08,-0.0175547784584908,0,1,0.38,2022
2022-09-01,155.50527954101562,155.95812264539694,152.26639832599292,154.20578537018633,74229900,AAPL,40.943587689971814,0.5018987933453047,2.796635039592749,-2.294736246247444,161.2057788066672,156.88969193243202,2022-09-09,-0.0037350873705279,0,0,0.445,2022
2022-09-02,153.38868713378906,157.86798246463846,152.56174446332415,157.26746135406307,76957800,AAPL,37.89222336393208,-0.1367228187908438,2.2099634679160305,-2.3466862867068743,160.4612938854407,156.75239762660289,2022-09-12,0.0489056383195352,1,0,0.66,2022
2022-09-06,152.12860107421875,154.6488162455041,151.3016582877034,154.03845585855234,73714800,AAPL,36.16425666448753,-0.7360289775664626,1.620764978819532,-2.3567939563859945,159.66770409389576,156.57107227160742,2022-09-13,-0.0044652403735243,0,0,0.62,2022
2022-09-07,153.53639221191406,154.23535041800068,151.22290514293917,152.4141083835251,87449600,AAPL,39.48453403177858,-1.0848806183002466,1.0796358593955764,-2.1645164776958232,159.0837696289451,156.45206521044298,2022-09-14,-0.0041680907312057,0,-1,0.445,2022
2022-09-08,152.05967712402344,153.93014485598613,150.30732474708108,152.23687268905203,84923800,AAPL,37.29332066158844,-1.46363475274336,0.5709817369677892,-2.034616489711149,158.41480843800022,156.27981469725006,2022-09-15,-0.0135310404025615,0,0,0.54,2022
2022-09-09,154.92445373535156,155.36747271934937,152.34517353637017,153.05398588476703,68028800,AAPL,43.80823969779703,-1.5151706582809368,0.153751257918044,-1.6689219161989808,158.08239370441464,156.22666328697954,2022-09-16,-0.042384076869308,-1,-1,0.585,2022
2022-09-12,160.8902587890625,161.70736223015916,156.82445000741808,157.10993674145692,104956000,AAPL,54.426841348669704,-1.0623762135111576,-0.0894742363677963,-0.9729019771433614,158.34980942676205,156.40954938510046,2022-09-19,-0.0547633065834707,-1,0,0.44,2022
2022-09-13,151.44931030273438,158.0451887543499,150.98661293916587,157.41513500718565,122656600,AAPL,41.16845860762753,-1.4486399754811146,-0.36130738419046,-1.0873325912906546,157.69261903399752,156.21503020539984,2022-09-20,0.0198906198270252,0,0,0.51,2022
2022-09-14,152.8964385986328,154.65862993133453,151.22286005828988,152.38451533184278,87965400,AAPL,43.44272829624942,-1.6193191274886658,-0.6129097328501012,-1.0064093946385646,157.23583994491517,156.08488935807566,2022-09-21,-0.01023749875377,0,0,0.45,2022
2022-09-15,150.0021514892578,152.82756164210238,149.0275457934619,152.24671887947383,90481100,AAPL,40.10359113953001,-1.9654716327725057,-0.883422112834582,-1.0820495199379234,156.54691723485257,155.84635061812202,2022-09-22,0.0024285540338013,0,0,0.53,2022
2022-09-16,148.35812377929688,148.99803181293044,146.06433010273614,148.86020800935316,162278800,AAPL,38.30265524537312,-2.345422710552782,-1.175822232378222,-1.16960047817456,155.76703214384727,155.5526946636583,2022-09-23,-0.0017918710231354,0,0,0.49,2022
2022-09-19,152.07937622070312,152.15813482310995,146.78299164843529,146.98971983579415,81474200,AAPL,44.390058990288665,-2.319524668353324,-1.4045627195732426,-0.9149619487800816,155.41582681783353,155.4164860972679,2022-09-26,-0.0240159355066694,-1,-1,0.405,2022
2022-09-20,154.46173095703125,155.62340128977206,150.70110246996018,151.01612178316293,107689800,AAPL,47.93197850799597,-2.082755457824959,-1.540201267223586,-0.5425541906013729,155.32496054537617,155.3790447192194,2022-09-27,-0.0327596978070503,-1,0,0.44,2022
2022-09-21,151.33116149902344,156.27315389590652,151.21303113007994,154.8949011643533,101696800,AAPL,43.96889349251136,-2.1232494467070637,-1.6568109031202818,-0.4664385435867819,154.94459873143782,155.22030420078033,2022-09-28,-0.0252405839736654,-1,0,0.395,2022
2022-09-22,150.36643981933594,152.0695515719694,148.56487604886144,150.01203358544475,86652500,AAPL,42.79464282249803,-2.2077367862711696,-1.7669960797504594,-0.4407407065207103,154.50858359695192,155.0299565779786,2022-09-29,-0.0671731401610343,-1,0,0.48,2022
2022-09-23,148.09228515625,149.11613179254852,146.25135007934554,148.84048424162157,96029900,AAPL,40.07746438553399,-2.430185224451946,-1.899633908690757,-0.5305513157611896,153.8975075549803,154.75789103202845,2022-09-30,-0.0813004050538588,-1,0,0.435,2022
2022-09-26,148.4270477294922,151.38042791500837,147.31460305268052,147.33429645998447,93339400,AAPL,40.67459732917159,-2.550069063628939,-2.0297209396783935,-0.5203481239505456,153.3765113811243,154.5096226672231,2022-10-03,-0.0551835732676488,-1,0,0.385,2022
2022-09-27,149.401611328125,152.3156188966605,147.6197415235521,150.36639273150132,84442700,AAPL,42.47189049787726,-2.53719156721138,-2.131215065184991,-0.4059765020263892,152.99794947131485,154.3093084970624,2022-10-04,-0.0372955916260995,-1,1,0.4,2022
2022-09-28,147.511474609375,148.29904557000611,142.58917488251384,145.34566573388943,146691400,AAPL,39.94433258819878,-2.6489686337108935,-2.2347657788901714,-0.4142028548207221,152.475428055892,154.04272677597663,2022-10-05,-0.0229580880393639,-1,1,0.39,2022
2022-09-29,140.26585388183594,144.439969608928,138.4938229117654,143.82960922766318,128138200,AAPL,32.06633404845641,-3.2843538163992605,-2.4446833863919895,-0.839670430007271,151.31261146788663,153.50245725071622,2022-10-06,0.0207043531205946,1,1,0.595,2022
2022-09-30,136.0523223876953,140.87618374816694,135.8554334594778,139.0844599515643,124925300,AAPL,28.541108607490813,-4.080856357167448,-2.7719179805470815,-1.3089383766203668,149.85925060310652,152.8181382364801,2022-10-07,0.0136760380537945,0,1,0.65,2022
2022-10-03,140.23631286621094,140.84668823250414,135.55028904590418,136.06221241134372,114311700,AAPL,36.05822690337028,-4.3246257015667595,-3.082459524751018,-1.2421661768157422,148.9427803424498,152.32473331999896,2022-10-10,-0.0142505429775681,0,1,0.6,2022
2022-10-04,143.82958984375,143.9477202186119,142.01817230643195,142.77621059568105,87830100,AAPL,41.72769122368491,-4.179686418183422,-3.3019049034374985,-0.8777815147459238,148.4558098187641,151.99159043857742,2022-10-11,-0.048733950801696,-1,1,0.67,2022
2022-10-05,144.12489318847656,145.08967450416395,140.7875754267863,141.83111532059078,79471000,AAPL,42.18141046682634,-3.9949412835523503,-3.440512179460469,-0.5544291040918812,148.04334156826053,151.6830925072009,2022-10-12,-0.0550543869699532,-1,1,0.635,2022
2022-10-06,143.1699676513672,145.2471782292558,142.963239525501,143.54406714610428,68402200,AAPL,41.06785259303886,-3.880847944182875,-3.5285793324049504,-0.3522686117779248,147.5792107190326,151.3492444736388,2022-10-13,-0.0167777441819791,0,1,0.67,2022
2022-10-07,137.91297912597656,140.8762129387206,137.28292541213156,140.32490279514894,85925600,AAPL,35.5101377811004,-4.1665932963412615,-3.656182125192213,-0.5104111711490487,146.65861723397964,150.82233210706383,2022-10-14,-0.0122062143564057,0,1,0.66,2022
2022-10-10,138.2378692626953,139.68502664208134,136.4166273038199,138.2378692626953,74899000,AAPL,36.0858106071355,-4.317068153406979,-3.788359330835166,-0.5287088225718124,145.85664123671447,150.32882376022584,2022-10-17,0.0141716642436269,0,1,0.65,2022
2022-10-11,136.82020568847656,139.15338540565426,136.07202171996315,137.7259068150969,77033700,AAPL,34.63304260811843,-4.4988541737989465,-3.9304582994279222,-0.5683958743710238,144.9960283273585,149.79907403192195,2022-10-18,0.0343216289608303,1,1,0.69,2022
2022-10-12,136.190185546875,138.1787988471096,136.0129899667056,136.96791731761857,70433700,AAPL,33.97836392579178,-4.6402681421107275,-4.072420267964484,-0.5678478741462438,144.1573766339791,149.26539213054755,2022-10-19,0.0399015838016618,1,1,0.745,2022
2022-10-13,140.7678985595703,141.35856536929484,132.281845691729,132.89222092327284,113224000,AAPL,42.48567633128804,-4.333008325477749,-4.1245378794671375,-0.2084704460106117,143.83456919832113,148.93215708854845,2022-10-20,0.0027976128857774,0,1,0.69,2022
2022-10-14,136.22958374023438,142.2741677227646,136.04253393109235,142.06742450695816,88598000,AAPL,37.34761054348515,-4.404929499453317,-4.180616203464374,-0.2243132959889431,143.11028486897953,148.43401695724202,2022-10-21,0.0642431368841778,1,1,0.635,2022
2022-10-17,140.19692993164062,140.67930564113678,138.09018646721276,138.8777573464222,85250900,AAPL,43.75169071674502,-4.094595913943607,-4.163412145560221,0.0688162316166138,142.83282249399488,148.1109939366302,2022-10-24,0.0494344437810148,1,1,0.67,2022
2022-10-18,141.51609802246094,144.420251464502,138.4248948126108,143.22906350371468,99136600,AAPL,45.737791618051645,-3.699562221026469,-4.07064216065347,0.3710799396270019,142.7074201633726,147.85237056744708,2022-10-25,0.0597563249111883,1,1,0.66,2022
2022-10-19,141.6243896484375,142.69744724205523,139.3010638831592,139.488113651557,61758300,AAPL,45.90664709712165,-3.339263987511771,-3.9243665260251306,0.5851025385133597,142.60427440004543,147.60813602160357,2022-10-26,0.0381621669610157,1,1,0.665,2022
2022-10-20,141.16171264648438,143.62286253921314,140.4332068704366,140.7974672692939,64522000,AAPL,45.25862948043907,-3.0558334629764374,-3.750659913415392,0.694826450438955,142.46688756637298,147.35533510493224,2022-10-27,0.009833454651269,0,1,0.595,2022
2022-10-21,144.9813995361328,145.5523880250328,140.43318502707822,140.6497673856839,86548600,AAPL,51.36264616039745,-2.4942438304713903,-3.499376696826592,1.005132866355202,142.7063648968263,147.2622395924303,2022-10-28,0.057513439192397,1,1,0.69,2022
2022-10-24,147.1274871826172,147.89536448436917,143.73110449845854,144.90261384954883,75981900,AAPL,54.43675384905178,-1.854629647102911,-3.170427286881856,1.3157976397789453,143.12742416213973,147.25695518420233,2022-10-31,0.0260291613475711,1,1,0.615,2022
2022-10-25,149.9725799560547,150.12025791702487,147.03889439572563,147.75754573646154,74732300,AAPL,58.20792891435749,-1.1054130753906577,-2.7574244445836165,1.6520113691929588,143.7793437615602,147.36345027329455,2022-11-01,-0.0110934382027638,0,1,0.53,2022
2022-10-26,147.02908325195312,149.62805663114864,145.73942824213276,148.61406419672124,88194300,AAPL,53.2933443197373,-0.7406315887593564,-2.3540658734187647,1.6134342846594083,144.08884276064524,147.35033784108512,2022-11-02,-0.0289252527424582,-1,1,0.605,2022
2022-10-27,142.54981994628906,146.73377520874286,141.8902335075142,145.76900855429128,109180200,AAPL,46.81561072410104,-0.8037140314372664,-2.043995505022465,1.2402814735851986,143.94226915927797,147.16208223736763,2022-11-03,-0.0408841866616285,-1,1,0.42,2022
2022-10-28,153.3197784423828,155.05242232533004,145.52285843662315,145.89694295512044,164762400,AAPL,59.54738277558102,0.0151635249158346,-1.6321636990348052,1.6473272239506398,144.83536528147843,147.40356051991725,2022-11-04,-0.1099936156226658,-1,0,0.485,2022
2022-10-31,150.95709228515625,151.84311529516543,149.55916089247586,150.77989669615485,97943200,AAPL,56.359874049828456,0.4680850676369346,-1.2121139457004573,1.680199013337392,145.41838690087633,147.54291470678936,2022-11-07,-0.0925365941031366,-1,1,0.66,2022
2022-11-01,148.30886840820312,153.0342786292701,146.81250027183614,152.67003329657965,80379300,AAPL,52.939290785537615,0.60634949904167,-0.8484212567520318,1.4547707557937015,145.69367085395507,147.5729521068448,2022-11-08,-0.0724765601770448,-1,1,0.53,2022
2022-11-02,142.77622985839844,149.80527352264477,142.74669726069857,146.63531118174276,93604600,AAPL,46.578927499658505,0.2664162832171826,-0.625453748758189,0.8918700319753716,145.41581933056872,147.38484535200377,2022-11-09,-0.068511933814564,-1,1,0.435,2022
2022-11-03,136.72178649902344,140.58086724418428,136.59380191372105,139.8523615595117,97918500,AAPL,40.80182587992666,-0.4859247810195484,-0.597547955210461,0.1116231741909126,144.5878162037549,146.96668618129866,2022-11-10,0.0592859600551283,1,0,0.49,2022
2022-11-04,136.45558166503906,140.68591486739808,132.51120886983367,140.11397900650272,140814800,AAPL,40.56360301329716,-1.0910638946736526,-0.6962511431030993,-0.3948127515705533,143.81331767625815,146.55448600419044,2022-11-11,0.081803220999171,1,0,0.755,2022
2022-11-07,136.988037109375,137.2148342852633,133.78323487446542,135.2032111952328,83374600,AAPL,41.30181407001736,-1.5102668810975215,-0.8590542907019838,-0.6512125903955379,143.1632909556026,146.17933114557022,2022-11-14,0.0673767784167969,1,0,0.735,2022
2022-11-08,137.55995178222656,139.46310374939873,135.5779105819191,138.4572998817349,89908500,AAPL,42.133176442869456,-1.7758684278278167,-1.0424171181271504,-0.7334513097006663,142.62963960575726,145.84131626857635,2022-11-15,0.0755555466815838,1,0,0.755,2022
2022-11-09,132.99435424804688,136.6231842073022,132.71824941976038,136.57387654941147,74917800,AAPL,37.559771131049686,-2.327930201607188,-1.299519734823158,-1.02841046678403,141.7119933812134,145.33751383639873,2022-11-16,0.1032104707731302,1,0,0.695,2022
2022-11-10,144.8274688720703,144.8274688720703,137.5599685390709,139.27577571396307,118854000,AAPL,52.0785879550209,-1.789975949499592,-1.397610977758445,-0.392364971741147,142.0087053327236,145.3175120730917,2022-11-17,0.0262135890620289,1,0,0.62,2022
2022-11-11,147.6180877685547,147.92377412623946,142.36221138817493,143.7920579720531,93979700,AAPL,54.750758578730895,-1.1254897608125702,-1.34318673436927,0.2176969735566998,142.54293223137418,145.4077307278158,2022-11-18,0.0106213380421671,0,0,0.575,2022
2022-11-14,146.2178497314453,148.19003547375948,145.37966477232854,146.898256219997,73374100,AAPL,53.14929126091079,-0.7037547297780122,-1.2153003334510186,0.5115456036730064,142.8929243742381,145.43950010050716,2022-11-21,-0.0018208129311947,0,0,0.525,2022
2022-11-15,147.953369140625,151.45400187502815,146.49395589081533,150.1030594439155,89868300,AAPL,54.909738371417866,-0.2268695562434288,-1.0176141780095007,0.7907446217660719,143.3748714948464,145.53808320011962,2022-11-22,0.0009331421395768,0,0,0.49,2022
2022-11-16,146.72076416015625,147.7857463571914,145.24162472759372,147.05604720027458,64218300,AAPL,53.375722990125425,0.0510163739385234,-0.803888067619896,0.8549044415584194,143.6935279391616,145.58446284561126,2022-11-23,0.0153238128636579,0,0,0.495,2022
2022-11-17,148.62391662597656,149.3733417806034,144.1174650466656,144.3935698429272,80389400,AAPL,55.445421224124,0.4199703179477865,-0.5591163905063595,0.979086708454146,144.16308876647733,145.70365711150794,2022-11-25,-0.0173166573188257,0,1,0.535,2022
2022-11-18,149.1859893798828,150.57638399086812,147.88435456599078,150.1918083587428,74829600,AAPL,56.06572161008053,0.7490885243299203,-0.2974754075391035,1.046563931869024,144.64146025346832,145.84021916124814,2022-11-28,-0.0467312594091491,-1,1,0.505,2022
2022-11-21,145.9516143798828,148.27879437989566,145.66565404043791,148.07172328326632,58724100,AAPL,51.61275657314805,0.740395227058599,-0.089901280619563,0.830296507678162,144.76623683693637,145.8445876011946,2022-11-29,-0.0462130759946199,-1,0,0.485,2022
2022-11-22,148.0914306640625,148.32809838668408,144.8866286056601,146.06995217218372,51804100,AAPL,54.20423719906229,0.8958442820420203,0.1072478319127536,0.7885964501292666,145.08292196332934,145.9326990938561,2022-11-30,-0.0143160658278139,0,0,0.48,2022
2022-11-23,148.96908569335938,149.71851100166924,147.2631338671993,147.3716047055876,58301400,AAPL,55.262565003918446,1.0774381675479674,0.3012858990397963,0.776152268508171,145.45303279476076,146.05177307815035,2022-12-01,-0.0182696875642103,0,1,0.575,2022
2022-11-25,146.0502471923828,146.80954307968733,145.07400962299127,146.24746279975653,35195900,AAPL,51.03820246162562,0.9745922638915658,0.4359471720101502,0.5386450918814156,145.50991035643904,146.0517132394928,2022-12-02,-0.0020256909304857,0,1,0.52,2022
2022-11-28,142.21434020996094,144.6006835742159,141.3860256630134,143.12154400613,69246000,AAPL,46.05560998921958,0.5769102466012725,0.4641397869283747,0.1127704596728977,145.19604653296494,145.90122802264844,2022-12-05,0.0167105518264227,0,0,0.46,2022
2022-11-29,139.2067413330078,142.79611910491008,138.39815293017466,142.28334655275705,83763800,AAPL,42.54826577111223,0.0188391232510696,0.3750796541929138,-0.3562405309418441,144.6256365139214,145.63869913285862,2022-12-06,0.0123255888133062,0,1,0.525,2022
2022-11-30,145.97134399414062,146.65175056417294,138.59537264763534,139.43354266054223,111380900,AAPL,51.49543283657043,0.1210156448960901,0.324266852333549,-0.2032512074374589,144.75379913108512,145.65174402937947,2022-12-07,-0.0478957657746745,-1,1,0.515,2022
2022-12-01,146.24746704101562,147.05607061526013,144.57111175984417,146.14886675776248,71250400,AAPL,51.8252301403712,0.2217162892986834,0.3037567397265759,-0.0820404504278924,144.89605321774516,145.6751057161103,2022-12-08,-0.0381633879960444,-1,1,0.575,2022
2022-12-02,145.75439453125,145.94175459663157,143.62443017730817,143.93013162674256,65447400,AAPL,51.15633702845583,0.2587527046265165,0.2947559327065641,-0.0360032280800475,144.97780000950752,145.6782150814099,2022-12-09,-0.0382245481650224,-1,1,0.61,2022
2022-12-05,144.5908203125,148.82115263004172,143.7427797370437,145.7149657221435,68826400,AAPL,49.53166249582437,0.1920003549730893,0.2742048171598691,-0.0822044621867798,144.9409448002687,145.63557214929577,2022-12-12,-0.0145945969904296,0,1,0.585,2022
2022-12-06,140.92254638671875,145.25149381357704,139.94630895435972,145.02469664926164,64727200,AAPL,44.710730046352865,-0.1551123729370545,0.1883413791404844,-0.3434537520775389,144.55824018945444,145.45074760958687,2022-12-13,0.0179134860050891,0,1,0.45,2022
2022-12-07,138.9799346923828,141.37613319907325,138.05300496587287,140.21255080814953,69721100,AAPL,42.35943451574953,-0.5802653020679429,0.0346200428987989,-0.6148853449667419,144.02697299925714,145.19699024028475,2022-12-14,0.0161060557702523,0,0,0.48,2022
2022-12-08,140.66616821289062,141.52407940202735,139.1377360156072,140.380207847569,62128300,AAPL,45.06027148175395,-0.7722352614084116,-0.1267510179626431,-0.6454842434457684,143.70689635293652,145.01931094509283,2022-12-15,-0.0431125957266416,-1,-1,0.59,2022
2022-12-09,140.18299865722656,143.54557973820909,138.94051172185388,140.36048819280174,76097000,AAPL,44.41803349368659,-0.9523821142049655,-0.2918772372111076,-0.660504876993858,143.37128704858318,144.82965163968632,2022-12-16,-0.0538125856302029,-1,-1,0.455,2022
2022-12-12,142.48057556152344,142.4904310742392,139.09826892356506,140.71546075742316,70462700,AAPL,48.19894059535153,-0.8993869653215256,-0.4133791828331912,-0.4860077824883343,143.28645738314893,144.73753100917014,2022-12-19,-0.0838812342391364,-1,0,0.4,2022
2022-12-13,143.44696044921875,147.8843792751259,142.2340701831816,147.4209143273598,93886200,AAPL,49.74735007923441,-0.7705265930716791,-0.4848086648808888,-0.2857179281907903,143.3017433894413,144.686920398976,2022-12-20,-0.0905342444478956,-1,-1,0.365,2022
2022-12-14,141.21835327148438,144.62037034418682,139.1968600685047,143.32859121325015,82291200,AAPL,46.30951166005089,-0.83856731169152,-0.5555603942430151,-0.2830069174485049,143.10332528296922,144.5508981586822,2022-12-21,-0.054185864634097,-1,-1,0.45,2022
2022-12-15,134.6016845703125,139.827980094081,134.1382196907759,139.14757356682156,98931900,AAPL,37.92889070717104,-1.410144667835425,-0.7264772489614971,-0.6836674188739279,142.29364521509714,144.16073291992262,2022-12-22,-0.0312820532586289,-1,0,0.805,2022
2022-12-16,132.63938903808594,135.73572104040244,131.8702375566982,134.78908000788886,160156900,AAPL,35.856446025433215,-1.99842805578578,-0.9808674103263538,-1.0175606454594264,141.37419224585798,143.70891551279178,2022-12-23,-0.0197014606009325,0,0,0.665,2022
2022-12-19,130.5291290283203,133.31977409731115,129.49374338835526,133.23102933615738,79592600,AAPL,33.72247515650024,-2.604899565006974,-1.305673841262478,-1.2992257237444962,140.34132908228295,143.1920611408517,2022-12-27,-0.0176777751968967,0,1,0.51,2022
2022-12-20,130.46009826660156,131.39688354522443,128.0836106828586,129.56275008486864,77432800,AAPL,33.65192101918092,-3.0558765681520583,-1.655714386640394,-1.4001621815116645,139.4002594807895,142.69276847911644,2022-12-28,-0.0473166551908089,-1,1,0.48,2022
2022-12-21,133.56631469726562,134.90740198854184,130.90386619083728,131.1306634032082,85928000,AAPL,39.75945210565788,-3.1265919799289748,-1.9498899052981105,-1.1767020746308643,138.84464569188245,142.33486833080858,2022-12-29,-0.0431158080024201,-1,0,0.425,2022
2022-12-22,130.3910675048828,132.68866590052642,128.48791532003168,132.48159480562174,77852100,AAPL,36.101078760210896,-3.3996611870676077,-2.2398441616520097,-1.159817025415598,138.03954300740628,141.86648398469384,2022-12-30,-0.0173939877422806,0,1,0.62,2022
2022-12-23,130.0261993408203,130.57840891041715,127.83707208521685,129.09926968617603,63814900,AAPL,35.694641262653434,-3.6039680127331337,-2.5126689318682347,-1.091299080864899,137.2763674201124,141.4021590966988,2023-01-03,-0.0514939627856794,-1,1,0.69,2022
2022-12-27,128.22166442871094,129.58247750765514,126.92988507827395,129.55289592303325,69007800,AAPL,33.67534674532823,-3.866918105457216,-2.783518766586031,-1.0833993388711851,136.41401475426463,140.88527695285617,2023-01-04,-0.0282242877211897,-1,1,0.75,2022
2022-12-28,124.28716278076172,129.2077647504938,124.11952877613886,127.8666776669259,85438400,AAPL,29.72666638319748,-4.342729071895576,-3.0953608276479403,-1.2473682442476357,135.25907647107388,140.2343705147348,2023-01-05,-0.0080927201613055,0,1,0.74,2022
2022-12-29,127.8074951171875,128.66539108330355,125.9536432642823,126.21002198896753,75703700,AAPL,36.86045104213094,-4.385201419653555,-3.3533289460490634,-1.0318724736044915,134.54940205641805,139.74704206777216,2023-01-06,7.724458189550809e-05,0,1,0.69,2022
2022-12-30,128.123046875,128.14277294659772,125.657822079017,126.62419645842128,77034200,AAPL,37.47317859976469,-4.343331450240669,-3.551329446887385,-0.792002003353284,133.93736822961634,139.291199119036,2023-01-09,0.0016934090077591,0,1,0.675,2022
2022-01-03,324.504638671875,327.65516914441747,319.6867493505216,325.08628098351727,28865100,MSFT,51.4429816670624,2.0415620897593953,1.7307768756067807,0.3107852141526146,324.1753642764973,318.1266358313123,2022-01-10,-0.0611800513252245,-1,0,0.555,2022
2022-01-04,318.9403076171875,324.9408584339229,316.1387449484789,324.5821578282409,32674300,MSFT,46.12218328537744,1.3812982756662675,1.6608811556186782,-0.2795828799524105,323.67678745180115,318.1585445287976,2022-01-11,-0.0426431408331192,-1,1,0.51,2022
2022-01-05,306.6967468261719,316.0901730214137,306.30899530929736,315.88657906863045,40054300,MSFT,37.043176251168305,-0.1284380323870664,1.3030173180175293,-1.4314553504045957,322.05964072555076,317.70906226594957,2022-01-12,0.0059741255556431,0,1,0.79,2022
2022-01-06,304.27337646484375,308.9458623840181,301.95651073409414,303.5657082342745,39646100,MSFT,35.55147170783479,-1.5031334816814024,0.741787158077743,-2.2449206397591452,320.3657107959596,317.18217262669054,2022-01-13,-0.0289284414012234,-1,1,0.82,2022
2022-01-07,304.42840576171875,306.81310597977955,300.59928881417596,304.53502486859134,32720000,MSFT,35.72977652366154,-2.550677340133575,0.0832942584354793,-2.633971598569054,318.84787222127,316.6820249064956,2022-01-14,-0.0122276455038389,0,1,0.745,2022
2022-01-10,304.65142822265625,305.08766733673764,295.3646471311674,300.01772629144193,44289500,MSFT,36.004074059151954,-3.324544071779087,-0.598273407607434,-2.726270664171653,317.4958299356877,316.210236801247,2022-01-18,-0.036974529636822,-1,1,0.565,2022
2022-01-11,305.3396911621094,306.91977831660637,300.40547992451036,303.78865505675424,29386800,MSFT,36.899105061697114,-3.838059207422134,-1.246230567570374,-2.59182863985176,316.33810243344215,315.7839408938298,2022-01-19,-0.0369865345323027,-1,1,0.505,2022
2022-01-12,308.52899169921875,313.5116906389341,307.37541056986225,309.8861668515591,34372200,MSFT,41.01578674655316,-3.942230177316958,-1.7854304895196909,-2.156799687797267,315.59437760161137,315.4994330822765,2022-01-20,-0.0523769920863536,-1,1,0.435,2022
2022-01-13,295.4712219238281,311.0590909801725,294.69571870801707,310.6616359674152,45366000,MSFT,31.853118368789826,-5.020565361712215,-2.4324574639581957,-2.5881078977540195,313.67788658467964,314.7140130368471,2022-01-21,-0.0287730811017268,-1,-1,0.56,2022
2022-01-14,300.7059631347656,301.3069825464873,294.45336140484744,294.93805829604884,39846400,MSFT,37.84745000099978,-5.390614251614181,-3.0240888214893933,-2.366525430124788,312.44246530373545,314.1646777465694,2022-01-24,-0.0445843130580676,-1,-1,0.725,2022
2022-01-18,293.3870849609375,300.31824606809926,292.5049328805996,294.7636374425836,42333200,MSFT,33.4210662291423,-6.2029492276363385,-3.6598609027187825,-2.543088324917556,310.6276671758499,313.34987018634854,2022-01-25,-0.0467868381273905,-1,-1,0.82,2022
2022-01-19,294.0462341308594,304.3024380013182,293.4355408334725,296.91566133072115,45933900,MSFT,34.16781511745377,-6.716123429168363,-4.2711134080086985,-2.445010021159664,309.048483076327,312.5928648508392,2022-01-26,-0.021824421370279,-1,-1,0.84,2022
2022-01-20,292.3691711425781,302.11156683740717,291.9232582853758,299.6105438916935,35380700,MSFT,33.149083869521164,-7.175428772121393,-4.851976480831238,-2.323452291290155,307.4599771778747,311.79977882306423,2022-01-27,-0.0058354843501069,0,-1,0.845,2022
2022-01-21,286.9696044921875,294.80229226203056,286.56244613750937,293.42576982919087,57984400,MSFT,30.04321548974579,-7.884246779057378,-5.458430540476466,-2.4258162385809117,305.50851311257117,310.8260464963632,2022-01-28,0.0413136922523933,1,-1,0.845,2022
2022-01-24,287.2991943359375,288.01653617774014,267.60110806090813,283.25683933974835,85731500,MSFT,30.47144277132071,-8.323447488932516,-6.031433930167676,-2.2920135587648396,303.7742922767013,309.90342484301317,2022-01-31,0.049296914667386,1,-1,0.86,2022
2022-01-25,279.6604309082031,285.9614911267102,276.4420657108663,282.59769318056505,72848600,MSFT,26.43291176307656,-9.182056552284337,-6.661558454591009,-2.520498097693328,301.4777340511301,308.7174250808638,2022-02-01,0.070262343171525,1,-1,0.87,2022
2022-01-26,287.62884521484375,299.0580071592012,284.06148289400227,298.5636068216338,90428900,MSFT,35.966782479310254,-9.114460158058307,-7.152138795284468,-1.9623213627738387,300.15879225719806,307.89042194886304,2022-02-02,0.0564523881217464,1,-1,0.905,2022
2022-01-27,290.6630554199219,297.8947254313369,288.81150957189453,293.3967532426776,53481300,MSFT,39.19797034792936,-8.715586269777475,-7.46482829018307,-1.2507579795944048,299.25443636793364,307.2148389477281,2022-02-03,0.0047025302361385,0,-1,0.845,2022
2022-01-28,298.82537841796875,299.03864626312003,285.438050786546,291.0411464452791,49743700,MSFT,46.95279818337722,-7.652629835869675,-7.502388599320391,-0.1502412365492835,299.2135737060322,306.8858404955807,2022-02-04,-0.0075262129656011,0,-1,0.67,2022
2022-01-31,301.462158203125,302.819303892865,296.9932364584316,299.4942895571127,46444500,MSFT,49.20655235133428,-6.522278346831172,-7.306366548822548,0.7840882019913762,299.42772461051726,306.67314707234715,2022-02-07,-0.0322529800638003,-1,-1,0.615,2022
2022-02-01,299.3100280761719,301.1227896817067,295.7911239790513,300.9095218702585,40950400,MSFT,47.43512454429311,-5.734027266152452,-6.99189869228853,1.2578714261360773,299.4165154167701,306.3843973077913,2022-02-08,-0.01360265527681,0,-1,0.63,2022
2022-02-02,303.8661804199219,305.47537772113645,299.4263697135264,300.1534150830392,36636000,MSFT,51.42218558990778,-4.687652844852607,-6.531049522801346,1.8433966779487383,299.8402930361179,306.28564370434543,2022-02-09,-0.0071781033950993,0,-1,0.405,2022
2022-02-03,292.0299072265625,301.7044688280811,290.77938083421395,300.0177033550017,43730000,MSFT,42.42031848680266,-4.7586274094600185,-6.176565100133081,1.417937690673062,299.09644676854117,305.7265952150206,2022-02-10,0.0037510831585718,0,-1,0.575,2022
2022-02-04,296.57635498046875,299.34880717402064,290.78907254882864,291.02171760463654,35096500,MSFT,46.30835790790859,-4.397325296980853,-5.820717139502635,1.4233918425217826,298.85643802682,305.36776226464605,2022-02-11,-0.0356277398295612,-1,-1,0.475,2022
2022-02-07,291.7391052246094,298.41821379352973,290.72122388231634,296.7993425518359,28533300,MSFT,42.98278166460071,-4.4500193455403405,-5.546577580710177,1.0965582351698364,298.17859680756186,304.8333051258211,2022-02-14,-0.0197708988361253,0,-1,0.55,2022
2022-02-08,295.2386169433594,296.20801088645777,290.7697250657824,292.02992535838814,32421200,MSFT,46.00387238639349,-4.1614280573542715,-5.2695476760389965,1.108119618684725,297.8985987252569,304.4570428441559,2022-02-15,-0.0134292857453692,0,-1,0.42,2022
2022-02-09,301.68499755859375,302.38296218850303,297.98193620057947,300.3860135830635,31284700,MSFT,51.13966370010183,-3.3736589014934,-4.890369921129877,1.5167110196364773,298.2592081379556,304.3483351858986,2022-02-16,-0.0356370378208171,-1,0,0.435,2022
2022-02-10,293.1253356933594,299.6590411901458,291.496761022089,294.7345331364793,45386200,MSFT,45.01692249105004,-3.400836618755079,-4.592463260654918,1.1916266418998385,297.77026790513696,303.9082175587402,2022-02-17,-0.0365396369919369,-1,0,0.36,2022
2022-02-11,286.010009765625,294.9769041315097,285.21509959746055,293.9105648307472,39175600,MSFT,40.65910785143424,-3.950978076728063,-4.4641662238695465,0.5131881471414834,296.6502433204215,303.2063270570494,2022-02-18,-0.0220806156567195,-1,-1,0.515,2022
2022-02-14,285.9711608886719,287.6773033830827,282.4328795604881,284.778795906753,36359500,MSFT,40.635978043718744,-4.340074251059548,-4.439347829307547,0.0992735782479989,295.6331878507311,302.5304381877013,2022-02-22,-0.0226612667160617,-1,-1,0.62,2022
2022-02-15,291.2737731933594,291.59366014918345,287.9293525556165,290.8278603028446,27058300,MSFT,45.21693872507967,-4.172461733696764,-4.385970610185391,0.2135088764886266,295.21800550240994,302.0890003447859,2022-02-23,-0.0652992484959074,-1,-1,0.425,2022
2022-02-16,290.933837890625,292.2646490336459,285.28029175577853,289.8361528909863,29982100,MSFT,44.97732156668981,-4.0207093099560325,-4.312918350139519,0.2922090401834865,294.8099895393828,301.65154299364235,2022-02-24,-0.0163940788728376,0,-1,0.405,2022
2022-02-17,282.4146423339844,288.3110075664805,281.70551089308395,287.8835899369958,32461600,MSFT,39.34946986665417,-4.535588859293398,-4.357452451970295,-0.1781364073231026,293.6294802817258,300.8971547324793,2022-02-25,0.0226327329656934,1,-1,0.665,2022
2022-02-18,279.6947326660156,285.45511803174475,278.1210720097872,284.66828770363054,34264000,MSFT,37.72640794615405,-5.104269746284103,-4.506815910833057,-0.5974538354510459,292.302361461182,300.0656872004611,2022-02-28,0.0377173600062934,1,-1,0.845,2022
2022-02-22,279.4906921386719,283.2014403886753,276.36278873938284,276.848487840858,41736100,MSFT,37.60111012758763,-5.507925870793883,-4.707037902825223,-0.8008879679686602,291.0822024780858,299.25882464901844,2022-03-01,0.0251286503432768,1,-1,0.885,2022
2022-02-23,272.2538146972656,283.3569207680284,272.088693572859,281.88037625017427,37811200,MSFT,33.36810269774112,-6.338713047763633,-5.033372931812905,-1.3053401159507283,289.28902268943625,298.1998046509105,2022-03-02,0.0710743034607512,1,-1,0.945,2022
2022-02-24,286.16424560546875,286.7179497975743,263.75407783291644,264.7157823888698,56989700,MSFT,45.96109535404183,-5.807714631940087,-5.188241271838342,-0.619473360101745,288.9914248719155,297.7278219432461,2022-03-03,0.0045146490946492,0,-1,0.695,2022
2022-02-25,288.80645751953125,289.1173121239739,283.30833898794964,286.69853958099424,32546700,MSFT,47.972464442766096,-5.114730710364654,-5.173539159543605,0.0588084491789508,288.9738089335932,297.37796451486514,2022-03-04,-0.025057985272005,-1,-1,0.605,2022
2022-02-28,290.24407958984375,290.58407489243245,284.61967565103026,285.89220493509373,34627500,MSFT,49.08294329760445,-4.398824957534316,-5.018596319141747,0.6197713616074312,289.09478709133134,297.09820432172705,2022-03-07,-0.0665350397309645,-1,-1,0.445,2022
2022-03-01,286.513916015625,291.39032439377746,283.7939832206837,287.9224256437058,31217800,MSFT,46.3203515255584,-4.085363983801074,-4.831949852073612,0.7465858682725388,288.848989846026,296.683134192076,2022-03-08,-0.0647567531640878,-1,-1,0.425,2022
2022-03-02,291.60406494140625,292.8474536090081,285.2996993116975,286.9121944404564,31873000,MSFT,50.42116250193438,-3.3871662811408783,-4.542993137887066,1.155826856746188,289.1113779503479,296.4839550057753,2022-03-09,-0.0389419171511631,-1,0,0.36,2022
2022-03-03,287.4561767578125,294.4599496832263,285.6396371693534,294.2268235947487,27314500,MSFT,47.25325116857545,-3.132430770555459,-4.260880664420745,1.1284498938652865,288.953739741535,296.1299244862473,2022-03-10,-0.0349080893359678,-1,-1,0.365,2022
2022-03-04,281.5695495605469,287.20367853893225,278.9565149189969,285.872867362706,32356500,MSFT,43.11329664049115,-3.366742944430712,-4.082053120422739,0.7153101759920268,288.25048353382186,295.5589293911218,2022-03-11,-0.0337749937110298,-1,-1,0.5,2022
2022-03-07,270.93267822265625,281.4043497373508,270.5635421598178,280.27752425674123,43157200,MSFT,36.83358225621221,-4.360478766364963,-4.137738249611184,-0.2227405167537792,286.6011687422823,294.59319405118197,2022-03-14,-0.0088557885505189,0,-1,0.725,2022
2022-03-08,267.960205078125,275.83823041762696,262.27751955874135,269.8544138214388,48159500,MSFT,35.28679839448462,-5.326475017115172,-4.375485603111982,-0.9509894140031898,284.82583886950545,293.5487631110621,2022-03-15,0.0409644303526441,1,-1,0.9,2022
2022-03-09,280.2484436035156,281.3169877923011,272.7492466304852,275.3331699798294,35204500,MSFT,45.47974855439351,-5.042350772604948,-4.508858637010575,-0.5334921355943729,284.3898964632207,293.02718195390344,2022-03-16,0.0204158014526774,1,-1,0.54,2022
2022-03-10,277.421630859375,278.40275260718323,272.5549159967274,274.9251301683572,30628000,MSFT,43.77172911888662,-4.987784352391884,-4.604643780086837,-0.3831405723050469,283.7262521199973,292.4151995580396,2022-03-17,0.0337197345111714,1,-1,0.66,2022
2022-03-11,272.0595397949219,281.2295424824958,271.43783062877634,279.72385727089465,27209300,MSFT,40.65292312526189,-5.315937192381966,-4.746902462545863,-0.5690347298361029,282.6151366604663,291.61693839085854,2022-03-18,0.0726960316873637,1,-1,0.855,2022
2022-03-14,268.5333557128906,277.23707641662975,267.93109349369803,272.32180325678297,30660700,MSFT,38.70010293749691,-5.793747552851016,-4.956271480606894,-0.8374760722441223,281.2740146654591,290.71169985446767,2022-03-21,0.0821876646792738,1,-1,0.905,2022
2022-03-15,278.9370422363281,279.58789220242016,270.7578843795946,272.33154503092817,34245100,MSFT,46.817328059452805,-5.2721510749630625,-5.019447399478128,-0.2527036754849341,281.0514458626847,290.24994857532494,2022-03-22,0.058888915997435,1,-1,0.635,2022
2022-03-16,285.9699401855469,286.1447847528413,275.0999915812556,280.8409290538057,37826300,MSFT,51.49339250771836,-4.242382475825821,-4.8640344147476675,0.6216519389218469,281.5198738934335,290.0821051090591,2022-03-23,0.0173239609619937,0,-1,0.4,2022
2022-03-17,286.7762145996094,287.1550445309803,281.09352847125103,284.9014229476991,30816600,MSFT,52.014293844173864,-3.322919289900483,-4.555811389778231,1.2328920998777484,282.02047777021215,289.9524623439827,2022-03-24,0.0300792277773858,1,0,0.335,2022
2022-03-18,291.8371887207031,292.3908928751007,284.35743948050003,286.9219156173707,43390600,MSFT,55.261932570866605,-2.160949692522479,-4.076839050327081,1.915889357804602,282.95540262263984,290.02637318228545,2022-03-25,0.010818033527622,0,1,0.36,2022
2022-03-21,290.6034851074219,291.5554660025424,286.46531934552905,290.3412182690969,28351200,MSFT,54.29722680630264,-1.3243635475732276,-3.5263439497763103,2.2019804022030827,283.68379143071434,290.0490050224869,2022-03-28,0.0385748692963345,1,1,0.53,2022
2022-03-22,295.36334228515625,296.27645898935685,290.2246373680648,291.2251763552564,27599700,MSFT,57.38800898954214,-0.2741223936475876,-2.8758996385505657,2.601777244902978,284.7961296073278,290.25741040533666,2022-03-29,0.037328332816378,1,0,0.5,2022
2022-03-23,290.924072265625,294.5571221270399,289.20470791785544,291.9149175208854,25715400,MSFT,53.73787616310866,0.1977102170568514,-2.261177667429082,2.4588878844859337,285.3797431938323,290.2835540077009,2022-03-30,0.0479818525123256,1,1,0.52,2022
2022-03-24,295.4022216796875,295.49936743623834,289.78754082983255,290.58409453093765,24484500,MSFT,56.72785191803251,0.9223578258011572,-1.6244705687830343,2.5468283945841916,286.33426495438994,290.484286073269,2022-03-31,0.0138440701919679,0,0,0.54,2022
2022-03-25,294.9942932128906,296.76224562068523,290.7298691575289,296.49997869436714,22566500,MSFT,56.370444406852265,1.4470491763173072,-1.0101666197629662,2.4572157960802734,287.1590295504376,290.6611490983522,2022-04-01,0.018901401797758,0,0,0.52,2022
2022-03-28,301.8134765625,301.91059268087037,295.6256442255647,295.6256442255647,29578200,MSFT,60.81492539194265,2.385621992487472,-0.3310088973128785,2.7166308898003506,288.55469117063404,291.09849527341686,2022-04-04,0.0137432172706004,0,0,0.645,2022
2022-03-29,306.3887634277344,306.7870403167867,300.21065437950557,304.93166587278824,30393400,MSFT,63.50142520274831,3.4587646383661195,0.4269458098229211,3.0318188285431984,290.25317424273885,291.69811363240973,2022-04-05,-0.0143622145060029,0,0,0.46,2022
2022-03-30,304.8831481933594,306.91339734025274,302.6683605869354,304.78603204983773,28163600,MSFT,61.99515040720604,4.140023733809585,1.169561394620254,2.9704623391893312,291.6465050951789,292.2151738112705,2022-04-06,-0.0457529725253545,-1,1,0.495,2022
2022-03-31,299.4917907714844,306.1264573909098,299.0838201093192,304.9219034077855,33422100,MSFT,56.79956428416784,4.196514185374326,1.7749519527710684,2.4215622326032578,292.39367515958895,292.50053133912206,2022-04-07,-0.0225098527606224,-1,0,0.48,2022
2022-04-01,300.5700988769531,301.2597834241502,296.8010684307619,300.5215111712641,27110500,MSFT,57.56555721657082,4.278968442901146,2.275755250797084,2.0032131921040617,293.1723821802903,292.8169849680566,2022-04-08,-0.040236748992114,-1,0,0.495,2022
2022-04-04,305.96136474609375,306.0973451110636,300.85179951692544,301.2209356635581,24289600,MSFT,61.2637284430713,4.724878674765023,2.765579935590672,1.959298739174351,294.39038051989064,293.3324508417051,2022-04-11,-0.0943265845061642,-1,0,0.535,2022
2022-04-05,301.98834228515625,305.86421245270554,301.0072204052596,304.30996906857746,23156700,MSFT,57.30056169944353,4.703457507121925,3.1531554498969228,1.5503020572250024,295.11399592610644,293.6718975649777,2022-04-12,-0.0927047641799539,-1,0,0.625,2022
2022-04-06,290.933837890625,298.2193263186039,288.2236278948929,296.4610974828966,40110400,MSFT,47.99687956402603,3.75123307926657,3.272770975770852,0.4784621034957173,294.71588563701295,293.56452267578743,2022-04-13,-0.0396662442884535,-1,0,0.62,2022
2022-04-07,292.7502746582031,294.96506139767257,287.873866301883,288.17499737628344,31411200,MSFT,49.44928861733566,3.107340143411591,3.239684809299,-0.132344665887409,294.528684591412,293.5325913809802,2022-04-14,-0.0714734039686469,-1,0,0.645,2022
2022-04-08,288.47613525390625,292.50743200328867,287.80586809966695,291.8468883177177,24361900,MSFT,46.1808906633364,2.2264973478158936,3.037047317002379,-0.8105499691864853,293.9522513211734,293.33429898384003,2022-04-18,-0.0553925583420591,-1,0,0.635,2022
2022-04-11,277.10107421875,284.2408276388605,276.84850118749597,283.444303604029,34569300,MSFT,38.82584270834717,0.6035928829599015,2.5503564301938835,-1.946763547233982,292.34737731141877,292.6977019342287,2022-04-19,0.0001401974967534,0,-1,0.42,2022
2022-04-12,273.9925842285156,282.4243138069995,272.46748188240565,280.96721645218093,30966700,MSFT,37.08751611933726,-0.9227627269939376,1.8557325987563191,-2.778495325750257,290.5993017797137,291.96416790655366,2022-04-20,0.0152450566589765,0,0,0.56,2022
2022-04-13,279.3935852050781,280.32611930894404,273.25434059478465,274.6434627479795,21907200,MSFT,41.95066119659848,-1.6772604890610978,1.149133981192836,-2.826394470253934,289.5320906773675,291.4712038790448,2022-04-21,-0.0236771161733879,-1,0,0.505,2022
2022-04-14,271.826416015625,280.06388556784333,271.33102296308977,279.85017672242856,28221600,MSFT,37.568863500997686,-2.85292595890985,0.3487219931722988,-3.201647952082149,287.8458359476777,290.7008200412637,2022-04-22,-0.020726921387712,-1,1,0.49,2022
2022-04-18,272.4967041015625,274.38121961538,270.3790624275961,270.93276670268006,20778000,MSFT,38.184779765297286,-3.688049132603623,-0.4586322319828856,-3.229416900620738,286.3840138670953,289.9869331416676,2022-04-25,0.0007128320520648,0,1,0.44,2022
2022-04-19,277.1399230957031,277.98506451815985,270.44700422483857,271.38926176150375,22297700,MSFT,42.42234825731799,-3.929919629468088,-1.152889711479926,-2.777029917988162,285.50362426981985,289.4831288261396,2022-04-26,-0.052856517240168,-1,0,0.415,2022
2022-04-20,278.16961669921875,281.41411326884315,277.2079418210266,281.12267597761297,22906700,MSFT,43.34981043576754,-3.992493097335398,-1.7208103886510209,-2.271682708684377,284.805147358334,289.0394616839074,2022-04-27,-0.0109652572851396,0,-1,0.395,2022
2022-04-21,272.7783508300781,284.91110595859055,272.049802114216,280.3261048543094,29454600,MSFT,39.74035701236301,-4.426091888247413,-2.2618666885702994,-2.1642251996771136,283.6597381651668,288.40177106218863,2022-04-28,0.0314091972378505,1,-1,0.655,2022
2022-04-22,266.1922912597656,275.1000272597843,265.5608882550552,273.6234827807658,29405800,MSFT,35.8169576174473,-5.240749916499681,-2.8576433341561756,-2.383106582343505,281.9961717932238,287.53081106993676,2022-04-29,0.0127358975643585,0,-1,0.86,2022
2022-04-25,272.6909484863281,273.0697784310283,263.0255229577328,265.4734657946964,35678900,MSFT,41.91102344023306,-5.300879704988688,-3.346290608322678,-1.9545890966660096,281.10996004970997,286.94885567450115,2022-05-02,0.0133583465660764,0,-1,0.8,2022
2022-04-26,262.49127197265625,270.3984393869639,262.2775631428249,269.56305100790337,46518400,MSFT,36.115094551204635,-6.101230461106411,-3.897278578879425,-2.203951882226986,279.33675166141916,285.989734745017,2022-05-03,0.0427797427230305,1,-1,0.945,2022
2022-04-27,275.1194152832031,282.6477517681087,271.1755407349465,274.0314539795078,63477700,MSFT,46.06082856183044,-5.651382949404535,-4.248099452984447,-1.4032834964200882,278.9351005777795,285.56344770729885,2022-05-04,0.0238685860066312,1,-1,0.685,2022
2022-04-28,281.3460998535156,282.6574935130097,273.4097625442166,277.03308894590896,33646600,MSFT,50.17942611552754,-4.737819514976081,-4.346043465382774,-0.3917760495933073,279.16471955642106,285.39806151695444,2022-05-05,-0.0423989242391027,-1,-1,0.45,2022
2022-04-29,269.5824890136719,281.58898935295827,268.59167326000477,280.35529434040376,37073900,MSFT,43.432198433678685,-4.906480144571276,-4.458130801220475,-0.4483493433508014,278.2521261713973,284.777842987414,2022-05-06,-0.0100534556440187,0,-1,0.64,2022
2022-05-02,276.3336486816406,276.7902070239769,268.31961348692494,269.76698732669024,35151100,MSFT,47.77251311515286,-4.444153312255764,-4.455335303427533,0.0111819911717683,278.0694140295157,284.4466981126778,2022-05-09,-0.069919483382535,-1,-1,0.465,2022
2022-05-03,273.7205810546875,276.0033727323189,272.1371972603151,275.83822199618373,25978600,MSFT,46.291991556147515,-4.239735652480533,-4.412215373238133,0.1724797207575994,277.65523946048444,284.026066071188,2022-05-10,-0.0435801061311972,-1,-1,0.445,2022
2022-05-04,281.6861267089844,282.5603793648833,268.8150975432188,274.5074780995146,33599300,MSFT,51.25159158113728,-3.3958351471574133,-4.208939328021989,0.8131041808645758,278.0391334841511,283.93430374325845,2022-05-11,-0.1014900830320517,-1,0,0.385,2022
2022-05-05,269.4173278808594,278.15991269271166,266.49340947413936,277.3730824312229,43260400,MSFT,44.44402108233784,-3.6746681603625575,-4.102085094490103,0.4274169341275451,277.2180091409804,283.36501057218396,2022-05-12,-0.0793220798600676,-1,-1,0.425,2022
2022-05-06,266.87225341796875,271.262962860932,263.5111941095832,266.9499522347346,37780300,MSFT,43.16321979341839,-4.054276396689886,-4.0925233549300595,0.0382469582401734,276.23269907212216,282.7182357818226,2022-05-13,-0.049539501444847,-1,-1,0.49,2022
2022-05-09,257.0125427246094,264.5700201232837,255.78860105571707,262.3358159472055,47726000,MSFT,38.5306391688652,-5.092017305001377,-4.292422144944323,-0.7995951600570539,274.40220799140667,281.7101693874221,2022-05-16,-0.0116408785926311,0,-1,0.655,2022
2022-05-10,261.79180908203125,265.9202513402822,257.4885222663989,263.9191734643311,39336400,MSFT,41.791820276033526,-5.465781471832827,-4.527094010322024,-0.9386874615108028,273.2012176190852,280.9290572185833,2022-05-17,-0.0099440524648319,0,-1,0.745,2022
2022-05-11,253.0977783203125,263.5985900413327,251.88353062227853,258.08105561619897,48975900,MSFT,37.8571466153527,-6.389869452799871,-4.899649098817594,-1.4902203539822771,271.2866043525354,279.83763451669034,2022-05-18,-0.0225606582883864,-1,-1,0.705,2022
2022-05-12,248.0465850830078,252.44701860866545,242.86902988003936,250.31965376069255,51033800,MSFT,35.751116698724815,-7.443995172455914,-5.408518313545258,-2.0354768589106556,269.07326918400895,278.59092669576165,2022-05-19,-0.0063458489524563,0,-1,0.655,2022
2022-05-13,253.6515350341797,255.51663292916277,248.0465771687685,249.9893738888767,34925100,MSFT,39.7560262217187,-7.73792677810485,-5.874400006457177,-1.863526771647673,267.6045325983109,277.61291133648393,2022-05-20,-0.0305291841148094,-1,-1,0.605,2022
2022-05-16,254.02069091796875,258.21713927463696,248.46429068036025,252.52472902657055,32550900,MSFT,40.02121037131863,-7.850585238774215,-6.269637052920585,-1.5809481858536305,266.3108333906593,276.6877262220324,2022-05-23,-0.0009290884517194,0,-1,0.56,2022
2022-05-17,259.18853759765625,260.6553290764096,254.9532250048792,258.49882336445273,28828800,MSFT,43.753811301087694,-7.437135178083963,-6.503136677953261,-0.933998500130702,265.6325195056114,276.00148353088036,2022-05-24,-0.0247185653278135,-1,-1,0.52,2022
2022-05-18,247.38772583007812,256.656980355756,246.1122326211362,256.0727779613794,31356000,MSFT,37.946529847538955,-7.96982868831202,-6.796475080025013,-1.173353608287007,263.8949201079416,274.87937538575085,2022-05-25,0.0332177621116942,1,-1,0.495,2022
2022-05-19,246.47251892089844,250.88321645351337,245.2457115389156,247.2124958542853,32692300,MSFT,37.53049153311011,-8.369364853601155,-7.111053034740242,-1.2583118188609133,262.23564380441366,273.76538101458016,2022-05-26,0.0504067307615516,1,1,0.54,2022
2022-05-20,245.9077606201172,251.7302626962446,239.94896148794473,250.4644858725116,39199300,MSFT,37.25902222780723,-8.632066330700809,-7.415255693932355,-1.2168106367684537,260.6806073106711,272.6729253128365,2022-05-27,0.0818816378524172,1,1,0.585,2022
2022-05-23,253.78468322753903,254.61230085567473,246.75485101727517,248.76060475810127,33175400,MSFT,43.407581605151336,-8.111156951418167,-7.554435945429518,-0.5567210059886492,260.0238526360871,271.9322099369425,2022-05-31,0.0430463912619702,1,1,0.58,2022
2022-05-24,252.78176879882812,254.44672016149343,246.82297047875053,251.09735492045692,29043900,MSFT,42.83203201147592,-7.690606800123305,-7.581670116368276,-0.1089366837550294,259.33413036587194,271.18121224525174,2022-06-01,0.0493029647043825,1,1,0.59,2022
2022-05-25,255.6053924560547,257.6111310910485,250.35737681245936,251.3407836132024,28547900,MSFT,45.04146055166257,-7.048227366479665,-7.474981566390555,0.4267541999108895,258.9790124696989,270.5703957829303,2022-06-02,0.0459393881868064,1,1,0.565,2022
2022-05-26,258.8963928222656,260.0745140342106,254.5441279914447,255.36199947266203,25002100,MSFT,47.58416294466028,-6.202087013283574,-7.220402655769159,1.018315642485585,258.9711439318481,270.1125917452572,2022-06-03,0.0154943993157554,0,1,0.445,2022
2022-05-27,266.0430908203125,266.14046285160765,260.51270412250375,261.4084852111383,26910800,MSFT,52.701775152412935,-4.8983705200432155,-6.755996228623971,1.8576257085807557,259.6446626831304,269.9530034736907,2022-06-06,-0.0164323158631289,0,1,0.455,2022
2022-05-31,264.7091979980469,267.53280881323343,261.846632424963,265.35181779136917,37827700,MSFT,51.68742033922995,-3.9275257374282546,-6.190302130384828,2.2627763929565736,260.1269993797891,269.7473640432733,2022-06-07,0.0023171571194851,0,1,0.44,2022
2022-06-01,265.2446594238281,270.37584058599896,262.9273422171167,267.95143496551884,25292200,MSFT,52.08609456522419,-3.079419361101486,-5.5681255765281605,2.4887062154266744,260.6143955744595,269.57078739153036,2022-06-08,-0.0073782117017968,0,0,0.475,2022
2022-06-02,267.3477478027344,267.41591118453516,254.7096506560201,257.48458965470934,44008200,MSFT,53.702065572902235,-2.212087721376008,-4.896918005497731,2.6848302841217224,261.25566721524757,269.48360936844034,2022-06-09,-0.0356543287554488,-1,0,0.55,2022
2022-06-03,262.9078369140625,266.24751551202553,261.34025753674024,263.1902068212331,28059000,MSFT,49.87753293951812,-1.8615263341190484,-4.289839671221994,2.4283133371029457,261.4130167103728,269.22573593885693,2022-06-10,-0.0630692130576517,-1,0,0.55,2022
2022-06-06,261.67138671875,266.95835867538005,260.18168661733006,264.8942021650492,22400300,MSFT,48.83449257126853,-1.6642902048786254,-3.764729777953321,2.1004395730746954,261.43762337783727,268.9294869498331,2022-06-13,-0.0985676279102748,-1,0,0.53,2022
2022-06-07,265.32257080078125,265.9359818654596,258.9353582624585,259.6169327151611,22860700,MSFT,52.02495289381448,-1.19953165599685,-3.251690153562027,2.052158497565177,261.8076183704986,268.7880392577134,2022-06-14,-0.1027890210476312,-1,0,0.605,2022
2022-06-08,263.2876281738281,265.8094061537368,262.5086816828443,264.5533753652425,17372300,MSFT,50.14808569238259,-0.9840663169318872,-2.798165386235999,1.814099069304112,261.9485716851014,268.5723368622669,2022-06-15,-0.0689694321898961,-1,0,0.58,2022
2022-06-09,257.8156433105469,265.5270199603348,257.6598540218745,260.72687950108036,26439700,MSFT,45.40458506843969,-1.240551623659201,-2.48664263372064,1.246091010061439,261.55495945895336,268.15050574259163,2022-06-16,-0.0748518336009871,-1,0,0.52,2022
2022-06-10,246.32644653320312,253.71651344444265,245.87855603655117,253.71651344444265,31422800,MSFT,37.40444969166916,-2.343881431696275,-2.458090393315767,0.1142089616194921,260.1046248945962,267.29466028339993,2022-06-17,-0.0211075836649993,-1,1,0.6,2022
2022-06-13,235.87905883789065,242.46101532020856,235.16829061749948,238.653998046273,46135800,MSFT,31.90024722382978,-4.015012562614089,-2.7694748271754315,-1.2455377354386576,257.7974281272909,266.0626759129878,2022-06-21,0.0473871127795133,1,1,0.51,2022
2022-06-14,238.05032348632812,239.2673994308343,235.14880373766889,237.43691245609412,28651500,MSFT,34.07161458049407,-5.105341909040561,-3.2366482435484576,-1.8686936654921036,255.91675149481827,264.9641522884129,2022-06-22,0.0353388715728986,1,1,0.59,2022
2022-06-15,245.1288299560547,248.57559739959137,239.92948501310264,241.7697032729962,33111700,MSFT,40.708904651956544,-5.33674083063255,-3.656666760965276,-1.680074069667274,254.8893303958884,264.18629651067334,2022-06-23,0.0282015364932555,1,1,0.565,2022
2022-06-16,238.5176696777344,240.9031354894678,236.61903422990096,239.50106166433432,33169200,MSFT,36.965743382177514,-5.984604727806982,-4.122254354333617,-1.8623503734733644,253.33012461320703,263.1796836936953,2022-06-24,0.0927870362231531,1,1,0.575,2022
2022-06-17,241.12709045410156,243.90202966853337,237.60244312287517,238.2547940740926,43084800,MSFT,39.33671396896825,-6.215830856221402,-4.540969654711175,-1.674861201510227,252.16793088376843,262.31487611567206,2022-06-27,0.0696143427893236,1,1,0.605,2022
2022-06-21,247.0566864013672,248.04007841973456,242.93809069276983,243.66833626220972,29928300,MSFT,44.44999110662678,-5.853139048146318,-4.803403533398203,-1.0497355147481144,251.6811456949683,261.71651573471894,2022-06-28,0.0107985204470577,0,1,0.605,2022
2022-06-22,246.46275329589844,250.39635109194543,243.77544008593577,245.2554086032424,25939900,MSFT,44.04948298108506,-5.549655639428039,-4.952653954604171,-0.5970016848238684,251.18415594267591,261.11832897241226,2022-06-29,0.0281675857684375,1,1,0.685,2022
2022-06-23,252.04183959960935,252.53841615379295,246.9496122450279,248.83851671782892,25861400,MSFT,48.72328268897365,-4.803584481424792,-4.922840059968295,0.1192555785435027,251.26584010047912,260.76238821269453,2022-06-30,-0.0078421394017392,0,1,0.56,2022
2022-06-24,260.6490173339844,260.9216411791488,254.8265148455369,254.9141407550072,33923200,MSFT,54.97250727310877,-3.47770162404845,-4.633812372784327,1.1561107487358768,252.15947602747963,260.7579422958824,2022-07-01,-0.0303327605240965,-1,0,0.44,2022
2022-06-27,257.9129943847656,261.23315118888274,256.3453852230229,261.1455252924523,24615100,MSFT,52.770879481898554,-2.617530827192155,-4.230556063665893,1.613025236473738,252.70743015674495,260.64637571113275,2022-07-05,-0.0077010109577315,0,0,0.56,2022
2022-06-28,249.7245330810547,259.87980811002035,249.56874378715275,257.0269890927544,27295500,MSFT,46.73786372252614,-2.5669890153963024,-3.897842654011975,1.3308536386156726,252.42334472096493,260.21806815701206,2022-07-06,0.0379367597854252,1,1,0.46,2022
2022-06-29,253.4050140380859,255.0699659800662,249.0235248079428,250.80532616922665,20069800,MSFT,49.530754166165394,-2.2045376732244506,-3.55918165785447,1.3546439846300196,252.5168370368812,259.950889564113,2022-07-07,0.0312762255247753,1,0,0.54,2022
2022-06-30,250.06529235839844,252.69418842670288,246.23881251252155,250.27949892480672,31730900,MSFT,47.116416790660715,-2.1618594317460804,-3.2797172126327925,1.117857780886712,252.28335659131145,259.56321908545755,2022-07-08,0.0421682471966702,1,0,0.435,2022
2022-07-01,252.74281311035156,252.9278110070422,247.9037334504741,249.63686303917032,22837700,MSFT,49.25215432628239,-1.8901940893294975,-3.001812587972134,1.111618498642636,252.32711435502952,259.29575218447303,2022-07-11,0.0189926159850366,0,0,0.585,2022
2022-07-05,255.9268035888672,256.0533842749488,248.03041216746607,249.41300902514732,22941000,MSFT,51.7477169452007,-1.401816656508089,-2.681813401679325,1.279996745171236,252.6699419011093,259.1636365532728,2022-07-12,-0.0349251351280933,-1,0,0.67,2022
2022-07-06,259.1982727050781,260.931388004354,255.48862686947203,256.8030750923202,23824400,MSFT,54.23779821064069,-0.7422377507934641,-2.2938982715021528,1.5516605207086889,253.29168769196343,259.16499483373576,2022-07-13,-0.0506743523124814,-1,0,0.63,2022
2022-07-07,261.33056640625,261.97318613341645,258.0395879764146,258.1369600042467,20859900,MSFT,55.837497001559306,-0.0469175977806344,-1.8445021367578491,1.7975845389772147,254.05729518856216,259.2499192091285,2022-07-14,-0.053353271176465,-1,0,0.57,2022
2022-07-08,260.610107421875,261.03852063995714,256.35521359634475,257.81570509968606,19658800,MSFT,55.13617915184683,0.440911065772525,-1.3874194962517743,1.828330562024299,254.68137254411576,259.3032599233539,2022-07-15,-0.0408729398506172,-1,0,0.605,2022
2022-07-11,257.5430603027344,259.50984467063,255.2744137119768,258.6530183040146,19455200,MSFT,52.13420090065639,0.5734236551687957,-0.9952508659676604,1.568674521136456,254.9539142354128,259.2342324872512,2022-07-18,-0.0387888217930409,-1,0,0.485,2022
2022-07-12,246.988525390625,258.93534718140467,245.40145358358672,258.8769299123895,35868500,MSFT,43.38088472785273,-0.1712478835085846,-0.8304502694758452,0.6592023859672606,254.1953057740044,258.75400867954033,2022-07-19,0.0231009029668911,1,0,0.4,2022
2022-07-13,246.0635681152344,246.8717083934276,241.57499105873987,243.6002073841725,29497400,MSFT,42.70419790599229,-0.8265142234321843,-0.8296630602671131,0.0031488368349288,253.4208545684073,258.2563443436852,2022-07-20,0.0377887987502436,1,0,0.425,2022
2022-07-14,247.38772583007812,248.41980385084383,239.46212789733588,243.9701819365623,25102800,MSFT,44.04973049995697,-1.2248497521206048,-0.9087003986378116,-0.3161493534827932,252.84627087904255,257.8301240098183,2022-07-21,0.0423486328889972,1,0,0.505,2022
2022-07-15,249.9582061767578,253.5120622167358,248.05957055462045,248.98454535957097,29774100,MSFT,46.66802412786384,-1.317925027544561,-0.9905453244191614,-0.3273797031253996,252.5712170978726,257.5214213496983,2022-07-22,0.0141788840309668,0,0,0.555,2022
2022-07-18,247.5532684326172,253.96968979900385,246.6282936065076,252.9084030496453,20975000,MSFT,44.56666381903222,-1.5676750488190407,-1.1059712692991372,-0.4617037795199035,252.09331722499113,257.1305133921657,2022-07-25,0.0180137627467453,0,0,0.465,2022
2022-07-19,252.69418334960935,252.87918127659825,246.99826179190453,250.7955329257847,25012600,MSFT,49.7730804205568,-1.3353814248288245,-1.1518533004050748,-0.1835281244237496,252.15054257019287,256.95653966500663,2022-07-26,-0.0293992971013188,-1,0,0.62,2022
2022-07-20,255.3620147705078,257.8935388671316,252.0905286496552,253.054443361376,22788300,MSFT,52.27797478385506,-0.9253485129149226,-1.1065523429070443,0.1812038299921219,252.45639706546095,256.89400927698705,2022-07-27,0.0246690773243909,1,0,0.645,2022
2022-07-21,257.8642578125,257.9129586685057,250.25997125528832,252.9472838954083,22404700,MSFT,54.56664626699179,-0.3939432422489233,-0.9640305227754205,0.570087280526497,252.9714314223218,256.932058239164,2022-07-28,0.0436870154855275,1,0,0.55,2022
2022-07-22,253.50233459472656,258.34143039773807,252.24633344283689,258.2538044834508,21881300,MSFT,50.05966511357747,-0.3210703866805602,-0.8354384955564483,0.5143681088758881,253.0219936292175,256.7975592727155,2022-07-29,0.0782761447011046,1,0,0.63,2022
2022-07-25,252.01263427734375,254.61232191937572,250.04584998280217,254.1254914759352,21056000,MSFT,48.583770745053336,-0.3791538398392617,-0.7441815644130111,0.3650277245737493,252.92586416713428,256.60991515524995,2022-08-01,0.0741026525953778,1,0,0.56,2022
2022-07-26,245.26515197753903,253.03497593453565,242.99653536539577,253.0154837015324,39348000,MSFT,42.475314517678605,-0.9586006736108176,-0.7870653862525724,-0.171535287358245,252.19627253002997,256.16502248161424,2022-08-02,0.0909887128020392,1,0,0.48,2022
2022-07-27,261.66156005859375,262.93705316460915,252.03207144255825,254.2812252227085,45994000,MSFT,56.71670044960353,-0.0936834380643745,-0.6483889966149329,0.5547055585505584,253.09772848513128,256.38057297482914,2022-08-03,0.0510904551670923,1,0,0.655,2022
2022-07-28,269.12957763671875,270.5219054098013,260.81450632143316,262.6449933275576,33459300,MSFT,61.40360434841018,1.180765182206386,-0.2825581608506691,1.4633233430570551,254.62457126147297,256.8805339419621,2022-08-04,0.0261931333810645,1,0,0.805,2022
2022-07-29,273.34552001953125,274.5723421203902,269.3437884448539,270.38561261895575,32152800,MSFT,63.787556517973194,2.502123292076419,0.2743781297347485,2.2277451623416704,256.4075187622404,257.52621967049424,2022-08-05,0.0077297206895265,0,0,0.82,2022
2022-08-01,270.68743896484375,273.87129897154,268.5745820293401,270.50244104227005,21539600,MSFT,61.22010021610786,3.2968204929729836,0.8788666023823957,2.4179538905905877,257.76751116248835,258.0423459173315,2022-08-08,0.0083091259571994,0,0,0.72,2022
2022-08-02,267.5815124511719,270.5706587329471,265.20577732907145,268.73042525392265,22754200,MSFT,58.268816697083246,3.634109683548047,1.429915218615526,2.204194464932521,258.70217795188677,258.4164308794429,2022-08-09,0.0272176070763703,1,0,0.72,2022
2022-08-03,275.02996826171875,276.0328377004394,269.3243005039463,269.4703733954384,23518900,MSFT,62.88919016134597,4.451132052121466,2.034158585316714,2.416973466804752,260.2572056004422,259.0679421493361,2022-08-10,0.0236840534290141,1,-1,0.36,2022
2022-08-04,276.1789245605469,276.32496776136855,272.79060344638594,274.37764584701426,18098700,MSFT,63.55941977519931,5.132178774390354,2.653762623131442,2.478416151258912,261.7735597871188,259.7389610674228,2022-08-11,0.0118806638488608,0,0,0.46,2022
2022-08-05,275.4584045410156,276.1789040875086,271.33980830050746,271.7974301050084,16774600,MSFT,62.79353168498896,5.5497986404288895,3.232969826590932,2.3168288138379576,263.076878335109,260.3554098310931,2022-08-12,0.031812205794651,1,0,0.475,2022
2022-08-08,272.9366149902344,278.389121660764,271.96295414598876,276.5683509224571,18739200,MSFT,60.065448621148626,5.612579726403226,3.708891806553391,1.9036879198498349,264.0159008736923,260.84879042556923,2022-08-15,0.0469105963859914,1,1,0.465,2022
2022-08-09,274.86444091796875,275.62389517818417,270.2979692399521,272.2745292536275,23405200,MSFT,61.44447618528282,5.7515928480952425,4.117432014861762,1.634160833233481,265.0490951636234,261.39842377821236,2022-08-16,0.0368758658775998,1,1,0.625,2022
2022-08-10,281.5437927246094,282.1766663743065,279.3822643126082,280.5798779306673,24687800,MSFT,65.84522652786126,6.327786830029311,4.559502977895272,1.7682838521340392,266.6200187408602,262.1884382466985,2022-08-17,0.0096081274475978,0,0,0.495,2022
2022-08-11,279.4601135253906,283.53975467502244,278.9635667202551,283.18925104786797,20065900,MSFT,63.41356289670245,6.54088990733311,4.955780363782839,1.585109543550271,267.8428849108155,262.86575884586296,2022-08-18,0.0131208278727827,0,1,0.54,2022
2022-08-12,284.2213439941406,284.2213439941406,279.382248352061,280.8816943899118,22619700,MSFT,66.46143482138326,7.013124208627119,5.367249132751695,1.6458750758754237,269.40273815684645,263.7032327732464,2022-08-19,-0.0176514074128953,0,0,0.4,2022
2022-08-15,285.740234375,286.43152521881507,282.4687186563289,283.335291025511,18085700,MSFT,67.39459898408707,7.424351749041421,5.77866965600964,1.6456820930317804,270.958690177623,264.56742891449164,2022-08-22,-0.0515570851475403,-1,-1,0.48,2022
2022-08-16,285.00030517578125,286.2952909554267,282.77064286260065,284.29926806185404,18102900,MSFT,66.42499691589396,7.602904880208541,6.143516700849421,1.45938817935912,272.2959868441143,265.36871817964027,2022-08-23,-0.0535796010018321,-1,-1,0.57,2022
2022-08-17,284.2489013671875,286.22962671486226,282.44379979769025,282.7072354649564,18253400,MSFT,65.3960619036902,7.596213099323848,6.434055980544307,1.1621571187795403,273.4343596558355,266.1091175203284,2022-08-24,-0.0533089664158257,-1,-1,0.63,2022
2022-08-18,283.1268615722656,284.8246178924502,282.0632923944146,283.146365402589,17186200,MSFT,63.80663058717286,7.414896271978023,6.6302240388310505,0.7846722331469724,274.35745507644793,266.7764800321691,2022-08-25,-0.0390117985435948,-1,-1,0.655,2022
2022-08-19,279.2044372558594,282.22919866799805,278.62876156472737,281.8876880642846,20570000,MSFT,58.45774595594575,6.875438740731909,6.6792669792112225,0.1961717615206861,274.81907242686805,267.2638509036864,2022-08-26,-0.063113873680439,-1,-1,0.545,2022
2022-08-22,271.00830078125,275.6039687594136,270.4911664208778,275.2331875620073,25061100,MSFT,49.18030985321017,5.720611397869561,6.487535862942891,-0.7669244650733296,274.45614179395204,267.41069207535554,2022-08-29,-0.0450764605197964,-1,1,0.475,2022
2022-08-23,269.7301025390625,272.09134632698925,268.7153376389546,269.7301025390625,17527400,MSFT,47.90349815430004,4.648675455818648,6.119763781518042,-1.4710883256993943,274.0060428172959,267.5016493484421,2022-08-30,-0.048726505671314,-1,0,0.43,2022
2022-08-24,269.09588623046875,270.5009361638899,268.4323689230805,268.7251050290327,18137000,MSFT,47.24804254225115,3.705270491351712,5.636865123484776,-1.9315946321330648,273.5384088566457,267.5641684418549,2022-08-31,-0.051923544076063,-1,1,0.475,2022
2022-08-25,272.0815734863281,272.24743045835174,267.85665744816947,270.5984488790476,16583400,MSFT,50.670030644521354,3.162084724885176,5.141909043764857,-1.9798243188796807,273.39966263090116,267.7413215808539,2022-09-01,-0.0661644254001062,-1,0,0.51,2022
2022-08-26,261.582763671875,273.5354247138849,261.4754479472372,272.30599862097563,27549300,MSFT,40.67751628840455,1.862964783339521,4.48612019167979,-2.623155408340269,272.2742436824225,267.49980950599195,2022-09-02,-0.0448729540442188,-1,0,0.435,2022
2022-08-29,258.7922058105469,260.9095177308766,257.44569714689953,259.3971520734982,20338500,MSFT,38.503989529826114,0.6012967970842737,3.709155512760687,-3.107858715676413,270.99024007557716,267.1583348512686,2022-09-06,-0.0451682603383473,-1,0,0.475,2022
2022-08-30,256.58709716796875,260.5680528138689,254.33316871501484,260.19730132540576,22767100,MSFT,36.8293244694348,-0.5699480046271788,2.8533348092831137,-3.4232828139102924,269.61851217961447,266.743776510747,2022-09-07,-0.0185574283829651,0,0,0.75,2022
2022-08-31,255.12347412109375,260.62656181274116,254.9868579763335,258.94833907545143,24791800,MSFT,35.718862275304545,-1.597851063785697,1.9630976346693516,-3.5609486984550487,268.23803236451727,266.28807837781943,2022-09-08,-0.0112825103117434,0,0,0.73,2022
2022-09-01,254.07945251464844,254.55757927077485,249.21058148346305,252.5865905280757,23263400,MSFT,34.91027259366112,-2.4682628643382145,1.0768255348678384,-3.545088399206053,266.8895961883393,265.80930873612647,2022-09-09,0.0155913475128834,0,0,0.575,2022
2022-09-02,249.8447723388672,258.3140795897483,248.29336924253224,255.34788953507936,22855400,MSFT,31.768839984583835,-3.4598903247839417,0.1694823629374824,-3.629372687721424,265.2662796312467,265.18324848525356,2022-09-12,0.0413574053274168,1,1,0.445,2022
2022-09-06,247.10301208496097,251.57183134385733,245.82481132463533,249.98142038523665,21328200,MSFT,29.89323666815578,-4.416093394393101,-0.7476327885286344,-3.668460605864467,263.5364446268385,264.4742196068107,2022-09-13,-0.004975502562871,0,1,0.49,2022
2022-09-07,251.82550048828125,252.54752929130373,247.0737124485943,248.51778494305904,24126700,MSFT,36.81303212833805,-4.738206771236378,-1.5457475850701832,-3.192459186166195,262.42111661364254,263.9781914060841,2022-09-14,-0.0227439577557333,-1,1,0.52,2022
2022-09-08,252.2450408935547,254.1086838315487,248.60558180021505,251.2595764515314,20319900,MSFT,37.40413970967314,-4.903110532487915,-2.21722017455373,-2.685890357934185,261.45196654506276,263.5180678565731,2022-09-15,-0.0508276777916768,-1,1,0.505,2022
2022-09-09,258.0408935546875,258.7922228079521,253.97212644052357,254.1770208837589,22084700,MSFT,45.05167823067809,-4.514085511697317,-2.6765932419824474,-1.8374922697148697,261.1271024507413,263.30327670747954,2022-09-16,-0.0745669910793989,-1,1,0.555,2022
2022-09-12,260.1777038574219,260.9583036393322,258.7238795678171,259.32882578827446,18747700,MSFT,47.59377597624946,-3.9873934568803406,-2.938753284962026,-1.0486401719183145,261.03668353709185,263.18070522316356,2022-09-19,-0.0829925225526282,-1,0,0.445,2022
2022-09-13,245.87355041503903,254.07940645138,245.48325052591005,252.55727410482297,33353300,MSFT,35.69040099966652,-4.670374674784966,-3.2850775629266145,-1.385297111858352,259.5925756207059,262.5019932699038,2022-09-20,-0.0378585278034928,-1,1,0.64,2022
2022-09-14,246.09799194335935,248.0591988641248,243.79527444125137,247.37619258985976,23913000,MSFT,35.96103974122052,-5.134346109063216,-3.654931272153935,-1.4794148369092812,258.3073771752443,261.85869910023536,2022-09-21,-0.0526128703882707,-1,1,0.595,2022
2022-09-15,239.42401123046875,245.29787987720312,238.09702127641052,243.7074542260417,31530900,MSFT,31.69026688543407,-5.971742747100819,-4.118293567143312,-1.853449179957507,256.50896137098,260.97890741906804,2022-09-22,-0.0179314853483154,0,1,0.65,2022
2022-09-16,238.799560546875,239.34596558037185,236.18460303002797,238.33120061380296,39791800,MSFT,31.31552536262467,-6.609582415512676,-4.616551336817185,-1.9930310786954912,254.82235176868429,260.1091291103546,2022-09-23,-0.0278663828577796,-1,1,0.64,2022
2022-09-19,238.58489990234375,239.1898462068976,235.00398165238352,236.58465548733815,26826900,MSFT,31.179033257224138,-7.051115398983029,-5.103464149250354,-1.947651249732675,253.27592778141377,259.2650416904326,2022-09-26,-0.0289137817458541,-1,1,0.68,2022
2022-09-20,236.5651397705078,237.5994085837125,233.82334775742964,236.19437342837568,26660300,MSFT,29.86025030488237,-7.477811674053726,-5.578333654211029,-1.8994780198426968,251.68442416132748,258.37484945827873,2022-09-27,-0.0249123215979222,-1,1,0.735,2022
2022-09-21,233.1500701904297,241.6486627940409,233.10128084045704,238.3409473483979,28625600,MSFT,27.72491834824841,-7.999327848385406,-6.062532493045905,-1.936795355339501,249.91924759267056,257.385642428167,2022-09-28,0.0088723467041909,0,1,0.785,2022
2022-09-22,235.1307830810547,237.94088273820057,231.80356398492455,232.0962702921952,31061200,MSFT,30.81514031220499,-8.15875712362805,-6.481777419162334,-1.676979704465715,248.5108224010881,256.5129028459273,2022-09-29,-0.0144408029030863,0,1,0.85,2022
2022-09-23,232.14508056640625,235.27717233231257,229.49110062617245,233.7257543218323,34176000,MSFT,28.81513378270894,-8.428864509973835,-6.8711948373246345,-1.5576696726492,246.9521803215946,255.5573019722206,2022-09-30,-0.0210994448483159,-1,1,0.785,2022
2022-09-26,231.68650817871097,235.58941845298165,231.14985503831448,231.29622310665232,27694200,MSFT,28.509080860905172,-8.581012943195105,-7.213158458498729,-1.3678544846963767,245.49830678417712,254.6211924116908,2022-10-03,0.0138554184731141,0,1,0.77,2022
2022-09-27,230.6717529296875,235.93092381180116,228.8081097419373,234.15509253004865,27018700,MSFT,27.805293501219865,-8.683377371502019,-7.507202241099387,-1.1761751304026316,244.0862540361305,253.6819987065142,2022-10-04,0.0527473681815222,1,1,0.74,2022
2022-09-28,235.2186584472656,236.44806985699887,229.0325341804445,231.06204936443223,29029700,MSFT,35.48995747051805,-8.301905445023976,-7.666142881884306,-0.6357625631396706,243.2417211229053,252.957946147328,2022-10-05,0.0337244385282404,1,1,0.78,2022
2022-09-29,231.7353057861328,234.12583543655808,228.72031106512603,233.0915665591969,27484200,MSFT,32.62489043815897,-8.186297105850628,-7.77017372667757,-0.4161233791730572,242.14587204321265,252.1256857410066,2022-10-06,0.0391157440193112,1,1,0.805,2022
2022-09-30,227.2469482421875,234.70150638460396,227.0810763396028,232.50611932172504,35694800,MSFT,29.338345256497703,-8.360475252672273,-7.888234031876511,-0.4722412207957625,240.7269269193055,251.15004897634705,2022-10-07,0.005753496844393,0,1,0.84,2022
2022-10-03,234.89662170410156,235.745499785282,228.9641972732562,229.6959928296997,28880400,MSFT,40.36474559017619,-7.791433179828033,-7.868873861466816,0.0774406816387829,240.17165975595273,250.5126596715531,2022-10-10,-0.0477278270983491,-1,1,0.865,2022
2022-10-04,242.83908081054688,244.28315343602097,239.03373437918023,239.1410650067208,34888400,MSFT,49.224139619444806,-6.6232247532412885,-7.619744039821711,0.9965192865804228,240.42569985639028,250.2117350103372,2022-10-11,-0.0943026140231843,-1,1,0.595,2022
2022-10-05,243.1512756347656,244.49778426938553,238.17507461226543,240.0191988826096,20347100,MSFT,49.541454953589984,-5.607578965769903,-7.21731102501135,1.6097320592414466,240.68527850194985,249.93485425051085,2022-10-12,-0.0941010201214145,-1,1,0.62,2022
2022-10-06,240.7998046875,244.26364059964817,240.10704643812323,241.91213354134027,20239900,MSFT,47.15130008105569,-4.935522780885947,-6.7609533761862695,1.8254305953003227,240.6961857577165,249.57661701274571,2022-10-13,-0.0508529974166493,-1,1,0.67,2022
2022-10-07,228.55441284179688,235.4625652643888,227.5103772800304,235.05274661637696,37769600,MSFT,37.110435875289845,-5.329578136193817,-6.474678328187779,1.1451001919939623,239.53982643239084,248.7522168491791,2022-10-14,-0.0242486217950985,-1,1,0.805,2022
2022-10-10,223.68551635742188,228.86662669875537,221.2266790317585,227.39328361932908,29743600,MSFT,34.009320563649084,-5.965977030004041,-6.372938068551032,0.4069610385469913,238.02989213953663,247.76920898675723,2022-10-17,0.0361177162532793,1,1,0.715,2022
2022-10-11,219.938720703125,223.5001198208427,218.6702720829725,222.09506995780728,30474000,MSFT,31.80662916758243,-6.695481491537123,-6.437446753148251,-0.2580347383888721,236.30692343130696,246.6778172893599,2022-10-18,0.0580719838289474,1,1,0.6,2022
2022-10-12,220.27049255371097,222.32927826237437,218.52394680485463,219.92898195872448,21903900,MSFT,32.22521838529822,-7.1642626571754136,-6.582809933953683,-0.5814527232217301,234.77964430010735,245.6422359271776,2022-10-19,0.0475302561776413,1,1,0.735,2022
2022-10-13,228.55441284179688,230.3692665705153,213.81116985788705,214.51369484245024,42551800,MSFT,41.82693501198347,-6.7890717792706425,-6.624062303017076,-0.1650094762535667,234.1867651136016,244.97212521794697,2022-10-20,0.0081539311369558,0,1,0.73,2022
2022-10-14,223.0122833251953,231.48160608266116,222.79762207612544,229.82285736013569,30198600,MSFT,37.95300015985042,-6.859857670791854,-6.671221376572031,-0.1886362942198225,233.12252875280095,244.110954947643,2022-10-21,0.0593278989948433,1,1,0.695,2022
2022-10-17,231.7645263671875,233.15982428054687,229.4325384944708,230.0960408633991,28142300,MSFT,46.39640428078126,-6.13895705628866,-6.564768512515357,0.4258114562266968,232.99319519226637,243.6267812778212,2022-10-24,0.0409212109880097,1,1,0.645,2022
2022-10-18,232.71099853515625,238.00919148115057,229.65696682991847,237.33595204197528,26329600,MSFT,47.23265251666053,-5.428687204674247,-6.337552250947136,0.9088650462728882,232.96631932016064,243.19871136634416,2022-10-25,0.0509853551398902,1,1,0.695,2022
2022-10-19,230.7400054931641,233.79403694149804,228.60316015956417,231.28641044106905,19985700,MSFT,45.63599865001143,-4.967572809127574,-6.063556362583224,1.0959835534556497,232.75428943187524,242.7101346654351,2022-10-26,-0.0218198562245693,-1,1,0.715,2022
2022-10-20,230.41802978515625,235.4527869659191,229.16909984877745,230.0472634808189,21811000,MSFT,45.36621002199814,-4.575375002325245,-5.765920090531629,1.1905450882063835,232.5317885131401,242.22809133679675,2022-10-27,-0.0398051054138238,-1,1,0.76,2022
2022-10-21,236.24313354492188,237.10177849471148,228.80809488481415,229.04227484068943,26299700,MSFT,51.00904358792343,-3.751275850891119,-5.362991242603528,1.6117153917124083,232.8852499447384,241.9933871096644,2022-10-28,-0.025813648115961,-1,0,0.555,2022
2022-10-24,241.2486114501953,241.8242870711329,235.4430361139109,237.84331729780143,24911200,MSFT,55.283045358750336,-2.6635671574563275,-4.823106425574088,2.1595392681177605,233.6817605643057,241.96418022105777,2022-10-31,-0.0611525818747059,-1,0,0.54,2022
2022-10-25,244.5758514404297,244.94661775526365,239.8630859691524,241.25836910616303,34775500,MSFT,57.91152849939779,-1.5155988410718635,-4.1616049086736435,2.64600606760178,234.71929302869847,242.06659870024885,2022-11-01,-0.0897231766145888,-1,0,0.49,2022
2022-10-26,225.70529174804688,232.51586550821543,224.47586557326215,225.55892369044773,82543200,MSFT,42.612720982240546,-2.1042654764470683,-3.750137022228329,1.6458715457812605,233.86081671625547,241.42497881977033,2022-11-02,-0.0485042342991958,-1,1,0.56,2022
2022-10-27,221.2462158203125,228.01776721146956,220.29975893201416,225.4320803427003,40424600,MSFT,39.9284881234642,-2.8972010570708733,-3.5795498291968375,0.6823487721259642,232.6594261547371,240.6336547805759,2022-11-03,-0.0551269304681124,-1,1,0.52,2022
2022-10-28,230.14483642578125,230.85712820733676,220.5632002940726,220.7485908978084,40647700,MSFT,47.09111079026507,-2.775568873282083,-3.4187536380138868,0.6431847647318039,232.4199414186461,240.22232857058395,2022-11-04,-0.061389577459634,-1,0,0.525,2022
2022-10-31,226.49563598632812,229.21790924031464,225.53941228860307,228.08606173387716,28357300,MSFT,44.73543825980519,-2.9397468968423084,-3.3229522897795714,0.3832053929372629,231.8557218536634,239.68402690061313,2022-11-07,-0.0183518600384353,0,1,0.51,2022
2022-11-01,222.63172912597656,230.017993023999,221.81212164618157,228.90566433330028,30592300,MSFT,42.32137121504362,-3.3431068996387125,-3.3269832117514,-0.0161236878873127,230.97724635578845,239.01530934082348,2022-11-08,0.0030678405989474,0,0,0.49,2022
2022-11-02,214.75762939453125,225.68577445191593,214.69907323807044,223.8904394193755,38407000,MSFT,37.84002967232789,-4.249164921436233,-3.5114195536883663,-0.7377453677478663,229.4325209309068,238.06402777430225,2022-11-09,0.0200363696925103,1,1,0.585,2022
2022-11-03,209.04959106445312,215.06007529558264,208.7861405032227,214.74783538769205,36633900,MSFT,34.95083673467032,-5.36595799707942,-3.882327242366577,-1.483630754712843,227.4912895150541,236.92620672685717,2022-11-10,0.1340957852375799,1,1,0.725,2022
2022-11-04,216.0163421630859,216.21148471388844,208.24954357839977,212.26955158935797,36789100,MSFT,40.88365131850935,-5.624035584121714,-4.230668910717605,-1.3933666734041088,226.3984373862952,236.10621203808185,2022-11-11,0.1161748799008706,1,1,0.715,2022
2022-11-07,222.33901977539065,222.86592096080787,215.90897914921476,216.60175222236109,33498000,MSFT,45.72201188003412,-5.2577684073570765,-4.4360888100455,-0.8216795973115767,226.01182618525667,235.5663221454273,2022-11-14,0.060034341691596,1,1,0.6,2022
2022-11-08,223.31472778320312,226.0272487946116,220.3582749190535,223.14885590994936,28192500,MSFT,46.45037934896812,-4.833055098358642,-4.515482067708128,-0.3175730306505135,225.75495967077535,235.08586746455575,2022-11-15,0.0572378671245961,1,1,0.565,2022
2022-11-09,219.0605926513672,223.08060038720865,218.88496883419077,221.85117411328872,27852900,MSFT,43.69706879466026,-4.78458616195806,-4.569302886558115,-0.2152832753999449,225.11740090702224,234.45742531501895,2022-11-16,0.0797347237512586,1,1,0.635,2022
2022-11-10,237.0822601318359,237.42377070694712,229.29595897044808,229.7155146425482,46268000,MSFT,55.68154203260983,-3.2544608297326363,-4.30633447519302,1.0518736454603834,226.25691130938543,234.56036001371768,2022-11-17,-0.0025470761785915,0,0,0.57,2022
2022-11-11,241.1120147705078,241.97065970506625,236.05773875356564,237.0920223740199,34620200,MSFT,57.84242800357184,-1.6970949050496529,-3.784486561164347,2.087391656114694,227.67168306758757,234.81728765123887,2022-11-18,-0.0210844313239039,-1,0,0.52,2022
2022-11-14,235.68699645996097,237.9897141104271,233.40379752956565,236.11631897099343,31123300,MSFT,54.02353496069353,-0.8903612976060629,-3.2056615084526903,2.3153002108466274,228.4350462478136,234.8513938790319,2022-11-21,0.0048938290298519,0,1,0.605,2022
2022-11-15,236.09678649902344,241.00469467728897,234.20387274977523,239.69722338869775,31390100,MSFT,54.2691444710154,-0.2154686812779687,-2.607622943017746,2.3921542617397775,229.16473579554787,234.90023280530608,2022-11-22,0.0154999350797873,0,1,0.475,2022
2022-11-16,236.52732849121097,238.55278379675173,235.24552553609303,237.56451210587483,24093300,MSFT,54.543896312024664,0.3500940537550434,-2.016079543663188,2.3661735974182316,229.86593509989677,234.96404047926313,2022-11-23,0.0242004173264336,1,0,0.57,2022
2022-11-17,236.4783935546875,238.01461012681563,232.5155723190788,232.6623379461831,23123500,MSFT,54.50381458922866,0.785305443203498,-1.455802546289851,2.241107989493349,230.49569304797205,235.02342687437783,2022-11-25,0.0240400473665762,1,0,0.62,2022
2022-11-18,236.02830505371097,238.49407213001928,233.88543729111743,238.26901159203723,27613500,MSFT,54.10995541179982,1.0814291819447135,-0.948356200642938,2.0297853825876517,231.02260847709005,235.06283386180263,2022-11-28,0.0022385708728744,0,0,0.585,2022
2022-11-21,236.8404083251953,239.40401380150684,235.9989173392521,236.23374231089764,26394700,MSFT,54.745395876220776,1.3658941478353768,-0.4855061309472752,1.851400278782652,231.57668465310007,235.13254266428865,2022-11-29,-0.0071059163913348,0,0,0.655,2022
2022-11-22,239.7562713623047,240.03024378872047,235.5292575473347,238.34726178052225,19665700,MSFT,57.045289391553936,1.80580427338424,-0.0272440500809721,1.833048323465212,232.3556929111196,235.3138653583285,2022-11-30,0.0412602138134792,1,0,0.66,2022
2022-11-23,242.2513885498047,242.93631960820255,239.0126313855125,239.83454865558997,19508500,MSFT,58.966994723983696,2.328924924901031,0.4439897449154285,1.8849351799856024,233.29814011480389,235.5859250913276,2022-12-01,0.0287180416809149,1,0,0.525,2022
2022-11-25,242.1633453369141,243.3472944746052,241.4196930550139,241.9872116642194,9200800,MSFT,58.86691711793392,2.705213442013786,0.8962344843351001,1.808978957678686,234.14244537405247,235.84386314017416,2022-12-02,0.0304254135225305,1,0,0.545,2022
2022-11-28,236.55667114257812,241.34142463276635,235.61734127784248,240.7837003250256,24778200,MSFT,52.729625985170685,2.521941678471194,1.221375923162319,1.300565755308875,234.3723716377216,235.8718163951704,2022-12-05,0.034910647489792,1,1,0.49,2022
2022-11-29,235.15744018554688,237.56448586876184,233.0830731853164,236.20440308326351,17956300,MSFT,51.2923930423577,2.2379930503088588,1.4246993485916268,0.8132937017172319,234.4471400708478,235.84380164185183,2022-12-06,0.0199309882022762,0,0,0.44,2022
2022-11-30,249.6486663818359,249.83457943435548,234.6975363093542,235.39226167449928,47594200,MSFT,62.64752669029773,3.146017234212622,1.7689629257158257,1.3770543084967957,235.8949044814181,236.3851688865571,2022-12-07,-0.0422120319846464,-1,0,0.72,2022
2022-12-01,249.2083740234375,250.60758932902792,245.519510598115,248.4060155091771,26041500,MSFT,62.17326306753498,3.786457107721247,2.1724617621169102,1.6139953456043372,237.16285396161044,236.8880396762387,2022-12-08,-0.028623105879702,-1,0,0.61,2022
2022-12-02,249.53126525878903,250.54887499999236,244.31597987547545,244.44318669201743,21528500,MSFT,62.39807829152546,4.270833436421611,2.59213609697785,1.6786973394437608,238.34079789467503,237.38385244418183,2022-12-09,-0.037644127805301,-1,0,0.58,2022
2022-12-05,244.8150177001953,248.35711568212665,242.7210768734751,246.5860592259716,23435300,MSFT,57.06338574881168,4.22543521706632,2.9187959209955445,1.3066392960707751,238.95739025710557,237.6752706895157,2022-12-12,0.009232496958246,0,0,0.675,2022
2022-12-06,239.8443603515625,246.4393029856838,238.53320430172184,245.4216931233664,22463700,MSFT,52.01588822118704,3.745194029166925,3.0840755426298205,0.661118486537104,239.0418635994348,237.76033302920385,2022-12-13,0.0481395736472576,1,0,0.525,2022
2022-12-07,239.11048889160156,240.8619715893491,236.99698930720933,239.56059501119063,20481500,MSFT,51.29448167300632,3.2677139617369733,3.120803226451251,0.1469107352857221,239.04839934154592,237.81328031792532,2022-12-14,0.0525842283625535,1,0,0.46,2022
2022-12-08,242.07525634765625,243.38642715920767,237.8286688296212,239.57035707306187,22611800,MSFT,54.06609564913139,3.092886652276434,3.115219911616288,-0.0223332593398541,239.3366714373659,237.9804166328167,2022-12-15,0.0065077413650127,0,0,0.445,2022
2022-12-09,240.13787841796875,242.96567699688347,238.905002491201,239.43337362256503,20609700,MSFT,51.98431348802075,2.7661184507322503,3.045399619439481,-0.2792811687072305,239.41297686409,238.06502297733252,2022-12-16,-0.0029744544238933,0,1,0.445,2022
2022-12-12,247.0752716064453,247.1046247279212,241.85020695845557,242.1241793791487,30665100,MSFT,58.19208132987571,3.0319910434666326,3.0427179042449115,-0.0107268607782788,240.1427192205048,238.4183660608271,2022-12-19,-0.0477604667643466,-1,1,0.525,2022
2022-12-13,251.3903656005859,258.2397057346081,247.62322255472307,256.05769091346986,42196900,MSFT,61.524186985190155,3.549967199204616,3.1441677632368528,0.4057994359677632,241.2139236376554,238.9270719251314,2022-12-20,-0.058850986144622,-1,0,0.58,2022
2022-12-14,251.68392944335935,256.93834770699095,248.83655694939137,251.5958700706499,35410900,MSFT,61.74755265719296,3.9387517052695102,3.3030845516433844,0.6356671536261258,242.21106704772245,239.42734084741485,2022-12-21,-0.0497240329087073,-1,0,0.61,2022
2022-12-15,243.6506195068359,248.728918924476,242.01656425839232,248.25925401561503,35560400,MSFT,52.72690808758973,3.557635050352445,3.353994651385197,0.2036403989672481,242.34816728192376,239.59295961837256,2022-12-22,-0.0434520860524626,-1,1,0.445,2022
2022-12-16,239.4235992431641,244.46275107803268,238.2689883313514,243.2005220025338,86102000,MSFT,48.6957196424093,2.8812983332971385,3.2594553877675856,-0.3781570544704471,242.06963699251804,239.58631803503107,2022-12-23,-0.0243574207030651,-1,1,0.455,2022
2022-12-19,235.27484130859375,239.9324023668118,233.57230052478496,239.5899293723979,29696400,MSFT,45.05480607008767,1.9876145364556237,3.0050872175051935,-1.0174726810495698,241.42251359404904,239.41724051634725,2022-12-27,-0.0145143268954636,0,0,0.445,2022
2022-12-20,236.5957946777344,237.68190498867048,233.2885368978721,234.24744039254352,25150800,MSFT,46.428245544086856,1.3701592431755785,2.6781016226392707,-1.3079423794636922,240.96282607820956,239.3065955814997,2022-12-28,-0.0300662176143213,-1,0,0.475,2022
2022-12-21,239.169189453125,240.33357978118056,234.94217545446557,236.48817131663884,23690600,MSFT,49.0976901684872,1.0760686764696743,2.3576950334053515,-1.2816263569356772,240.7920035424872,239.30120710587715,2022-12-29,-0.0139916622177398,0,0,0.495,2022
2022-12-22,233.06349182128903,236.7817082497561,228.83646305704173,236.0674091280564,28651700,MSFT,43.552553763631835,0.3463287498559566,1.955421776695473,-1.609093026839516,240.055954807135,239.05659082020705,2022-12-30,0.006843306578367,0,0,0.615,2022
2022-12-23,233.59185791015625,233.72884412102013,228.9049586888203,231.02825242239908,21207000,MSFT,44.140493206028154,-0.187202715471443,1.5268968782620895,-1.7140995937335326,239.44032653123227,238.84228756883252,2023-01-03,0.0035604646672253,0,0,0.595,2022
2022-12-27,231.8599853515625,233.78757187810967,230.75430123545564,233.56252628177612,16688600,MSFT,42.57514795021488,-0.7412334098981148,1.0732708206300487,-1.8145042305281636,238.7183892760256,238.56847179560623,2023-01-04,-0.0331703298467882,-1,0,0.64,2022
2022-12-28,229.4822540283203,234.5605530300066,229.1300016429323,231.7914607924466,17457100,MSFT,40.45402320445373,-1.3565325106916362,0.5873101543657118,-1.943842665057348,237.83875734767273,238.2121495302225,2023-01-05,-0.0521040505144205,-1,0,0.65,2022
2022-12-29,235.82281494140625,236.7132328912707,230.57817587734075,230.57817587734075,19770700,MSFT,47.90713854336724,-1.3173456648484887,0.2063789905228716,-1.5237246553713604,237.64676283279024,238.11845013458264,2023-01-06,-0.0667191678695227,-1,0,0.59,2022
2022-12-30,234.65841674804688,234.7954029631969,231.56642511422905,233.0830678086328,21938500,MSFT,46.749895471098206,-1.3645176994575934,-0.1078003474732213,-1.256717351984372,237.36215844376704,237.9827625507969,2023-01-09,-0.0529564704763914,-1,0,0.565,2022
2022-01-03,453.2104187011719,453.34325263510186,449.5483944424087,451.87272771395106,72668200,SPY,61.10556936683235,4.112240913682456,3.066635067194132,1.045605846488324,445.26489090988247,438.80162866500774,2022-01-10,-0.0255385585650981,-1,0,0.54,2022
2022-01-04,453.0585632324219,455.363961294922,451.18959465231,454.6429290652951,71178700,SPY,60.893063055875274,4.220093121477419,3.2973266780507893,0.9227664434266294,446.007145416791,439.3607241382397,2022-01-11,-0.0163332810851913,0,0,0.555,2022
2022-01-05,444.35888671875,453.4665513931178,444.2640094815494,452.6885985815279,104538900,SPY,50.13591118147154,3.5625091963347018,3.350363181707572,0.2121460146271299,445.8501683979299,439.556730513946,2022-01-12,0.0056365220697391,0,0,0.525,2022
2022-01-06,443.9414367675781,446.6737389834664,441.56015426161895,443.89401262662926,86858900,SPY,49.682368912189325,2.9734088691768648,3.2749723192014306,-0.3015634500245658,445.6683844331346,439.7286797787943,2022-01-13,-0.0072871016733057,0,1,0.47,2022
2022-01-07,442.1863708496094,445.1368882202139,440.82021955139874,443.95099500666106,85111600,SPY,47.72752765729257,2.3379727690394247,3.0875724091690295,-0.7495996401296048,445.3367640918465,439.82505982078703,2022-01-14,-0.0029394261234794,0,0,0.53,2022
2022-01-10,441.6360778808594,441.8542636772487,433.1830285614274,438.97019256239554,119362000,SPY,47.10173378186326,1.7695823937147566,2.8239744060781753,-1.0543920123634187,444.98431778603816,439.8960801368683,2022-01-18,-0.0193765262293257,0,0,0.435,2022
2022-01-11,445.65863037109375,445.7535076103093,438.35351723852057,441.3704513117528,74303100,SPY,52.05093336548748,1.6249834961005831,2.584176224082657,-0.959192727982074,445.0485380322339,440.1220624989948,2022-01-19,-0.0383183520594121,-1,0,0.63,2022
2022-01-12,446.863525390625,448.93174515271585,444.8902118282981,447.40429964297095,67605400,SPY,53.45566239198085,1.5892924126777077,2.385199461801667,-0.7959070491239597,445.2213939711283,440.3864335927842,2022-01-20,-0.0515266044309485,-1,0,0.695,2022
2022-01-13,440.7063903808594,448.6281630526107,439.6722949449081,447.97354766478816,91173100,SPY,46.03394012801673,1.0520502535169385,2.1185696201447217,-1.0665193666277832,444.7913936291979,440.3989809178068,2022-01-21,-0.057154710244056,-1,1,0.595,2022
2022-01-14,440.8865966796875,441.2376164067843,436.31378591285176,437.5376357053383,95890900,SPY,46.26907189024047,0.6335202865195129,1.82155975341968,-1.1880394669001673,444.419508205435,440.4181031045472,2022-01-24,-0.0535376548109873,-1,1,0.58,2022
2022-01-18,433.0787048339844,436.3707455502833,431.9592285898754,436.16202718676544,109709100,SPY,38.45179176348916,-0.3244591828538432,1.3923559661649756,-1.7168151490188188,443.3394316938683,440.1302835645252,2022-01-25,-0.0482377610284965,-1,1,0.55,2022
2022-01-19,428.5817260742187,436.0386072892507,428.30659079417694,434.6345285203454,109357600,SPY,34.80448851579756,-1.4300487059869056,0.8278750317345994,-2.257923737721505,441.93393592056833,439.6773989570622,2022-01-26,-0.0406640213173589,-1,1,0.435,2022
2022-01-20,423.8381652832031,435.2132418645149,421.70355784752945,430.4791661941878,122379700,SPY,31.419037840592186,-2.6583581823005034,0.1306283889275788,-2.788986571228082,440.2105291932002,439.0562525384795,2022-01-27,-0.0347173515258747,-1,0,0.42,2022
2022-01-21,415.5179443359375,425.0809727718914,415.4894840619676,422.70918676617737,202271200,SPY,26.54224829338527,-4.254135560592488,-0.7463244009764345,-3.507811159616053,437.85885444488946,438.133181628576,2022-01-28,0.0090645411191734,0,0,0.5,2022
2022-01-24,417.2825622558594,417.79487616805744,399.1811032003576,409.8731046812954,251783900,SPY,29.05731363288919,-5.315141073498808,-1.6600877354809092,-3.6550533380178982,435.89920756974374,437.3155102806263,2022-01-31,0.0228946251201684,1,0,0.425,2022
2022-01-25,412.1879577636719,417.1687084994632,405.243361217748,410.8502669489062,167997300,SPY,26.261689534790335,-6.492248986708148,-2.626519985726357,-3.865729000981791,433.6409933024988,436.3301160642752,2022-02-01,0.0425346173993037,1,-1,0.505,2022
2022-01-26,411.15386962890625,421.2671690579367,406.8656618202091,418.1174301609658,186391100,SPY,25.720762218958725,-7.422990148985036,-3.5858140183780933,-3.837176130606943,431.4993624764424,435.342812282496,2022-02-02,0.0553094445133079,1,-1,0.565,2022
2022-01-27,409.1236267089844,418.9428274543259,407.42544862054166,415.7836209470697,149878300,SPY,24.64736165086771,-8.229567530147449,-4.514564720731965,-3.715002809415484,429.3683400223988,434.31460892667207,2022-02-03,0.0356183943161068,1,-1,0.57,2022
2022-01-28,419.284423828125,419.3318479765455,405.8790820647147,410.4898210660939,164457400,SPY,38.48399852596144,-7.957169212093675,-5.203085619004307,-2.7540835930893675,428.4079670515156,433.7251899031996,2022-02-04,0.0152732578350041,0,-1,0.59,2022
2022-01-31,426.8360900878906,427.1871097760203,417.2540690614675,418.6107236759828,152251400,SPY,46.36656093627725,-7.050659612131881,-5.572600417629822,-1.478059194502059,428.2582644835514,433.4550291261287,2022-02-07,-0.0058900094483527,0,-1,0.575,2022
2022-02-01,429.72021484375,430.3653337108521,424.01843182554586,427.5666145470744,123155400,SPY,49.05168925916634,-6.03000926568717,-5.664082187241291,-0.3659270784458783,428.3974978511893,433.30856582093736,2022-02-08,-0.0044375172572088,0,-1,0.535,2022
2022-02-02,433.8945617675781,434.6250614750109,429.815072239759,432.13943423540405,117361000,SPY,52.73964389715931,-4.828640045737814,-5.496993758940596,0.6683537132027828,428.92102774798826,433.331546054139,2022-02-09,0.0004152524533056,0,-1,0.43,2022
2022-02-03,423.6959533691406,429.73926084170694,422.8515834635683,427.8228677399466,118024400,SPY,44.30208189813608,-4.645933320630206,-5.3267816712785185,0.6808483506483123,428.4234016166694,432.9536796743351,2022-02-10,0.0060903929645685,0,-1,0.425,2022
2022-02-04,425.6882629394531,429.55900586237215,421.0679984051668,423.4587777848124,118454400,SPY,46.11568697401008,-4.290911238989565,-5.119607584820728,0.8286963458311627,428.1629122188393,432.6687613710064,2022-02-11,-0.0183645324491379,0,0,0.455,2022
2022-02-07,424.322021484375,427.8607077474876,422.9843306755765,426.4566289330493,84472900,SPY,45.03278806271191,-4.072848684388589,-4.910255804734301,0.8374071203457119,427.7971131012713,432.3414382381974,2022-02-14,-0.0184233033740059,0,0,0.475,2022
2022-02-08,427.8133239746094,428.7430746184262,422.3866758127271,423.8192439893552,81012000,SPY,48.36929471398069,-3.577079262794939,-4.643620496346429,1.06654123355149,427.79865699397016,432.1638651298214,2022-02-15,-0.0107330360756044,0,0,0.535,2022
2022-02-09,434.0747375488281,434.3972969280763,431.6744915908524,431.87371348193994,92589900,SPY,53.7870744471377,-2.648405507616701,-4.244577498600484,1.596171990983783,428.3963789515757,432.2388013031158,2022-02-16,-0.0239101317858194,-1,0,0.47,2022
2022-02-10,426.27642822265625,434.2361282356735,424.26515801061765,428.19282118927464,140103700,SPY,47.15092370566669,-2.5127182039936997,-3.8982056396791274,1.3854874356854276,428.1944788821548,432.00498275094094,2022-02-17,-0.027285784179036,-1,0,0.52,2022
2022-02-11,417.8706970214844,428.44885579117687,416.4286616926687,426.3617016799277,153214600,SPY,41.24403022237498,-3.0483181821147696,-3.728228148166256,0.6799099660514862,427.21126156209095,431.4506970360603,2022-02-18,-0.0141440891470816,0,0,0.53,2022
2022-02-14,416.5046081542969,418.9523076530168,413.01334592070134,417.3584743227841,123006300,SPY,40.35912090135049,-3.542184875949772,-3.6910194937229592,0.1488346177731871,426.1915802851582,430.8645759034422,2022-02-22,-0.0215249490713783,-1,0,0.51,2022
2022-02-15,423.2215881347656,423.3923498138836,420.4513287683629,420.9731391689636,88482700,SPY,46.443668331706114,-3.3529232287922355,-3.623400240736814,0.2704770119445792,425.9087238898827,430.5648508929058,2022-02-23,-0.0541358691243408,-1,0,0.53,2022
2022-02-16,423.6959533691406,425.08106860204714,419.27493978352175,421.16287260489605,84863600,SPY,46.85601439106033,-3.1285902588606405,-3.52443824436158,0.3958479855009393,425.6979838402882,430.2954823625621,2022-02-24,-0.0409764882755415,-1,0,0.55,2022
2022-02-17,414.6451416015625,423.6674254251265,414.037979399473,420.4892261780721,102259100,SPY,40.45584248185807,-3.6391794375659288,-3.54738648300245,-0.0917929545634788,424.6453321985048,429.6817435091895,2022-02-25,0.0015788514569563,0,0,0.505,2022
2022-02-18,411.9602966308594,416.16309480374946,409.6738912733188,414.90128833944823,132642900,SPY,38.76433099182119,-4.211917231222287,-3.6802926326464176,-0.5316245985758696,423.4372335730148,428.98678480807854,2022-02-28,0.0055271771519835,0,0,0.485,2022
2022-02-22,407.5393676757813,413.16523871939415,404.0196154048588,409.7403926584255,124391800,SPY,36.08859831467229,-4.965311063338504,-3.9372963187848353,-1.0280147445536687,421.9231511066116,428.14570962641983,2022-03-01,0.0009542280547392,0,-1,0.47,2022
2022-02-23,400.31011962890625,411.04007897172494,399.7408851031858,410.4708444460045,132578000,SPY,32.17727300335672,-6.0756842966465,-4.364973914357169,-1.7107103822893317,419.86476715635393,427.05411786181145,2022-03-02,0.0377768029882836,1,-1,0.61,2022
2022-02-24,406.3343811035156,406.7708105895787,389.5801096524119,389.9405968177941,213942900,SPY,38.18919950788211,-6.395828401159463,-4.771144811717628,-1.624683589441835,418.57615896084553,426.2415791654077,2022-03-03,0.0173010939359425,0,-1,0.61,2022
2022-02-25,415.2998046875,415.3851855248468,405.91700365528385,407.57725415946,121804500,SPY,45.87808282536058,-5.85857613558926,-4.988631076491955,-0.8699450590973052,418.2641252205269,425.81248997019566,2022-03-04,-0.0127469918898009,0,-1,0.54,2022
2022-02-28,414.2372741699219,415.7267630899189,408.61140335391485,409.87318107467814,145615000,SPY,45.16108383989465,-5.455647864700438,-5.082034434133652,-0.3736134305667864,417.88061559665977,425.3585599388124,2022-03-07,-0.0393927180058947,-1,-1,0.525,2022
2022-03-01,407.9282531738281,414.74951244471936,405.2054183586272,412.72874601628865,137785900,SPY,41.05794912667773,-5.581074422926633,-5.181842431892249,-0.3992319910343846,416.9327715563901,424.6750184970483,2022-03-08,-0.0319316393746895,-1,-1,0.545,2022
2022-03-02,415.43255615234375,417.1686907386762,409.4366742875571,410.1956342149501,117726500,SPY,47.202597647107005,-5.017107250339961,-5.148895395581792,0.1317881452418303,416.78989389886186,424.3125689933344,2022-03-09,-0.0239328242767482,-1,0,0.455,2022
2022-03-03,413.3644104003906,418.48746320377376,411.5523621271487,417.8803009442285,105501700,SPY,45.785957423778534,-4.683057904448162,-5.055727897355066,0.3726699929069035,416.4636573751979,423.88322944067,2022-03-10,-0.0234790745748009,-1,0,0.455,2022
2022-03-04,410.0059814453125,411.14442153836376,405.93598790291327,409.6075085936387,113978200,SPY,43.50272642432256,-4.635879012722114,-4.9717581204284755,0.3358791077063614,415.8486406199707,423.3390236369305,2022-03-11,-0.027998352968007,-1,0,0.46,2022
2022-03-07,397.9193420410156,410.1292938292298,397.8529250730409,409.41775790728286,137896600,SPY,36.456635793679865,-5.510261326239913,-5.079458761590764,-0.4308025646491495,414.141088374356,422.3421733782672,2022-03-14,-0.0057935331187825,0,-1,0.59,2022
2022-03-08,394.9024353027344,405.30033876581547,393.83038321834607,398.0995987351323,164772700,SPY,34.935594884906436,-6.3731886185029225,-5.338204732973196,-1.0349838855297264,412.30883570086826,421.2661052184424,2022-03-15,0.0238316936193152,1,-1,0.67,2022
2022-03-09,405.4900817871094,407.4823880957403,401.1354855574779,403.33651022134575,116990800,SPY,43.797765698427575,-6.132043744815803,-5.496972535341718,-0.6350712094740851,411.65943056622456,420.64743763289994,2022-03-16,0.0192087828953484,0,-1,0.61,2022
2022-03-10,403.6589965820313,404.5602578531472,398.87746809778616,400.8507812288038,93972700,SPY,42.71418178315197,-6.019301210624803,-5.601438270398336,-0.4178629402264677,410.89748447249184,419.98122425835606,2022-03-17,0.0366411438094735,1,-1,0.605,2022
2022-03-11,398.5264892578125,406.78028766963047,398.0141753438824,406.1636290625213,95636300,SPY,39.745877676312915,-6.271804923824504,-5.735511601083569,-0.536293322740935,409.7192944520462,419.139862101472,2022-03-18,0.0614920105160337,1,-1,0.635,2022
2022-03-14,395.6139831542969,402.7767667119532,394.4660466096299,399.3044967984142,95729200,SPY,38.12672517518775,-6.630498577195112,-5.914508996305878,-0.715989580889234,408.37593147130815,418.2172786133475,2022-03-21,0.0689940563023243,1,-1,0.645,2022
2022-03-15,404.3136291503906,404.94925158589535,396.9610925401468,398.2418338199585,106219100,SPY,45.295400718920774,-6.141976276561195,-5.960002452356942,-0.1819738242042525,407.98904553598265,417.67203745793745,2022-03-22,0.0582319618548416,1,-1,0.565,2022
2022-03-16,413.279052734375,413.3359732946338,403.0139537314489,407.8429365623558,144954800,SPY,51.528145875812505,-4.974046367352798,-5.762811235356114,0.7887648680033159,408.4928557453534,417.4997635472095,2022-03-23,0.0219427560756171,1,-1,0.41,2022
2022-03-17,418.4495239257813,418.4495239257813,410.97364881074105,411.3531288315489,102676900,SPY,54.73143575856867,-3.589858037264264,-5.328220595737744,1.7383625584734803,409.4411098577751,417.5370090522515,2022-03-24,0.024529976252491,1,1,0.355,2022
2022-03-18,423.0326843261719,423.3562458465392,416.0855649436217,416.8278599709145,106345500,SPY,57.41773846781804,-2.098861700699217,-4.682348816730039,2.583487116030822,410.7355455214319,417.7525257296602,2022-03-25,0.0183793243872518,0,0,0.53,2022
2022-03-21,422.9089965820313,424.87891441408925,419.3783104324007,422.8613960671078,88349800,SPY,57.318882648293425,-0.9166503544819308,-3.9292091242804177,3.012558769798487,411.8949218129176,417.9547402728904,2022-03-28,0.0259231533361303,1,0,0.57,2022
2022-03-22,427.8576049804687,428.79974082442425,424.3078961787592,424.3078961787592,74650400,SPY,60.26639245251451,0.4147905480364215,-3.06040918981705,3.4751997378534716,413.41517735268434,418.3430879084818,2022-03-29,0.0266019250447109,1,0,0.645,2022
2022-03-23,422.3475341796875,426.8108307567678,422.2618880948773,425.3072177527389,79426100,SPY,55.657447332918515,1.013665487006563,-2.2455942544523277,3.2592597414588904,414.2658780028751,418.5001250171565,2022-03-30,0.0335736505783019,1,0,0.735,2022
2022-03-24,428.7140808105469,428.7236067213597,423.2610777184149,424.38403158271177,64736900,SPY,59.51046142514993,1.9791904212880809,-1.400637319304246,3.3798277405923267,415.6418973178915,418.9006723031718,2022-03-31,0.0025528001894632,0,0,0.86,2022
2022-03-25,430.8077392578125,431.083729283944,426.7536511037834,429.3516980118797,77101300,SPY,60.71923899504281,2.880116437714605,-0.5444865679004758,3.424603005615081,417.0862632169316,419.3676161053146,2022-04-01,0.0005081921365803,0,0,0.86,2022
2022-03-28,433.87213134765625,433.87213134765625,428.3049040524854,430.2082276376779,68529800,SPY,62.48461086847481,3.7976012447859944,0.3239309946368183,3.4736702501491763,418.6849173246196,419.93642062462214,2022-04-04,0.0019520125099861,0,0,0.7,2022
2022-03-29,439.2394409179687,439.7343235833651,435.08068398404225,437.78339969557146,86581500,SPY,65.41634258859082,4.90131231297471,1.239407258304397,3.6619050546703136,420.6424910001767,420.69340181259656,2022-04-05,-0.0227926801629514,-1,0,0.755,2022
2022-03-30,436.52728271484375,438.9064372335808,434.4050664288614,438.0879929770802,79666900,SPY,62.74790495034578,5.493833295346519,2.0902924657128215,3.4035408296336978,422.15532830633543,421.314338318567,2022-04-06,-0.0265533175532709,-1,0,0.545,2022
2022-03-31,429.8085021972656,436.5843288240368,429.3516941280503,435.75638779554225,121699900,SPY,56.58951878348258,5.359480253975221,2.7441300233653014,2.615350230609919,422.88420201023354,421.6474427843984,2022-04-07,-0.0063546025568793,0,0,0.65,2022
2022-04-01,431.0266723632813,431.54054882132033,427.4293919449418,431.3978053607539,89048800,SPY,57.405764110828635,5.2903171692328215,3.253367452538806,2.0369497166940156,423.65967537719047,422.01525570906045,2022-04-08,-0.0118121915773581,0,0,0.775,2022
2022-04-04,434.7190551757813,434.82375306537233,430.3985319461262,431.2264729825929,59601000,SPY,59.868911995593365,5.4703901087453914,3.696771983780123,1.7736181249652685,424.71294964372294,422.5134439234417,2022-04-11,-0.0369525908056469,-1,0,0.845,2022
2022-04-05,429.2279968261719,435.6992850924023,428.0764942435374,433.21546187171,74214500,SPY,54.79423349979689,5.111099123394695,3.9796374117030378,1.131461711691657,425.1429541372895,422.7767597235488,2022-04-12,-0.0282462573790736,-1,0,0.815,2022
2022-04-06,424.93603515625,427.22954368013706,422.0334781556508,425.2881744333534,106898000,SPY,51.14505367308813,4.428978484583183,4.069505626279067,0.359472858304116,425.1232475676667,422.8614371914978,2022-04-13,-0.0071890846393471,0,0,0.76,2022
2022-04-07,427.0772399902344,428.90444335840795,422.0905416332628,424.05096254653387,78097200,SPY,52.832726453990134,4.014889156207346,4.058582332264724,-0.0436931760573777,425.3093420841017,423.0267627914483,2022-04-14,-0.0244668839477774,-1,0,0.865,2022
2022-04-08,425.935302734375,428.8473856826453,424.3840892664084,426.31596166728593,79272700,SPY,51.804901243138914,3.5536117627821113,3.9575882183682016,-0.4039764555860903,425.3689573841277,423.14082318136695,2022-04-18,-0.0214491631754795,-1,0,0.865,2022
2022-04-11,418.6550598144531,423.4894888409876,418.1506802366311,422.6424959229476,89770500,SPY,45.70071780572677,2.570954976454857,3.6802615699855328,-1.1093065935306758,424.72953856796823,422.9649108924684,2022-04-19,0.0116383079798365,0,0,0.59,2022
2022-04-12,417.1039123535156,424.2033021670481,415.543172859473,421.6623520540357,84363600,SPY,44.49766187969443,1.6480302896968624,3.273815313927799,-1.6257850242309364,424.0032884523061,422.73506781250944,2022-04-20,0.0146477879426478,0,0,0.395,2022
2022-04-13,421.8811340332031,422.6424517548179,416.6755435189756,416.8563615602808,74070400,SPY,48.95450367099476,1.2872490846085043,2.87650206806394,-1.589252983455436,423.8011785076296,422.701580213321,2022-04-21,-0.0118424927415334,0,0,0.675,2022
2022-04-14,416.62799072265625,423.23252535418777,416.5232928318569,422.1095424572288,97869500,SPY,44.70354894872871,0.5708620748278008,2.4153740694167123,-1.8445119945889117,423.1180177662036,422.4634002332949,2022-04-22,-0.0268393076915977,-1,0,0.58,2022
2022-04-18,416.7993469238281,418.4933038767434,414.5534098271182,415.6954156786541,66002500,SPY,44.871713163648586,0.0167540909069998,1.93565007371477,-1.91889598280777,422.5162395907393,422.2412804956688,2022-04-25,-0.0215997869623694,-1,0,0.655,2022
2022-04-19,423.5274963378906,424.25073942168984,416.52325169872665,416.69454382048895,77821000,SPY,51.153077922004634,0.1191514460406324,1.5723503481799426,-1.45319890213931,422.6125497571346,422.29172033261864,2022-04-26,-0.0650276200378018,-1,0,0.61,2022
2022-04-20,423.2135620117187,425.9353301901864,422.04303644362585,425.3167557540309,65224400,SPY,50.86187232280134,0.1729762487323114,1.2924755282904163,-1.119499279558105,422.669789019476,422.327870986701,2022-04-27,-0.0617033108636356,-1,0,0.53,2022
2022-04-21,416.885009765625,428.2573810923659,415.971422473118,426.858436937082,85417300,SPY,45.267347031547885,-0.2916663357273705,0.975647155486859,-1.2673134912142294,422.11885766196633,422.1144254486196,2022-04-28,-0.02339865164407,-1,0,0.665,2022
2022-04-22,405.4459838867187,416.9039705531427,404.87498102290607,415.79054255899945,132471800,SPY,37.28433693982164,-1.564893600664334,0.4675390042566204,-2.0324326049209542,420.53096492146653,421.46076107364314,2022-04-29,-0.0329546441597832,-1,0,0.64,2022
2022-04-25,407.7965698242187,407.9678619623352,398.59398828326226,403.1905306195963,119647700,SPY,39.639945027393466,-2.357091655379463,-0.0973871276705962,-2.259704527708867,419.3181653883953,420.9249104364108,2022-05-02,-0.032741266383879,-1,0,0.46,2022
2022-04-26,395.9865112304687,405.446032573075,395.9579625359706,405.2461626691722,103996300,SPY,32.944614128826274,-3.893011139852831,-0.8565119301070433,-3.036499209745788,417.0961030876404,419.9469339969621,2022-05-03,0.0006727967985662,0,0,0.5,2022
2022-04-27,397.0998840332031,402.4767961013641,394.9491482483503,397.0713353426824,122030000,SPY,34.07509125353347,-4.963185997955918,-1.6778467436768183,-3.2853392542790996,415.1917012729321,419.0509712532853,2022-05-04,0.0282551663754135,1,0,0.53,2022
2022-04-28,407.1304626464844,408.8720201338991,397.4140030769455,401.8772995746421,105449100,SPY,43.342449805838974,-4.944921441872339,-2.3312616833159225,-2.613659758556416,414.4239642608895,418.5835003275284,2022-05-05,-0.0327249738416237,-1,0,0.595,2022
2022-04-29,392.0846557617187,405.2842000843866,391.3328348190379,403.1144123743921,145491100,SPY,35.32159106782068,-6.074494530427785,-3.0799082527382953,-2.9945862776894896,412.29641107049224,417.5443299523986,2022-05-06,-0.0016019825916127,0,-1,0.605,2022
2022-05-02,394.4447937011719,395.8151890178917,385.44205215391776,392.15128527586165,158312500,SPY,37.28226057900029,-6.70198957010399,-3.8043245162114343,-2.8976650538925557,410.5962570353189,416.6384657856838,2022-05-09,-0.0393503619721122,-1,-1,0.635,2022
2022-05-03,396.2529296875,398.6796555671819,393.3788925749156,394.9491577184404,100028200,SPY,38.81259205281,-6.9730020202844685,-4.438060017026041,-2.5349420032584273,409.23022585933614,415.8390329975198,2022-05-10,-0.0415246245961312,-1,-1,0.615,2022
2022-05-04,408.3200073242187,408.89101020954047,393.71199296660353,396.91908856806344,144247900,SPY,47.941922729831845,-6.14325342168155,-4.779098697957143,-1.3641547237244067,409.1435383798011,415.54416924562565,2022-05-11,-0.0846270094612562,-1,-1,0.48,2022
2022-05-05,393.80712890625,404.4562257378947,389.6483718907425,404.0279663525022,172929100,SPY,40.17769847101248,-6.580879397181832,-5.139454837802081,-1.441424559379751,407.6829279537487,414.69173629114033,2022-05-12,-0.0518836707719737,-1,-1,0.62,2022
2022-05-06,391.45654296875,394.7492845104544,386.1177344614828,391.22815344103304,151770800,SPY,39.07393248868736,-7.036264103517567,-5.518816690945179,-1.5174474125723885,406.1375579551774,413.7805522392819,2022-05-13,-0.0233868558555974,-1,-1,0.645,2022
2022-05-09,378.9232482910156,386.76493340089223,377.3339600689342,385.51825858004776,155586100,SPY,33.749926007036606,-8.31266863002702,-6.077587078761547,-2.2350815512654725,403.54571893954295,412.4135991432715,2022-05-16,0.0048218680911302,0,-1,0.68,2022
2022-05-10,379.7986755371094,386.4507817221646,375.73509041387433,384.93764305975515,132497200,SPY,34.42204905475701,-9.14813474791697,-6.691696612592632,-2.456438135324338,401.2840957583588,411.1345825312651,2022-05-17,0.0231277123315309,1,-1,0.7,2022
2022-05-11,373.7651062011719,384.509374165029,373.01328537954856,378.82795305674824,142361000,SPY,32.01154437287231,-10.17976034573553,-7.389309359221212,-2.790450986514319,398.6632396100553,409.6691128712615,2022-05-18,-0.002265925347427,0,-1,0.7,2022
2022-05-12,373.3749694824219,376.6677110229419,366.5325191403808,370.5485329082936,125090800,SPY,31.856201101409894,-10.90312737178158,-8.092072961733285,-2.8110544100482944,396.25483293123307,408.2458131305227,2022-05-19,-0.0073405662281152,0,-1,0.7,2022
2022-05-13,382.3016052246094,383.6910234143796,376.486936132649,377.5337699916877,104174400,SPY,39.1342424952343,-10.633519456950468,-8.600362260776722,-2.033157196173745,394.9259541020308,407.22839321264377,2022-05-20,-0.0300956498145364,-1,-1,0.665,2022
2022-05-16,380.7503662109375,384.44281864302343,378.3807376216756,380.64569735325904,78622400,SPY,38.36736543383608,-10.424854038079957,-8.96526061623737,-1.4595934218425874,393.57589811240285,406.1900392125769,2022-05-23,-0.0079231812182141,0,-1,0.66,2022
2022-05-17,388.5825500488281,388.8204654969317,383.1199916115285,386.8790673085307,83029700,SPY,44.302040408041385,-9.517778386220584,-9.075764170234011,-0.4420142159865712,393.1003411539672,405.4995494414495,2022-05-24,-0.0353398586499896,-1,-1,0.61,2022
2022-05-18,372.9181823730469,384.2810266909841,371.6715077271893,383.99553976537305,117674500,SPY,36.692213229551925,-9.94822105606579,-9.25025554740037,-0.6979655086654208,391.1782307938795,404.2218487721004,2022-05-25,0.0140612153260004,0,-1,0.695,2022
2022-05-19,370.6341857910156,375.0879849586097,368.39777481712775,369.8347933871943,98510700,SPY,35.72853177918813,-10.354291581080131,-9.471062754136325,-0.8832288269438102,389.22165507932107,402.90468551794027,2022-05-26,0.0406974393700225,1,-1,0.7,2022
2022-05-20,370.7959899902344,377.8382814677449,362.1453877550972,374.24100104281246,131432200,SPY,35.857056744987446,-10.541532921469011,-9.685156787602862,-0.8563761338661511,387.4668298327414,401.645520987442,2022-05-27,0.0657803304839252,1,-1,0.705,2022
2022-05-23,377.7336120605469,378.50445579030895,371.5097357957892,373.841289765687,76414900,SPY,41.27915182109338,-10.014672006803266,-9.751059831442944,-0.2636121753603238,386.53985671158,400.70779906874026,2022-05-31,0.0403355261430449,1,-1,0.645,2022
2022-05-24,374.85009765625,376.0491718307928,368.25505900539866,373.5843711400361,91448800,SPY,39.77422246493235,-9.717785863669404,-9.744405037888235,0.0266191742188297,385.4265463253581,399.6937715623681,2022-06-01,0.0398586251274923,1,-1,0.66,2022
2022-05-25,378.161865234375,380.1413381489888,372.9467768759817,373.3464585898072,91472900,SPY,42.37279768702702,-9.110252174199331,-9.617574465150454,0.507322290951123,384.73467193574066,398.8493830789174,2022-06-02,0.0503811127659945,1,-1,0.64,2022
2022-05-26,385.7180480957031,387.36443349169656,379.1896619820907,379.39902874318574,82168300,SPY,47.89669322531581,-7.927671281269852,-9.279593828374336,1.351922547104483,384.8283268081181,398.3344287658502,2022-06-03,0.0129037347194749,0,-1,0.515,2022
2022-05-27,395.18707275390625,395.3012675186101,387.992512153444,388.1923529916757,84768700,SPY,53.86481479409555,-6.155440166995277,-8.654763096098524,2.499322929103247,385.81487404105025,398.2110030398917,2022-06-06,-0.008356159200092,0,-1,0.42,2022
2022-05-31,392.9696960449219,396.3290610025272,390.20988266191006,393.5597217080415,95937000,SPY,52.35254563490708,-4.873677291662148,-7.898545935211249,3.0248686435491017,386.4962856604666,398.0054615891085,2022-06-07,0.0068050128172063,0,1,0.4,2022
2022-06-01,389.7911071777344,396.1196515924214,387.2596836033776,395.1013956588197,86585800,SPY,50.17776816616465,-4.067469281400065,-7.132330604449013,3.064861323048948,386.81007818592064,397.6833300435644,2022-06-08,0.0039796675324472,0,1,0.4,2022
2022-06-02,397.2140808105469,397.261652277374,387.3643766573359,389.6293360925712,79609600,SPY,54.89050539915402,-2.797325857848932,-6.265329655128998,3.4680037972800655,387.8009355787422,397.66492811285787,2022-06-09,-0.0382134604331575,-1,1,0.495,2022
2022-06-03,390.69525146484375,394.0260678327138,389.7150409525671,392.4653285085532,71874300,SPY,50.38324585075297,-2.290341461187211,-5.470332016340641,3.17999055515343,388.0765847107519,397.3916074599946,2022-06-10,-0.0505188832445915,-1,1,0.455,2022
2022-06-06,391.88482666015625,396.4718145330548,390.7047462615296,394.7302861914693,57508900,SPY,51.1711953821488,-1.7721358190349292,-4.730692776879499,2.9585569578445696,388.43927442021896,397.17565527176566,2022-06-13,-0.0893415470511433,-1,1,0.54,2022
2022-06-07,395.6438598632813,396.1006679738038,387.9068449306309,388.37317895254336,59272400,SPY,53.674748349425,-1.0460730710134385,-3.993768835706287,2.947695764692849,389.1254254147963,397.1155848635898,2022-06-14,-0.1007121932903017,-1,1,0.52,2022
2022-06-08,391.34234619140625,395.7199960520667,390.5429538060979,393.9213414033141,64350000,SPY,50.484886288558336,-0.8084401217898858,-3.356703092923007,2.5482629711331213,389.3365607268544,396.8891833470336,2022-06-15,-0.0778657568374826,-1,1,0.505,2022
2022-06-09,382.03515625,391.83726222331853,382.03515625,389.5532794670752,86289800,SPY,44.34415339474907,-1.3555013663361706,-2.95646274760564,1.6009613812694692,388.6411888719159,396.30667248048326,2022-06-16,-0.0866629846576211,-1,1,0.66,2022
2022-06-10,370.957763671875,376.6487117778039,370.9101921981159,375.7922219532442,132893900,SPY,38.36311796058428,-2.652329938907087,-2.8956361858659294,0.2433062469588423,386.95705313857866,395.3125976252437,2022-06-17,-0.0573617272908559,-1,1,0.535,2022
2022-06-13,356.87322998046875,363.35404551352065,355.25539305425684,361.4887962300331,170004900,SPY,32.38257055660756,-4.761690283809514,-3.2688470054546466,-1.4928432783548675,384.0919271235206,393.8051714430957,2022-06-21,0.0045070891777012,0,-1,0.425,2022
2022-06-14,355.7976989746094,359.67096845244737,352.6762502529821,358.63366084826083,104011800,SPY,31.97267691231933,-6.445856101122843,-3.904248824588286,-2.5416072765345565,381.3972387283862,392.3146823266845,2022-06-22,0.0057168079093017,0,-1,0.645,2022
2022-06-15,360.87017822265625,365.3429714065082,354.1323961900005,359.11909489488215,125666800,SPY,36.08195359620754,-7.28725996554266,-4.5808510527791615,-2.7064089127634983,379.44228058498334,391.08156451868336,2022-06-23,0.0013002120762175,0,-1,0.68,2022
2022-06-16,348.9268493652344,353.0094872767248,346.4810711750992,352.6002796069905,134473300,SPY,31.28938034077568,-8.81617800218396,-5.427916442660122,-3.388261559523839,376.53604904024536,389.4284384342344,2022-06-24,0.0684986008386658,1,-1,0.7,2022
2022-06-17,349.6789855957031,353.0433241630427,346.1522111714354,349.3444884854048,111113900,SPY,31.902808515018503,-9.853579522453174,-6.3130490586187324,-3.5405304638344415,373.9782334740985,387.8696363621352,2022-06-27,0.0621274692076412,1,-1,0.705,2022
2022-06-21,358.481689453125,359.87710948987325,355.36586097952295,355.4423391329134,76811900,SPY,38.79034697542992,-9.851856992471426,-7.020810645389272,-2.831046347082154,372.50237213876767,386.7171678558995,2022-06-28,0.0148772492220812,0,-1,0.67,2022
2022-06-22,357.83172607421875,361.9702086950411,353.80790233335165,354.2284446206055,90059400,SPY,38.48086374068654,-9.790084487897444,-7.574665413890907,-2.2154190740065385,371.10516775166775,385.5844054330885,2022-06-29,0.015892466203798,0,-1,0.67,2022
2022-06-23,361.3393859863281,362.0753203861936,356.3980579897682,359.9822052314734,79292100,SPY,41.207028796767815,-9.350305985764976,-7.929793528265721,-1.420512457499255,370.17509329782587,384.6336203567449,2022-06-30,-0.0021422474248902,0,-1,0.645,2022
2022-06-24,372.8278503417969,372.8374174037556,364.5030772119901,364.5317492299944,98050300,SPY,49.154415521518565,-7.982735290657786,-7.940381880744135,-0.0423534099136508,370.4277368258231,384.17064898360974,2022-07-01,-0.0226621110905839,-1,-1,0.52,2022
2022-06-27,371.4036560058594,374.05113549959094,370.3045233942022,373.7548483390885,66009600,SPY,48.28307912994968,-6.933916370683846,-7.739088778732078,0.8051724080482314,370.52068150963606,383.6699825923254,2022-07-05,-0.0170615739898135,0,-1,0.515,2022
2022-06-28,363.8149108886719,375.7716379636104,363.7002228194044,372.9712306568032,86548900,SPY,43.82515965972205,-6.638543136511942,-7.518979650288051,0.8804365137761092,369.8820366885919,382.89135232943704,2022-07-06,0.0068305237425498,0,-1,0.615,2022
2022-06-29,363.5185546875,365.3631888432888,361.68348759162546,364.3692063196341,65676000,SPY,43.65564533294495,-6.355113397735579,-7.286206399777557,0.931093002041978,369.275990783726,382.1316347748513,2022-07-07,0.0227429562140859,1,-1,0.62,2022
2022-06-30,360.5653076171875,363.8244965354226,356.082730617821,359.59996770508957,112508300,SPY,41.915721279251926,-6.296216777263567,-7.088208475274759,0.7919916980111923,368.44640191072233,381.285896454943,2022-07-08,0.0302716782829697,1,-1,0.635,2022
2022-07-01,364.3787841796875,364.8184606338533,357.26783277548964,359.9057748290088,74839700,SPY,44.96591626642444,-5.874111986697017,-6.845389177559211,0.9712771908621942,368.0590097458619,380.6228724441486,2022-07-11,0.0078426534619366,0,-1,0.535,2022
2022-07-05,365.0669250488281,365.08605916988233,356.4076268928465,359.25583998251113,81438000,SPY,45.52186175853943,-5.421567229749655,-6.5606247879973,1.1390575582476448,367.7740492985253,380.01283529139096,2022-07-12,-0.0029584084882499,0,-1,0.505,2022
2022-07-06,366.2999572753906,368.80407756107235,362.81139208729496,365.2103621885909,70426200,SPY,46.56350781347367,-4.906863584669054,-6.229872547331651,1.3230089626625974,367.6336595820363,379.4750753691949,2022-07-13,-0.0115331131590762,0,1,0.395,2022
2022-07-07,371.7860412597656,372.5888868881297,366.31901983701664,368.0872052988535,64525900,SPY,51.04826290290759,-4.010050740514259,-5.785908185968173,1.775857445453914,368.0291245037248,379.1735446198055,2022-07-14,-0.0284839507875316,-1,1,0.395,2022
2022-07-08,371.480224609375,373.3630981799227,368.60333916624654,370.1421193637249,72397800,SPY,50.79235570333284,-3.286116641102012,-5.285949876994941,1.999833235892929,368.3578007042629,378.87184579586705,2022-07-15,-0.0091081952151147,0,1,0.41,2022
2022-07-11,367.2364807128906,369.75970496303694,366.5387562826393,368.7848275067312,58366900,SPY,47.25239769983574,-3.020015459332228,-4.832762993462398,1.8127475341301704,368.2510083241322,378.4155569690837,2022-07-18,-0.0059337164548778,0,1,0.49,2022
2022-07-12,363.9869079589844,369.0811928323018,362.2282896744507,366.68219399883327,62219200,SPY,44.68427230643034,-3.036340673820405,-4.473478529534,1.437137855713595,367.8449035274515,377.84972759613856,2022-07-19,0.0300396835012097,1,1,0.52,2022
2022-07-13,362.0753784179687,365.02874188620655,358.0898223804103,358.5103647242688,84224600,SPY,43.197016875889766,-3.1670155981434505,-4.21218594325589,1.0451703451124397,367.295424945596,377.2311256675829,2022-07-20,0.0420767490475355,1,1,0.465,2022
2022-07-14,361.1961059570313,362.2856717926246,354.629951422285,357.08626537524515,89704800,SPY,42.49635308282627,-3.3034462839056573,-4.030438011385844,0.7269917274801863,366.71453742287554,376.60230136520835,2022-07-21,0.0552511838362563,1,1,0.445,2022
2022-07-15,368.0967102050781,368.2113982514972,363.7097174223553,365.630800535606,79060400,SPY,49.4290942371996,-2.822214758275095,-3.788793360763694,0.9665786024885992,366.8461729259424,376.26874877069343,2022-07-22,0.0258614950530158,1,1,0.435,2022
2022-07-18,365.0574035644531,371.8816056458765,363.82444858360634,371.2030151789039,63203600,SPY,46.75539001538228,-2.655471331938884,-3.562128954998732,0.9066576230598482,366.67581393913395,375.8290881743702,2022-07-25,0.0356590731087029,1,1,0.525,2022
2022-07-19,374.92095947265625,375.4944289460288,368.34526757064066,369.0047239219697,78506000,SPY,55.22084457066387,-1.7077337450445498,-3.191249913007896,1.4835161679633462,367.4610658947075,375.793475284107,2022-07-26,-0.0035179127110939,0,1,0.605,2022
2022-07-20,377.3103332519531,378.7344542391549,373.73575311424617,375.112067971432,71843800,SPY,57.004192211031395,-0.7551376276758219,-2.7040274559414814,1.9488898282656597,368.3990913573023,375.85295991029705,2022-07-27,0.0158828603561795,0,0,0.46,2022
2022-07-21,381.1526184082031,381.20039537796225,374.30928210300607,376.727385963775,64903900,SPY,59.77822463139774,0.3063109967176274,-2.1019597654096596,2.408270762127287,369.6137129811976,376.060789655313,2022-07-28,0.0182552552285664,0,0,0.595,2022
2022-07-22,377.6162414550781,382.4811211127513,375.379736784438,381.2768673164797,72197300,SPY,56.1851937923397,0.8523354213154448,-1.511100728064639,2.3634361493800835,370.3758585501386,376.1217877651077,2022-07-29,0.042774979151394,1,0,0.67,2022
2022-07-25,378.0750122070313,378.9352017995165,375.81937347807474,378.2470442919547,53631500,SPY,56.550056104875075,1.3070162080215368,-0.9474773408474036,2.2544935488689406,371.10911127936646,376.1983848020459,2022-08-01,0.0384255505110195,1,0,0.72,2022
2022-07-26,373.6020202636719,376.6318035148528,372.7035915548239,376.4215323453805,52946400,SPY,52.00306476271413,1.291532951890531,-0.4996752822998167,1.7912082341903477,371.34653118263367,376.0965665848548,2022-08-02,0.0439253888458364,1,0,0.605,2022
2022-07-27,383.3031005859375,385.0617188942185,376.622229425215,376.9185166355963,82342100,SPY,59.59176850433962,2.038559224767539,0.0079716191136544,2.0305876056538845,372.4852520781864,376.37917576136783,2022-08-03,0.0334380142285763,1,0,0.79,2022
2022-07-28,388.1106567382813,388.8083521947853,380.5409235460445,384.11553354942833,73966600,SPY,62.73612016182676,2.984113527923512,0.603200000875626,2.380913527047886,373.97338585533834,376.83923383889385,2022-08-04,0.0199471441568031,0,0,0.78,2022
2022-07-29,393.7687683105469,394.7627800425634,388.7796338655899,389.5538073856809,87003700,SPY,66.08138988453527,4.14228476233842,1.3110169531681848,2.8312678091702352,375.858660374882,377.5031371515077,2022-08-05,0.0035924161910996,0,0,0.85,2022
2022-08-01,392.6027526855469,395.1260066861507,390.3375759887455,391.05440553420766,69997500,SPY,64.79055027284053,4.909462861810653,2.0307061348966786,2.878756726913974,377.45333583304057,378.0952789371563,2022-08-08,0.0054045117039065,0,0,0.83,2022
2022-08-02,390.01263427734375,394.7341540955972,388.8274853760052,391.0257510803338,63435400,SPY,61.89807159741417,5.247960897360315,2.674157087389406,2.573803809970909,378.6494594944028,378.56262620539894,2022-08-09,0.0080625611994553,0,0,0.79,2022
2022-08-03,396.1199951171875,397.2955768349463,391.8667950645836,392.1535151987035,67820600,SPY,65.7776695612268,5.940556964888344,3.327437062889194,2.6131199019991502,380.3133200299061,379.2511504764495,2022-08-10,0.0133670414466497,0,0,0.88,2022
2022-08-04,395.8523559570313,396.73165042697985,394.1988588361224,396.04349297891054,45656600,SPY,65.46309971260621,6.394140424222485,3.940777735155853,2.4533626890666325,381.7932282134418,379.9021781423546,2022-08-11,0.0140521875619155,0,0,0.925,2022
2022-08-05,395.183349609375,395.8332680618183,391.48451383201046,391.5418578620573,56814900,SPY,64.63105792425728,6.623276355520545,4.477277459228791,2.145998896291754,383.06847787019734,380.50143976851234,2022-08-12,0.0329649292536902,1,0,0.93,2022
2022-08-08,394.7245788574219,399.1498113586716,393.61587896680385,396.884634607063,53886100,SPY,64.03004673229161,6.690722778968393,4.919966523176711,1.7707562557916816,384.17858272612347,381.0592099288617,2022-08-15,0.0384269465728235,1,0,0.84,2022
2022-08-09,393.1571350097656,394.4952110549971,392.07710711215617,393.988652653307,44931800,SPY,61.911709766788945,6.542279609731679,5.244429140487705,1.2978504692439738,385.0336829436132,381.53363836340696,2022-08-16,0.0446091131293995,1,0,0.84,2022
2022-08-10,401.4149475097656,401.5583367421197,398.2895814324739,400.25847076574513,68665700,SPY,67.93110583052817,7.010164965916829,5.59757630557353,1.4125886603432989,386.5938033784848,382.3132975456171,2022-08-17,0.0158575260775311,0,0,0.82,2022
2022-08-11,401.4149475097656,406.1556008731708,400.66944600656456,404.28226547098006,59489700,SPY,67.93110583052817,7.296853892091292,5.937431822877083,1.359422069214209,388.0053409147973,383.06238185793666,2022-08-18,0.0188101856796998,0,0,0.75,2022
2022-08-12,408.2105407714844,408.3156617717107,402.40899327231233,403.3647660068895,61694500,SPY,72.13416269209246,7.980411300802814,6.34602771846223,1.6343835823405843,389.9296456630532,384.0485841682719,2022-08-19,-0.011613201105871,0,0,0.645,2022
2022-08-15,409.89263916015625,410.4183316112989,405.9261885496288,405.98353257442744,54048300,SPY,73.07485592117662,8.559201605860551,6.788662495941894,1.7705391099186567,391.83088313896775,385.0620765208948,2022-08-22,-0.0361656546819302,-1,0,0.67,2022
2022-08-16,410.6955261230469,412.635743467725,408.0002402054546,408.8126528048821,59289000,SPY,73.53410698192224,8.979176997394404,7.2267653962323966,1.7524116011620077,393.62751580411816,386.0673098386263,2022-08-23,-0.0403769716171542,-1,0,0.795,2022
2022-08-17,407.7803955078125,410.50435339534795,405.76372921580594,407.0731330801501,63563400,SPY,68.93652169174229,8.973344710943309,7.57608125917458,1.3972634517687288,394.9754091092319,386.91880339428064,2022-08-24,-0.030423027794633,-1,0,0.71,2022
2022-08-18,408.9656372070313,409.6537656215628,406.6813262154895,407.9811632223216,49023200,SPY,69.7642639076514,8.961064112539646,7.853077829847593,1.1079862826920523,396.3078117852128,387.78338511242777,2022-08-25,-0.0195846037000561,0,0,0.715,2022
2022-08-19,403.4699096679687,406.45191588489774,402.5905859324768,406.1843006902469,68016900,SPY,61.571545451007616,8.410916556685152,7.964645575215105,0.4462709814700467,396.9899163454753,388.3985429381353,2022-08-26,-0.0398683085314451,-1,0,0.62,2022
2022-08-22,395.068603515625,398.7770058092073,394.16060789348234,398.604944576473,77695600,SPY,51.59637153093448,7.213848703829399,7.8144862009379645,-0.6006374971085657,396.8069341712038,388.6601139411741,2022-08-29,-0.0259342782509712,-1,0,0.725,2022
2022-08-23,394.1128845214844,397.0471137542741,393.5585200132596,394.6385478471304,49105200,SPY,50.59223588451104,6.117526236061337,7.47509420796264,-1.357567971901302,396.5503580140877,388.8739480815784,2022-08-30,-0.0342913133984669,-1,0,0.625,2022
2022-08-24,395.3744812011719,396.75076696965255,393.1953207466003,393.8834490469075,49177800,SPY,51.922357617137095,5.289508923955339,7.037977151161179,-1.7484682272058407,396.438369746191,389.12887094901345,2022-08-31,-0.0446974755610127,-1,0,0.855,2022
2022-08-25,400.9562072753906,401.00398424235743,395.7759065035921,396.8750392546362,50942300,SPY,57.38821818310775,5.025764005303358,6.635534521989616,-1.6097705166862577,396.8686399870671,389.59268805985175,2022-09-01,-0.0550403153837646,-1,0,0.75,2022
2022-08-26,387.3842468261719,401.3863116303522,387.3269027952147,400.8415433362592,103087000,SPY,44.22313372991769,3.679189073028056,6.044265432197304,-2.3650763591692483,395.96536444793423,389.5060825212761,2022-09-02,-0.0322469059124658,-1,0,0.545,2022
2022-08-29,384.8227844238281,387.89080676379103,383.45603640076416,384.4118091443674,65370800,SPY,42.253031053104614,2.377918959257613,5.310996137609366,-2.933077178351753,394.9041663504003,389.32242377235656,2022-09-06,-0.029481185099961,-1,0,0.495,2022
2022-08-30,380.5982360839844,386.227751248867,378.4859865985058,385.9888080755094,85652400,SPY,39.15488239612691,0.9943055386321475,4.4476580178139224,-3.453352479181775,393.5416968012178,388.9802987649694,2022-09-07,-0.001079907112593,0,0,0.51,2022
2022-08-31,377.7022399902344,383.4942200869952,377.5684469825705,382.24216021191813,76029700,SPY,37.144225085944576,-0.3320728187796362,3.4917118504952107,-3.823784669274847,392.0331771049337,388.5380219502739,2022-09-08,0.0131585166686636,0,0,0.47,2022
2022-09-01,378.887451171875,379.23151536564103,372.78961628303784,375.51357448849853,78740100,SPY,38.53533079729875,-1.2729270749824195,2.538784065399685,-3.811711140382105,390.7812032065472,388.1595681942582,2022-09-09,0.0256798339866088,1,0,0.525,2022
2022-09-02,374.8923034667969,383.8001127190254,373.0667739686691,382.5767247352592,99632100,SPY,35.66960256214678,-2.314258550475415,1.568175542224665,-3.88243409270008,389.2679746599042,387.6392833029853,2022-09-12,0.0477512625492786,1,1,0.525,2022
2022-09-06,373.4777526855469,376.6891349836244,371.2412480491283,375.7429293364888,76637400,SPY,34.68604214017911,-3.216584885044256,0.611223456770881,-3.8278083418151367,387.7641439956798,387.08392916112496,2022-09-13,0.0059882568554856,0,0,0.54,2022
2022-09-07,380.1872253417969,380.9613988177897,372.9424818356341,373.1622908671721,70964200,SPY,42.749748440513216,-3.3516508910022367,-0.1813514127837426,-3.170299478218494,387.04253269531,386.813470187818,2022-09-14,-0.0079943168933955,0,0,0.56,2022
2022-09-08,382.6722412109375,383.13099339504765,376.6890953550019,377.90294523381226,80821700,SPY,45.43667024491102,-3.2210414999438512,-0.7892894302157644,-2.4317520697280868,386.6263144587031,386.65106905146973,2022-09-15,-0.02562554009744,-1,0,0.5,2022
2022-09-09,388.6172180175781,389.4869747471555,384.6603047094701,384.9279199210424,76706900,SPY,51.3225469016857,-2.607762015252149,-1.1529839472230414,-1.4547780680291076,386.8159243214531,386.7281729324936,2022-09-16,-0.0478511072026538,-1,0,0.595,2022
2022-09-12,392.79388427734375,393.52028081977227,390.3948856095932,390.7007398556543,69256300,SPY,54.995618402849296,-1.7643729507944386,-1.275261747937321,-0.4891112028571176,387.38525384106174,386.966043965625,2022-09-19,-0.0506700686112343,-1,1,0.56,2022
2022-09-13,375.7142333984375,385.2719598691794,374.5864286751779,384.0581099399607,122947100,SPY,41.27858406468782,-2.445970500880833,-1.5094034985260234,-0.9365670023548094,386.2737280846213,386.52479649240195,2022-09-20,-0.0189065357614777,0,1,0.515,2022
2022-09-14,377.14788818359375,378.6771302355147,373.82178890825554,377.0236330739944,85023700,SPY,42.573363517601194,-2.8377457438605234,-1.7750719475929235,-1.0626737962675998,385.40460047499965,386.1570745979389,2022-09-21,-0.0396850493859147,-1,0,0.53,2022
2022-09-15,372.8660583496094,378.447767676329,371.58532637235686,375.580449443351,87633800,SPY,39.75400887408957,-3.4539236475515054,-2.11084228758464,-1.3430813599668654,384.2104536059149,385.635858274475,2022-09-22,-0.0368161924034677,-1,1,0.475,2022
2022-09-16,370.0214538574219,370.6836483489433,366.7104813998148,368.65869801087206,103084800,SPY,37.9556935372722,-4.1242431766286245,-2.513522465393437,-1.6107207112351871,382.85912029653457,385.02352868949254,2022-09-23,-0.0456736707045679,-1,1,0.385,2022
2022-09-19,372.8909912109375,372.8909912109375,366.777713980512,366.8545062926547,73278500,SPY,40.861903158610325,-4.373513409937004,-2.8855206543021508,-1.4879927556348536,381.90977466933487,384.5477429060198,2022-09-26,-0.0623859348294427,-1,1,0.355,2022
2022-09-20,368.61077880859375,370.5589665722731,365.8372639777534,369.5416879934664,77274900,SPY,38.00250061846289,-4.860411437816481,-3.280498811005017,-1.5799126268114638,380.6432036349786,383.922763921807,2022-09-27,-0.0539198210924112,-1,-1,0.41,2022
2022-09-21,362.1807556152344,373.6203492709987,362.1711492548727,370.5493012990479,106746600,SPY,34.13773378476684,-5.699431270664434,-3.764285302936901,-1.9351459677275331,378.88487525214583,383.07013614507866,2022-09-28,-0.0181775454019438,0,-1,0.605,2022
2022-09-22,359.1385498046875,363.0541087165745,358.38998577942874,361.4034253163003,89472600,SPY,32.45596464201303,-6.534515292447509,-4.318331300839023,-2.216183991608486,377.0042728285784,382.13164256310256,2022-09-29,-0.0305436185424988,-1,-1,0.655,2022
2022-09-23,353.1212158203125,355.6835954375833,348.6490155096755,355.6451992816999,122346900,SPY,29.373567473923273,-7.59433123655873,-4.973531287982965,-2.620799948575766,374.7296959706483,380.9939787692677,2022-09-30,-0.0292703115941853,-1,-1,0.655,2022
2022-09-26,349.6278381347656,355.2900547219027,348.39942494539457,351.64321130311765,92581200,SPY,27.727202071624788,-8.61680028180001,-5.702185086746375,-2.914615195053636,372.3390428434214,379.7639340385029,2022-10-03,0.006313475938116,0,-1,0.685,2022
2022-09-27,348.7353515625,355.4724265356737,346.32649822363004,353.1883387257356,108294100,SPY,27.306116551757626,-9.390878373929809,-6.439923744183062,-2.9509546297467466,370.0910722452384,378.5471268825811,2022-10-04,0.0401506559695328,1,-1,0.685,2022
2022-09-28,355.5971984863281,357.29585483449654,347.9867939608782,349.69505666919423,110802200,SPY,35.42593642014414,-9.34294745647344,-7.020528486641138,-2.3224189698323014,368.7107033158184,377.64712969057126,2022-10-05,0.0177044541511399,0,-1,0.725,2022
2022-09-29,348.1691589355469,352.315035767772,345.20369296146373,352.0271378237581,112952300,SPY,31.34437775870137,-9.791472571275392,-7.574717303567989,-2.216755267707403,366.7543657557925,376.49113083743305,2022-10-06,0.0286942359529791,1,-1,0.715,2022
2022-09-30,342.7852478027344,351.16342978557975,342.65090518565324,347.21905205707867,153711200,SPY,28.75811045193244,-10.460783192369888,-8.15193048132837,-2.308852711041519,364.471592617406,375.169331502739,2022-10-07,0.0157063676669972,0,-1,0.7,2022
2022-10-03,351.835205078125,353.6970233157534,344.73343896651807,346.52807125106926,89756500,SPY,38.016272468744795,-10.144026737442744,-8.550349732551245,-1.5936770048914983,363.2681271374744,374.2542677213816,2022-10-10,-0.0179755529911866,0,-1,0.695,2022
2022-10-04,362.7373046875,362.7660944758719,351.79674579100157,357.3917761075824,103602800,SPY,46.95863617091305,-8.910571121724104,-8.622394010385818,-0.2881771113382854,363.2175726184293,373.8026221122098,2022-10-11,-0.053522680465105,-1,-1,0.555,2022
2022-10-05,361.8928527832031,364.1673344782114,356.0003167977901,358.34198444448964,88065700,SPY,46.40023759644763,-7.910007231441512,-8.479916654596957,0.5699094231554458,363.0914088245982,373.3355723346017,2022-10-12,-0.0544433720776775,-1,-1,0.55,2022
2022-10-06,358.15960693359375,363.4571338112663,357.6605448092148,360.4820616483239,82333500,SPY,43.91407829605405,-7.333755906756494,-8.250684505028865,0.9169285982723708,362.6217134064073,372.74043643652294,2022-10-13,-0.0193730086142213,0,-1,0.625,2022
2022-10-07,348.1691589355469,358.2459970036233,346.3937101803012,354.10009088371316,107789500,SPY,38.04008691765328,-7.595660197439997,-8.119679643511091,0.5240194460710939,361.24527964727775,371.7768569266807,2022-10-14,-0.0142231348115539,0,-1,0.715,2022
2022-10-10,345.5107727050781,349.5319132676691,343.25550381637066,349.29198855289724,76042800,SPY,36.63580884107368,-7.926360635050685,-8.08101584181901,0.1546552067683251,359.7467551765921,370.74681440818654,2022-10-17,0.0188879811922189,0,-1,0.74,2022
2022-10-11,343.3226318359375,348.3994465775248,341.37444448602633,343.8024812254494,92482800,SPY,35.474960673402435,-8.269680071343146,-8.118748687723837,-0.1509313836193087,358.1825529536726,369.6713562680983,2022-10-18,0.0374295244193865,1,-1,0.755,2022
2022-10-12,342.190185546875,345.31881285846936,341.9406544986575,343.7353157711484,76991800,SPY,34.85933635175974,-8.534758763049183,-8.201950702788906,-0.3328080602602767,356.6594703435014,368.5936632986386,2022-10-19,0.0334867341937241,1,-1,0.765,2022
2022-10-13,351.2209777832031,352.69892216426666,334.0807416549414,335.13641621284387,147254500,SPY,43.30834752038187,-7.924774211908925,-8.146515404612911,0.2217411927039858,356.14151867109206,367.9123815137196,2022-10-20,-0.0015300453765458,0,-1,0.68,2022
2022-10-14,343.21710205078125,355.338103128939,342.5740909391228,353.69699701959405,123737000,SPY,38.53749143395559,-7.995041083979004,-8.11622054048613,0.1211794565071269,354.9106218501101,366.94393918183965,2022-10-21,0.0465844689272378,1,-1,0.71,2022
2022-10-17,352.0367736816406,353.1500279712491,342.88123755495064,349.34002199190445,93168200,SPY,45.64331512065016,-7.255418348421472,-7.944060102073199,0.6886417536517273,354.63692202454155,366.35934445634166,2022-10-24,0.0328496946957235,1,-1,0.6,2022
2022-10-18,356.17303466796875,360.3189406799084,352.70850663090704,360.0118300225015,97162900,SPY,48.6421410464753,-6.263300874663059,-7.6079082565911715,1.344607381928112,354.7832184667727,365.95988132738586,2022-10-25,0.0371567219411952,1,-1,0.545,2022
2022-10-19,353.6490173339844,356.8640142581937,350.8178940825872,354.119260386603,79746900,SPY,46.9403217649059,-5.615970323578551,-7.209520669988648,1.5935503464100966,354.67519931126907,365.47710234725247,2022-10-26,0.0366893672976125,1,-1,0.52,2022
2022-10-20,350.68359375,357.6510174377863,349.91581702413947,353.19800029085746,88283100,SPY,44.95049914636629,-5.281360857792265,-6.823888707549372,1.542527849757107,354.295046400672,364.8969647552034,2022-10-27,0.0398728592314119,1,-1,0.53,2022
2022-10-21,359.2056884765625,359.6951149713161,348.8889259048477,350.4052371915977,131038400,SPY,51.33503096615654,-4.279190775552536,-6.314949121150005,2.0357583455974693,354.7627265983758,364.67377745015864,2022-10-28,0.0393544784856181,1,1,0.35,2022
2022-10-24,363.60107421875,364.74311811664273,358.07319984156703,360.74119058174347,85436900,SPY,54.28023241536851,-3.094620016295039,-5.670883300179012,2.576263283883973,355.6044739907924,364.63171065677005,2022-10-31,0.0193734011052097,0,1,0.46,2022
2022-10-25,369.4072570800781,369.72394478215,363.4091398707636,363.5242990351533,78846300,SPY,57.9044413703862,-1.668099905246038,-4.870326621192418,3.20222671594638,356.9190247612006,364.81898698709585,2022-11-01,-0.0010390973385047,0,0,0.4,2022
2022-10-26,366.6241760253906,371.960099752538,365.98119414106225,366.2403023095351,104087300,SPY,55.62817110261455,-0.7534584219748126,-4.046952981348897,3.2934945593740848,357.84332488159964,364.8897787140878,2022-11-02,-0.0187162136459183,0,1,0.505,2022
2022-10-27,364.6663513183594,369.4840286286004,364.0425236840353,367.63181702062286,81971800,SPY,54.01939970392252,-0.1844522972152731,-3.274452844522173,3.0900005473068997,358.49313692319583,364.8810168554318,2022-11-03,-0.0236062318510564,-1,1,0.485,2022
2022-10-28,373.342041015625,373.82189044696423,364.37845715272994,364.56080227965367,100302000,SPY,59.595653483843826,0.9555300532724686,-2.428456264963245,3.3839863182357135,359.9073182653319,365.212821724459,2022-11-04,-0.0325690438651616,-1,0,0.58,2022
2022-10-31,370.645263671875,372.7470063773883,369.73356738860633,370.866004938443,96631300,SPY,57.27063887692791,1.6226618496998526,-1.6182326420306254,3.240894491730478,360.92997973262175,365.42585866357336,2022-11-07,-0.0162087338447848,0,0,0.635,2022
2022-11-01,369.0234069824219,374.65686407361704,367.84299609074304,374.4169393508939,85407600,SPY,55.85921329978167,1.99747270244643,-0.8950915731352144,2.8925642755816443,361.7007823278408,365.56693898980274,2022-11-08,-0.006553751071252,0,0,0.5,2022
2022-11-02,359.7623596191406,372.967827237631,359.6568067871801,368.42844042185266,126990400,SPY,48.50781460805232,1.529591698240324,-0.4101549188601067,1.9397466171004307,361.5161706412979,365.3393084262474,2022-11-09,-0.0019741798348638,0,1,0.555,2022
2022-11-03,356.0579528808594,359.1193951845039,353.92741982452515,356.49940624202685,87100100,SPY,45.905367714813174,0.850078787637699,-0.1581081775605455,1.0081869651982445,360.996340378399,364.9753336989773,2022-11-10,0.0638256111714554,1,1,0.62,2022
2022-11-04,361.1826477050781,363.601078127251,355.0885544933981,361.8064460648948,103505200,SPY,49.90908290681393,0.7168169343950694,0.0168768448305774,0.699940089564492,361.0140839333208,364.8266009149028,2022-11-11,0.0588813925336324,1,1,0.605,2022
2022-11-07,364.6375732421875,365.232581816184,360.39569163090664,362.48782800001794,68286900,SPY,52.46349866340391,0.8798472411180569,0.1894709240880733,0.6903763170299836,361.3591781532129,364.8191880649924,2022-11-14,0.0399262029432452,1,1,0.485,2022
2022-11-08,366.60491943359375,369.5991748225198,362.4974099894576,365.75077349515095,84641100,SPY,53.90499405189743,1.1544900865417844,0.3824747565788156,0.7720153299629688,361.8587725608682,364.8892167461141,2022-11-15,0.0431675589012154,1,0,0.62,2022
2022-11-09,359.0521240234375,365.77962212015143,358.55306189318287,364.61836546143104,78495500,SPY,47.899747016114304,0.7540073248921431,0.4567812702414811,0.297226054650662,361.5914727001605,364.6603111491464,2022-11-16,0.0569856409715929,1,0,0.465,2022
2022-11-10,378.7835693359375,379.1194698157038,370.0983058190936,372.41115444470535,141455800,SPY,60.332614673714595,2.005664532860237,0.7665579227652324,1.2391066100950048,363.2288152369012,365.2141644113735,2022-11-17,-0.0011402693204468,0,0,0.705,2022
2022-11-11,382.4495849609375,383.2557284527507,377.7470373271683,379.6472515285247,93839900,SPY,62.14032348323986,3.2558967595262516,1.2644256901174362,1.9914710694088151,365.05936473442847,365.8900632564544,2022-11-18,-0.0062230552114616,0,0,0.52,2022
2022-11-14,379.1961669921875,384.052240344384,378.91784615297826,380.67411127388954,71903500,SPY,59.546837909772094,3.938787278529276,1.7992980077998042,2.1394892707294715,366.40572685421506,366.41187124609104,2022-11-21,-0.001341354472657,0,0,0.49,2022
2022-11-15,382.4303588867187,386.09641526894217,378.5915637524993,384.9831611654966,93194500,SPY,61.27701196605515,4.686927212029502,2.376823848645744,2.3101033633837584,367.93188228588207,367.040047231998,2022-11-22,0.0035383695362989,0,0,0.525,2022
2022-11-16,379.512939453125,381.74902499018623,378.87953466838616,380.78932609591885,68508500,SPY,58.832606851621016,4.98693584087232,2.898846247091059,2.088089593781261,369.0348401113338,367.52918026027754,2022-11-23,0.0176254515160969,0,0,0.715,2022
2022-11-17,378.3516540527344,379.03306130319766,374.4169123143504,374.7239936786205,74496300,SPY,57.843473722336824,5.072516007132549,3.333580199099357,1.738935808033192,369.9221557248005,367.95359099723663,2022-11-25,0.0205206122008316,1,0,0.77,2022
2022-11-18,380.069580078125,381.7778430649498,377.20008954377306,381.71065710832977,92922500,SPY,58.94316874579552,5.218802076659529,3.710624574611391,1.5081775020481372,370.8885770917838,368.4287278239381,2022-11-28,-0.0003031125442825,0,0,0.78,2022
2022-11-21,378.6875305175781,379.8679705369526,376.8353189382385,378.73553302822825,51243200,SPY,57.64048524683673,5.163691173861707,4.001237894461455,1.1624532794002524,371.6313345609071,368.831033811924,2022-11-29,0.0016220703429565,0,0,0.775,2022
2022-11-22,383.7835388183594,383.94670049862543,379.22496958302423,380.6453343304418,60429000,SPY,61.05803240781313,5.468186813340424,4.294627678237249,1.1735591351031749,372.7886873473311,369.4174065572744,2022-11-30,0.0194549555778433,0,0,0.86,2022
2022-11-23,386.2020263671875,386.6914528679306,383.2173476965977,383.4476660498886,68261600,SPY,62.60019883972015,5.837364035478515,4.603174949685502,1.2341890857930131,374.0661482063651,370.0756269419769,2022-12-01,0.012325417769387,0,0,0.885,2022
2022-11-25,386.11566162109375,386.6723034073662,385.35752054567286,385.63581215112174,30545400,SPY,62.50500573706571,6.053193286348744,4.893178617018151,1.160014669330593,375.2137209125297,370.7046479097854,2022-12-02,0.0113836777335361,0,0,0.875,2022
2022-11-28,379.9543762207031,384.6568947405759,379.1865995660662,383.0062115427125,67881600,SPY,55.96651459022944,5.661809467639273,5.046904787142376,0.6149046804968972,375.6652118942605,371.0673823533508,2022-12-05,0.0092950837908507,0,0,0.835,2022
2022-11-29,379.3017883300781,381.2883426977517,377.4495472845846,380.088719131137,52310000,SPY,55.30659348488009,5.238589385151613,5.085241706744223,0.1533476784073899,376.0115525071955,371.3903002347911,2022-12-06,-0.0035422108090933,0,0,0.85,2022
2022-11-30,391.2500305175781,391.2500305175781,377.62232405868906,379.55129888273314,144566700,SPY,63.737451399722694,5.800443804027054,5.2282821262007895,0.5721616778262648,377.462836127232,372.1691131870572,2022-12-07,-0.0356161363992505,-1,0,0.925,2022
2022-12-01,390.9621276855469,393.47653402180293,388.43811498859696,392.2960938761709,76398200,SPY,63.42697477139661,6.151574603678853,5.412940621696403,0.7386339819824501,378.7484829423096,372.9060941477823,2022-12-08,-0.0273455401420352,-1,0,0.945,2022
2022-12-02,390.5110778808594,391.4227742514983,385.9333247304217,386.038877549972,85342700,SPY,62.90994356004053,6.320592486750854,5.594470994707294,0.7261214920435606,379.86873007931433,373.5964856667265,2022-12-09,-0.0334964095388131,-1,0,0.96,2022
2022-12-05,383.486083984375,388.6108726499475,382.1233279330947,387.67038646213933,77289800,SPY,55.34313639643051,5.820585987594825,5.6396939932848005,0.1808919943100244,380.2132399750344,373.98431305173233,2022-12-12,-0.0016016142514542,0,0,0.87,2022
2022-12-06,377.9582214355469,383.86997043269974,375.8565076972712,383.3229642944105,77972200,SPY,50.22395789967851,4.921542447465242,5.496063684120889,-0.5745212366556469,379.99847630460704,374.14015259619566,2022-12-13,0.0206687398843836,1,0,0.79,2022
2022-12-07,377.3152160644531,379.6952798360285,376.1731720515471,377.1040811388482,65927900,SPY,49.64866877815601,4.109783775909364,5.218807702478585,-1.109023926569221,379.7429277103067,374.2646648890685,2022-12-14,0.0158714123779255,0,0,0.75,2022
2022-12-08,380.27105712890625,381.3459151384176,377.4207504165452,379.2154118402189,60737900,SPY,52.35065613936731,3.662748961160617,4.907595954214991,-1.2448469930543746,379.7932257501733,374.50020968278767,2022-12-15,-0.0166816978984042,0,0,0.935,2022
2022-12-09,377.4303588867187,381.5954483406993,377.3055933514023,379.0234624767511,81447700,SPY,49.59611825110613,3.0441588737480743,4.534908538121608,-1.490749664373534,379.5681908107967,374.61511749470657,2022-12-16,-0.0209774898003968,-1,0,0.76,2022
2022-12-12,382.8718872070313,382.8718872070313,377.55514710968646,378.2269187659114,75405800,SPY,54.53146896018687,2.9588992823956346,4.219706686976414,-1.2608074045807791,379.88282856281904,374.938912385386,2022-12-19,-0.0430755879229832,-1,0,0.895,2022
2022-12-13,385.7701416015625,393.94676512636966,382.98702083958256,393.6876569846706,123782500,SPY,56.94934531539645,3.08958058808048,3.993681467197227,-0.9041008791167476,380.4435250426994,375.3636664722949,2022-12-20,-0.0489652015724176,-1,0,0.745,2022
2022-12-14,383.3037414550781,389.1579107042202,380.33827531713183,385.42466786033674,108111300,SPY,54.30292916035156,2.960007461611667,3.786946666080116,-0.8269392044684487,380.71592660578307,375.6750419618158,2022-12-21,-0.0285339356853693,-1,0,0.835,2022
2022-12-15,373.927490234375,379.32099341165576,372.2576235064061,378.4092677339219,117705900,SPY,45.623210854030994,2.07679471572834,3.444916276009761,-1.3681215602814207,380.0694088561251,375.606510521524,2022-12-22,-0.0183811023323868,0,0,0.755,2022
2022-12-16,369.5128173828125,372.7040052098421,367.3628802905893,371.35426298155033,119858000,SPY,42.20280482174147,1.0089841065415044,2.95772984211611,-1.9487457355746056,379.06401919200016,375.3675421631432,2022-12-23,-0.0009391985395676,0,0,0.645,2022
2022-12-19,366.37945556640625,370.04307506014413,364.7019209808815,369.7056321640907,79878100,SPY,39.91546986464474,-0.0890728302445609,2.3483693076439756,-2.4374421378885365,377.85596551337215,375.01506817895745,2022-12-27,0.0036316621634611,0,0,0.49,2022
2022-12-20,366.8808288574219,368.5101700109185,364.2873819052728,365.61785261496107,74427200,SPY,40.47143707873807,-0.9083631839390592,1.6970228093273687,-2.605385993266428,376.8107144032817,374.6960784016423,2022-12-28,-0.0101960987862951,0,0,0.51,2022
2022-12-21,372.3665771484375,373.50421488046874,368.953634530171,369.4935314003612,78167400,SPY,46.32375613357251,-1.1022960682176404,1.137159033818367,-2.2394551020360076,376.3874632361537,374.6047254113206,2022-12-29,-0.0072236608186329,0,1,0.49,2022
2022-12-22,367.0542907714844,372.34722118060336,361.3178505956831,369.3006439077733,100120900,SPY,42.01603169136515,-1.665448140748822,0.5766375989049293,-2.242085739653751,375.4985896680899,374.3086299352486,2022-12-30,0.004491572948464,0,1,0.51,2022
2022-12-23,369.165771484375,369.3103814762374,364.4609302679499,366.02277702441427,59857300,SPY,44.23571299765098,-1.9192474781337976,0.0774605834971838,-1.9967080616309816,374.8954641267838,374.10694921168493,2023-01-03,-0.0054582921930582,0,1,0.6,2022
2022-12-27,367.71002197265625,369.3972074701652,366.0228364751473,369.0501434333241,51638200,SPY,43.01315845993219,-2.2123495128815875,-0.3805014357785704,-1.8318480771030172,374.2111363025812,373.8560893199584,2023-01-04,0.0061875047825061,0,1,0.535,2022
2022-12-28,363.14007568359375,369.62851797947127,362.9086997184609,367.6424330641149,70911500,SPY,39.33768621080114,-2.781330018858398,-0.8606671523945361,-1.920662866463862,373.1567495769633,373.43585349108133,2023-01-05,0.0072213882847955,0,1,0.54,2022
2022-12-29,369.6767272949219,370.5540670964372,365.4732107416271,366.00348658061273,66970900,SPY,46.39365910976824,-2.673974104188858,-1.2233285427534004,-1.4506455614354574,372.8253188834355,373.2884367775064,2023-01-06,0.0121010599107596,0,0,0.54,2022
2022-12-30,368.7029418945313,368.84755186749146,364.84651903067794,366.9772138469204,84022200,SPY,45.54377528332059,-2.6370715921092938,-1.5060771526245793,-1.1309944394847145,372.43271155115895,373.1086134487623,2023-01-09,0.0141987962248228,0,1,0.545,2022
2023-01-03,123.33063507080078,129.07955079083166,122.44314998227296,128.46817802573926,112117500,AAPL,32.34012457244316,-4.6433313451924505,-3.769729826548398,-0.8736015186440524,132.927203166872,138.6652946465562,2023-01-10,0.0452548262182828,1,1,0.695,2023
2023-01-04,124.60269927978516,126.87071595607893,123.34050157319416,125.12532731236188,89113600,AAPL,34.88956849424575,-4.72398333345285,-3.960580527929289,-0.7634028055235613,132.13439327286375,138.11382031844752,2023-01-11,0.0564261102105232,1,1,0.72,2023
2023-01-05,123.28134155273438,125.99309725880704,123.02496279365803,125.36199835089351,80962700,AAPL,33.47841200211765,-4.838745099251213,-4.136213442193673,-0.7025316570575395,131.29124548999428,137.532154484498,2023-01-12,0.0671094736889008,1,1,0.68,2023
2023-01-06,127.81736755371094,128.4780480462767,123.15315196037017,124.2575788089564,87754700,AAPL,42.13133524975872,-4.511667541331548,-4.211304262021248,-0.3003632793102992,130.960399972253,137.15118244799655,2023-01-13,0.0396543291408404,1,0,0.505,2023
2023-01-09,128.3400115966797,131.55468474878427,128.08363280615177,128.65556861264022,70790800,AAPL,43.05052489172881,-4.162302778378972,-4.201503965292793,0.0392011869138206,130.71083917457938,136.8056463361802,2023-01-17,0.0444870822841481,1,0,0.62,2023
2023-01-10,128.9119415283203,129.4345696464241,126.33823803970584,128.44847658636624,63896200,AAPL,44.09697487252515,-3.795526256978917,-4.120308423630018,0.3247821666511008,130.53951558922137,136.49608928489158,2023-01-18,0.0342692018924828,1,0,0.505,2023
2023-01-11,131.633544921875,131.6532559460779,128.64568467754964,129.4246914378982,69458900,AAPL,48.90810856037909,-3.247803911017513,-3.945807521107517,0.6980036100900038,130.6437088589979,136.30540127065564,2023-01-19,0.0133344755188984,0,0,0.58,2023
2023-01-12,131.5546875,132.39285762882386,129.6120828388038,132.01815247276784,71379600,AAPL,48.77712080612124,-2.787955327054675,-3.7142370822969486,0.9262817552422736,130.73046872956954,136.1190987698456,2023-01-20,0.0334305778252865,1,1,0.535,2023
2023-01-13,132.88587951660156,133.04365799858422,129.82900042275443,130.19384999657817,57809700,AAPL,51.15532879039367,-2.289711571035184,-3.429331980044596,1.139620409009412,130.93574594738212,135.99230585795368,2023-01-23,0.0471209094148235,1,1,0.72,2023
2023-01-17,134.0494842529297,135.38070076927318,132.26465833803292,132.95492042575748,63646600,AAPL,53.200711391905834,-1.7804329049192518,-3.0995521650195275,1.3191192601002757,131.23229245267237,135.91611677540374,2023-01-24,0.0484770349503309,1,1,0.575,2023
2023-01-18,133.32965087890625,136.682361304903,133.15214630173037,134.91726132660978,69672800,AAPL,51.756814806196374,-1.418558174637468,-2.763353366943116,1.3447951923056478,131.43204087421844,135.81468674024697,2023-01-25,0.0491825717232485,1,1,0.545,2023
2023-01-19,133.38880920410156,134.3551761664197,131.90966964997585,132.21535608370812,58280400,AAPL,51.87242103667564,-1.1141529990491108,-2.433513293364315,1.3193602943152043,131.61839976277875,135.71955428784912,2023-01-26,0.0642418027747016,1,0,0.505,2023
2023-01-20,135.95263671875,136.10055969629155,132.3534032973474,133.3986594670003,80223600,AAPL,56.71363222999845,-0.6584401623165093,-2.078498667154754,1.4200585048382446,132.03118423477602,135.72869477533544,2023-01-27,0.058460848468741,1,0,0.635,2023
2023-01-23,139.1475830078125,141.32685514540398,135.9822178760608,136.19915953850284,81760300,AAPL,61.86208153070073,-0.0390290886855098,-1.670604751460905,1.6315756627753952,132.70893649887472,135.8627688236679,2023-01-30,0.0133937539970716,0,0,0.515,2023
2023-01-24,140.5478057861328,141.169049065949,138.34882305195495,138.35867856319985,66435100,AAPL,63.889206783548154,0.5584079466314051,-1.224802211842443,1.7832101584738482,133.4554954786136,136.0464957633724,2023-01-31,0.012348466893882,0,0,0.575,2023
2023-01-25,139.88714599609375,140.44921115138996,136.87955949987148,138.93063463423644,65799300,AAPL,62.20907720681984,0.9674195671571226,-0.78635785604253,1.7537774231996526,134.0680336231355,136.19710949798892,2023-02-01,0.0251653532794249,1,0,0.56,2023
2023-01-26,141.95794677734375,142.24390711048304,139.9265826744515,141.17892492583348,54105100,AAPL,65.29022289746895,1.4420376277011258,-0.3406787592937988,1.7827163869949247,134.8194539235363,136.4230246854146,2023-02-02,0.0476521590703398,1,0,0.67,2023
2023-01-27,143.90054321289062,145.18246711281154,141.09018721144076,141.16907645645273,70555800,AAPL,67.93160321126098,1.9524208651202457,0.11794116558901,1.8344796995312356,135.68431957014147,136.71626070609992,2023-02-03,0.0587267113478517,1,0,0.585,2023
2023-01-30,141.01129150390625,143.5258315295515,140.863383580403,142.94404030165967,64015300,AAPL,60.551059853879984,2.09956234369065,0.5142654012093381,1.5852969424813117,136.19165023050002,136.88469328640605,2023-02-06,0.0610489891266567,1,0,0.755,2023
2023-01-31,142.28335571289062,142.3326633733732,140.30131415280843,140.71547141700836,65874500,AAPL,62.48367381591063,2.292392700054364,0.8698908609783433,1.422501839076021,136.77181265739435,137.09640553842505,2023-02-07,0.0717998747839336,1,0,0.57,2023
2023-02-01,143.40745544433594,144.5710526651521,139.3546288551531,141.967768515313,77663600,AAPL,64.15484423227531,2.507018254699034,1.1973163397224815,1.3097019149765523,137.40377863710307,137.34389769159802,2023-02-08,0.0446264456392402,1,0,0.72,2023
2023-02-02,148.72254943847656,149.07752846410273,146.10939403157928,146.82923768896234,118339000,AAPL,70.78218073733568,3.070598272774305,1.5719727263328462,1.4986255464414586,138.48175680866245,137.79011932873053,2023-02-09,0.0003312922624634,0,0,0.655,2023
2023-02-03,152.35134887695312,155.1913011660709,145.77411121969988,145.97132678498124,154357300,AAPL,74.27871587728092,3.766633874361048,2.0109049559384866,1.7557289184225615,139.80267033897584,138.36114793846474,2023-02-10,-0.021096503800191,-1,0,0.71,2023
2023-02-06,149.61988830566406,150.97084596204795,148.68310295478358,150.4482178700856,69858300,AAPL,67.71028830456686,4.051142019497291,2.4189523686502477,1.6321896508470437,140.73764347866043,138.80266716855098,2023-02-13,0.0155202866476114,0,0,0.655,2023
2023-02-07,152.49928283691406,153.07121860652774,148.54505515759217,148.54505515759217,83322600,AAPL,70.65610495171887,4.457575691034236,2.8266770331270457,1.630898657907191,141.85779960801793,139.33978935162403,2023-02-14,-0.0078635663729927,0,0,0.7,2023
2023-02-08,149.80722045898438,152.4302309897519,149.06765083879986,151.7399690202295,64120100,AAPL,64.71189313688377,4.510456632135373,3.1634329529287113,1.3470236792066617,142.61488730810996,139.75027684603032,2023-02-15,0.0240072945311591,1,0,0.665,2023
2023-02-09,148.77182006835938,152.1837078719676,148.3280813053058,151.64135380753217,56007100,AAPL,62.53287488191462,4.417890311157521,3.4143244245744735,1.0035658865830477,143.20126185670514,140.10406285474912,2023-02-16,0.0203798804296655,1,0,0.645,2023
2023-02-10,149.13726806640625,149.46317743221437,147.3694730974516,147.60650220064647,57450700,AAPL,63.00635939924381,4.324173058826403,3.5962941514248596,0.7278789074015437,143.76659578143858,140.45830619638272,2023-02-17,0.0101979156648448,0,0,0.585,2023
2023-02-13,151.94203186035156,152.34693578344766,149.04836048379,149.07798723256394,62199000,AAPL,66.50493764395915,4.425211376786791,3.762077596497246,0.6631337802895452,144.54520874133505,140.90864837928348,2023-02-21,-0.0349041387480789,-1,0,0.47,2023
2023-02-14,151.3000946044922,151.8630330104811,148.98911761787627,150.2334863638484,61707600,AAPL,64.99000930574894,4.402734022849188,3.890208881767635,0.5125251410815532,145.18853120449288,141.3161560743897,2023-02-22,-0.0280025329775708,-1,0,0.48,2023
2023-02-15,153.4036865234375,153.57157647071767,150.98407305919312,151.21121650909475,65573800,AAPL,67.59498692142053,4.5027578556304775,4.012718676540204,0.4900391790902736,145.97092694915426,141.79017687631315,2023-02-23,-0.0381766921331792,-1,0,0.47,2023
2023-02-16,151.80377197265625,154.39127521881363,151.44823591009165,151.60624021713144,68167900,AAPL,63.71210711926565,4.4021821153753535,4.090611364307234,0.3115707510681194,146.5264359990116,142.18286688009132,2023-02-24,-0.045540222093293,-1,0,0.515,2023
2023-02-17,150.6581573486328,151.10257366904202,148.97924287733272,150.46064065840176,59144100,AAPL,61.00961648559887,4.181828079750517,4.108854707395891,0.0729733723546255,146.9199332704041,142.515231212191,2023-02-27,-0.0303505340995974,-1,0,0.485,2023
2023-02-21,146.6386260986328,149.4236611977066,146.56950203742764,148.33729678255915,58867200,AAPL,52.58206506397063,3.6408835010729206,4.015260466131298,-0.374376965058377,146.8931421111878,142.6769329724436,2023-02-28,-0.0072061617615367,0,0,0.525,2023
2023-02-22,147.0633087158203,148.0904046122651,145.3350111943411,147.02379633351947,51011300,AAPL,53.31581263831267,3.2094527892228655,3.854098930749611,-0.6446461415267462,146.90934845448612,142.848947707478,2023-03-01,-0.0241759106016523,-1,0,0.555,2023
2023-02-23,147.5472412109375,148.47558640924544,145.41403945071286,148.2286867318044,48394200,AAPL,54.18579250847,2.873466615284457,3.657972467656581,-0.7845058523721242,146.97010014557674,143.03319451153524,2023-03-02,-0.0233601898557714,-1,0,0.495,2023
2023-02-24,144.89059448242188,145.3646375819345,143.91286646196608,145.2856278870893,55469600,AAPL,48.8084452875207,2.3655572913738183,3.3994894324000287,-1.0339321410262103,146.77205198718104,143.10603372607983,2023-03-03,0.0294456877168778,1,0,0.465,2023
2023-02-27,146.08560180664062,147.32010021469048,145.621429199649,145.87821451304222,44998500,AAPL,51.15651371313072,2.035992937633665,3.126790133446756,-1.0907971958130909,146.70667577951053,143.22287953316064,2023-03-06,0.0399539747057249,1,0,0.5,2023
2023-02-28,145.58192443847656,147.23121241896578,145.0091153980784,145.2263883123522,50547000,AAPL,50.113161869654746,1.7144056574693425,2.8443132382512735,-1.1299075807819312,146.59955660417396,143.315391098075,2023-03-07,0.0284238617138901,1,0,0.4,2023
2023-03-01,143.50791931152344,145.4041064076396,143.21163678129005,145.00907308036537,55479000,AAPL,45.95672672611379,1.277464722341847,2.5309435350693885,-1.2534788127275416,146.30511495725486,143.32294122409257,2023-03-08,0.0520267285207181,1,0,0.465,2023
2023-03-02,144.1005096435547,144.8905915062189,142.11542689154663,142.58948505088003,52238100,AAPL,47.30164435594293,0.9678462415653256,2.218324076368576,-1.25047783480325,146.09515254642628,143.3534341032872,2023-03-09,0.0320745812239622,1,0,0.41,2023
2023-03-03,149.15699768066406,149.23600736765022,145.50288630750634,146.20407279147852,70732300,AAPL,57.10987112125201,1.1176046400247517,1.998180189099811,-0.8805755490750595,146.38675684492512,143.58102483181176,2023-03-10,-0.0167515536585463,0,1,0.42,2023
2023-03-06,151.92230224609375,154.3616721188966,151.55689556759242,151.8827898611123,87558000,AAPL,61.34685612851586,1.4427945797634436,1.8871030672325375,-0.4443084874690939,146.9139516450364,143.9081337500189,2023-03-13,-0.0218423764460576,-1,1,0.355,2023
2023-03-07,149.7199249267578,152.11978182875637,149.25575246867027,151.79387254523385,56182000,AAPL,56.55499744558698,1.5054426998992767,1.8107709937658856,-0.3053282938666086,147.18118719567653,144.13604712949885,2023-03-14,0.0065304429402841,0,1,0.515,2023
2023-03-08,150.9741668701172,151.5667319547554,149.94707113557456,150.9149133755646,47204800,AAPL,58.541109047602845,1.6374234311010412,1.7761014812329166,-0.1386780501318754,147.54242335514706,144.40420868795448,2023-03-15,0.0007853051516928,0,1,0.385,2023
2023-03-09,148.72247314453125,152.62348469471294,148.36693703717327,151.65564226284476,53833600,AAPL,53.78715403155568,1.5425447503023977,1.7293901350468128,-0.1868453847444153,147.65480904937414,144.57355239213396,2023-03-16,0.0349294467159881,1,1,0.415,2023
2023-03-10,146.65838623046875,149.06812912915592,145.77942411442874,148.3471863994858,68572400,AAPL,49.795204954410174,1.2859742380101409,1.6407069556394784,-0.3547327176293375,147.5599116380498,144.65531058187258,2023-03-17,0.0437711285468802,1,-1,0.51,2023
2023-03-13,148.6039581298828,151.2408445051467,145.86830586973156,145.97694231528436,84457100,AAPL,53.312516822869846,1.2255047945662056,1.557666523424824,-0.3321617288586183,147.659344637272,144.81015950532398,2023-03-20,0.0460556721497242,1,1,0.46,2023
2023-03-14,150.69766235351562,151.49761478500946,148.238551555895,149.4039106364519,73695900,AAPL,56.81854706290673,1.3311817237296566,1.5123695634857903,-0.1811878397561339,147.9487082292952,145.04104196995894,2023-03-21,0.0438431197994515,1,1,0.625,2023
2023-03-15,151.0927276611328,151.34949789320206,148.06079247647403,149.31504702106903,77167900,AAPL,57.46759000985516,1.4303220577419324,1.495960062337019,-0.0656380045950866,148.24813865137497,145.27836297745597,2023-03-22,0.0316358906012343,1,1,0.515,2023
2023-03-16,153.91726684570312,154.51970266888276,149.75946959563373,150.27302515053125,76161100,AAPL,61.87924071304917,1.717015507287158,1.5401711513270469,0.1768443559601111,148.78805562226336,145.6171435213088,2023-03-23,0.0197625249303021,0,1,0.565,2023
2023-03-17,153.07778930664062,154.79621636647911,152.36671707978053,154.1443976469308,98944600,AAPL,59.89091186619509,1.8550988847858605,1.6031566980188097,0.2519421867670508,149.19660168744215,145.90971786583162,2023-03-24,0.0338708542353918,1,1,0.585,2023
2023-03-20,155.44801330566406,155.86281797805782,152.23831786199295,153.14692183341302,73641400,AAPL,63.46089479152764,2.1312208370526946,1.7087695258255868,0.4224513112271078,149.7919742225109,146.28376866739367,2023-03-27,0.0055909035448646,0,1,0.59,2023
2023-03-21,157.30471801757812,157.42322503802845,154.59869218400178,155.36903302560913,73938300,AAPL,66.01286739734896,2.471381479385343,1.861291916537538,0.6100895628478049,150.50747363156492,146.71596275955778,2023-03-28,-0.0102337522050859,0,1,0.665,2023
2023-03-22,155.8726806640625,160.12922799549253,155.85292447362312,157.32445173541882,75701800,AAPL,62.39333482671368,2.5954886156403347,2.0081312563580975,0.5873573592822372,151.01844572989802,147.07504973620505,2023-03-29,0.0186275999307703,0,1,0.685,2023
2023-03-23,156.9590606689453,159.54657961758764,155.724562242733,156.86030983658483,67622100,AAPL,64.00572244104785,2.7498081260228844,2.156466630291055,0.5933414957318295,151.58421858123586,147.46265800807723,2023-03-30,0.0215815553422655,1,1,0.745,2023
2023-03-24,158.26266479492188,158.35154504613158,155.8924343453171,156.88990343786057,59196500,AAPL,65.89531149008575,2.94336809291309,2.313846922815462,0.629521170097628,152.2202610777774,147.8861876859927,2023-03-31,0.02901705010325,1,1,0.69,2023
2023-03-27,156.31710815429688,158.77623413977568,155.91218910395636,157.9565254779494,52390300,AAPL,60.767978454947915,2.906273883755375,2.432332315003445,0.4739415687519304,152.6104369898269,148.21681201808306,2023-04-03,0.0498484147140709,1,1,0.74,2023
2023-03-28,155.6949005126953,156.52449472162644,154.04561279409856,156.01093927220384,45992200,AAPL,59.181980398889294,2.794456741253299,2.5047572002534157,0.2896995409998832,152.90419542057623,148.5100703904208,2023-04-04,0.0506186970292212,1,1,0.805,2023
2023-03-29,158.77621459960938,159.0527409732352,157.37382654206215,157.3935676619232,51305700,AAPL,64.16931276901377,2.9208078902006207,2.5879673382428567,0.3328405519577639,153.46343534238892,148.91266428097722,2023-04-05,0.0185980415466426,0,1,0.8,2023
2023-03-30,160.3464813232422,160.45511775307082,159.27000265374878,159.52677281990913,49501700,AAPL,66.42099133548933,3.1117788379539775,2.692729638185081,0.4190491997688963,154.1189635310416,149.36104926302684,2023-04-06,0.0141661005358821,0,1,0.83,2023
2023-03-31,162.85498046875,162.95374634284104,159.9020707098414,160.42549668949934,68749800,AAPL,69.6971160898249,3.4260462777106113,2.8393929660901875,0.5866533116204238,154.9509651441567,149.89022303580032,2023-04-10,-0.017404325586834,0,1,0.82,2023
2023-04-03,164.10926818847656,164.22777520589742,162.18345380758916,162.23283675470108,56976200,AAPL,71.2096575490556,3.733281083905979,3.018170589653346,0.7151104942526327,155.82318448171097,150.44783264963075,2023-04-11,-0.032316494600451,-1,1,0.945,2023
2023-04-04,163.5759735107422,164.77095946962157,163.06241797980005,164.5339454319251,46278300,AAPL,69.61853737224327,3.888905575049961,3.192317586732669,0.6965879883172916,156.5615453416187,150.96266170300768,2023-04-12,-0.0333878880963497,-1,1,0.86,2023
2023-04-05,161.72914123535156,163.00315186770885,159.79345641920935,162.69699871298138,51511700,AAPL,64.26337656926972,3.8191899313276,3.3176920556516554,0.5014978756759443,157.05369733149803,151.38487658662902,2023-04-13,0.0109917076772976,0,1,0.94,2023
2023-04-06,162.6179656982422,162.9142482495303,159.99095018347427,160.41561028699388,45390100,AAPL,65.63348925743313,3.791949256717885,3.4125434958649015,0.3794057608529835,157.58362765214034,151.82538988512366,2023-04-14,0.0033405174334923,0,1,0.9,2023
2023-04-10,160.02059936523438,160.02059936523438,158.09478511621296,159.41816361866267,47716900,AAPL,58.56708800053283,3.520196436578942,3.43407408400771,0.0861223525712322,157.81572019624454,152.14677064904956,2023-04-17,0.0197493875815166,0,1,0.78,2023
2023-04-11,158.8058319091797,160.34648306196,158.5194199230912,160.33661250261622,47644200,AAPL,55.55452021475297,3.170263957792457,3.3813120587646597,-0.2110481009722025,157.9100165498574,152.40791030630956,2023-04-18,0.0352613053337791,1,1,0.785,2023
2023-04-12,158.11451721191406,160.05020172687142,157.798478475848,159.22062264903255,50133100,AAPL,53.85670545579604,2.804824359442364,3.266014518900201,-0.4611901594578369,157.9294928033866,152.6316988124117,2023-04-19,0.0470329977447823,1,1,0.55,2023
2023-04-13,163.50682067871094,163.74384976611952,159.4181631056541,159.62556544083142,68445600,AAPL,63.282659861037395,2.916702735756502,3.1961521622714613,-0.2794494265149594,158.46066688675083,153.05817417971758,2023-04-20,0.0065838694917486,0,1,0.685,2023
2023-04-14,163.16119384765625,164.25742904768416,161.78843220704118,162.54887238387545,49386500,AAPL,62.40274982598932,2.943546585539508,3.145631046925071,-0.2020844613855628,158.90833612112277,153.4543710294407,2023-04-21,-0.0011502925483861,0,1,0.64,2023
2023-04-17,163.180908203125,163.33892759169828,161.99579292794192,163.04264500551295,41516200,AAPL,62.43483457663474,2.932606056483366,3.10302604883673,-0.1704199923533647,159.31524774798012,153.83580385978124,2023-04-24,0.0006051865006755,0,1,0.58,2023
2023-04-18,164.40553283691406,165.33387789076258,163.5956947875371,164.04012619342146,49923000,AAPL,64.46355259617636,2.9883052588472196,3.0800818908388283,-0.0917766319916086,159.80003680406907,154.25030303535507,2023-04-25,-0.0162189714752849,0,1,0.6,2023
2023-04-19,165.55111694335938,166.0745428655417,163.48702493013786,163.7438101467552,47720200,AAPL,66.29718081262703,3.089275100998634,3.0819205328707895,0.0073545681278446,160.3477587220967,154.693472208218,2023-04-26,-0.0230863782653634,-1,1,0.575,2023
2023-04-20,164.5833282470703,165.78819994657684,163.50684920934174,164.0302753495056,52456400,AAPL,63.32450645472449,3.055974595846351,3.076731345465902,-0.0207567496195513,160.7511462959037,155.0813096999377,2023-04-27,0.0105609674940962,0,1,0.57,2023
2023-04-21,162.9735107421875,164.38576938158798,162.45008473615934,163.00313749199609,58337300,AAPL,58.61634051743863,2.866640044743832,3.0347130853214885,-0.1680730405776564,160.96280005269264,155.3908077800259,2023-04-28,0.0282389656342434,1,1,0.64,2023
2023-04-24,163.2796630859375,163.5463189024918,161.85751882372426,162.95375377005053,41949600,AAPL,59.237053941536686,2.7100551555496395,2.969781499367119,-0.2597263438174795,161.18345367490645,155.70017465476755,2023-05-01,0.0257666417212487,1,1,0.62,2023
2023-04-25,161.73904418945312,164.24753827035505,161.69953180228663,163.14143254265787,48714100,AAPL,54.783996738050625,2.4335924938625624,2.862543698266208,-0.4289512044036456,161.23636705724422,155.93699306789247,2023-05-02,0.0291260249081817,1,0,0.43,2023
2023-04-26,161.72914123535156,163.23029532612622,160.78105501874768,161.0378252295865,45498800,AAPL,54.75550317067784,2.1884674663575936,2.7277284518844853,-0.5392609855268917,161.2832979313497,156.16413613328302,2023-05-03,0.0225328026080751,1,0,0.42,2023
2023-04-27,166.3214874267578,166.46962119212645,163.14141866066578,163.14141866066578,64902300,AAPL,64.08440828690618,2.3378191499190564,2.6497465914914,-0.3119274415723434,161.76312550234096,156.56246363498792,2023-05-04,-0.0155574587077392,0,1,0.38,2023
2023-04-28,167.57571411132812,167.74361912541863,165.79804878354395,166.40048449959994,55275900,AAPL,66.13795325890814,2.5282430346703393,2.625445880127188,-0.0972028454568487,162.31670536986354,156.9943558105307,2023-05-05,0.0229255556379106,1,1,0.41,2023
2023-05-01,167.48683166503906,168.33616700655767,166.548616072207,167.18067853080987,52472900,AAPL,65.8506069514763,2.6415333129376677,2.628663366689284,0.0128699462483834,162.80909835035644,157.40582545188397,2023-05-08,0.0230556109520985,1,1,0.385,2023
2023-05-02,166.44985961914062,168.2374257243008,165.46226102978648,167.98064044655123,48425700,AAPL,62.442070830576526,2.617469141959333,2.626424521743294,-0.0089553797839609,163.15583751881206,157.76049345844305,2023-05-09,0.0191645785316312,0,0,0.395,2023
2023-05-03,165.37335205078125,168.80031976619634,165.0869551402168,167.39793182123242,65136000,AAPL,59.02630241291225,2.482911490959509,2.597721915586537,-0.114810424627028,163.3670293789996,158.0590369326524,2023-05-10,0.0364886839784948,1,0,0.415,2023
2023-05-04,163.73394775390625,164.96844587189068,162.27230620168868,162.8451151367803,81235400,AAPL,54.16673671053916,2.218414851924478,2.5218605028541257,-0.303445650929647,163.40197398613358,158.28158245505452,2023-05-11,0.0480125377569737,1,-1,0.41,2023
2023-05-05,171.41748046875,172.13842316096267,168.64231599957478,168.85958887715515,113453200,AAPL,67.62132715546336,2.598838444156087,2.537256091114518,0.0615823530415688,164.1653555559066,158.79671571049357,2023-05-12,-0.0043861429430045,0,0,0.445,2023
2023-05-08,171.3483428955078,171.6940084046762,169.97558155808977,170.34098818753938,55962800,AAPL,67.42951434680296,2.8617594755984896,2.602156768011312,0.2596027075871774,164.84944958824957,159.2889363844157,2023-05-15,-0.0068703061627491,0,0,0.47,2023
2023-05-09,169.63980102539062,171.38783954566773,169.47191108630196,170.90392591816433,45326900,AAPL,62.69654490092156,2.898845154746624,2.661494445358375,0.2373507093882492,165.30567353464394,159.6948526448461,2023-05-16,0.0031320851046376,0,0,0.595,2023
2023-05-10,171.40760803222656,171.87178057282452,169.76819076413835,170.87431142683658,53724500,AAPL,65.40250987739378,3.0358872554251093,2.736373007371722,0.2995142480533874,165.88681015346134,160.15417638552768,2023-05-17,-0.0036363089292268,0,0,0.495,2023
2023-05-11,171.59523010253906,172.4248091810175,170.03482274851166,171.69399597502493,49514700,AAPL,65.68699893887114,3.1236264196234913,2.813823689822076,0.3098027298014152,166.43046919623066,160.6028451587438,2023-05-18,0.0088757756877873,0,0,0.43,2023
2023-05-12,170.66561889648438,172.13916641173466,169.11293731632776,171.70401959715826,45533100,AAPL,62.92607932657789,3.082614028474012,2.8675817575524634,0.2150322709215486,166.833816786731,160.9974637366944,2023-05-19,0.0150085714985648,0,0,0.515,2023
2023-05-15,170.17112731933594,171.29854623618587,169.57774258819362,171.2490949935239,37266700,AAPL,61.44658160727158,2.9759056870490497,2.889246543451781,0.0866591435972687,167.15165588507432,161.35721524973917,2023-05-22,0.0123786633023488,0,0,0.475,2023
2023-05-16,170.17112731933594,171.229311478379,169.90410268128184,170.0920083491569,42110300,AAPL,61.44658160727158,2.8583888305246603,2.883075000866357,-0.0246861703416967,167.43922459309923,161.7028588603116,2023-05-23,-0.0029639532887059,0,0,0.485,2023
2023-05-17,170.78431701660156,171.0216588875202,168.5393629149387,169.8151358327416,57951600,AAPL,62.707565894901,2.782658405046419,2.8629916817023697,-0.0803332766559505,167.75780482390897,162.05899447428376,2023-05-24,-0.0049223048140807,0,0,0.495,2023
2023-05-18,173.11827087402344,173.30617657836305,170.6755268984154,171.0908902546592,65496700,AAPL,67.11626109814256,2.877798597015385,2.865953064764973,0.0118455322504118,168.26832540011034,162.49269158799905,2023-05-25,-0.0117682118137101,0,-1,0.425,2023
2023-05-19,173.22706604003906,174.44348843481356,173.00949259181542,174.44348843481356,55809500,AAPL,67.31026157884187,2.928222024513502,2.878406856714679,0.049815167798823,168.7405864134369,162.91364744886337,2023-05-26,0.0015411435380183,0,-1,0.445,2023
2023-05-22,172.27761840820312,172.781999977239,171.5358950094103,172.0600450039918,43570900,AAPL,63.77425465951737,2.858618095090492,2.874449104389842,-0.0158310092993501,169.0774466034146,163.28086199628848,2023-05-30,0.0177957600386735,0,0,0.47,2023
2023-05-23,169.666748046875,171.46667068919274,169.38983919273392,171.21942956296672,50747300,AAPL,55.18848426302217,2.5632336988259112,2.812206023277056,-0.2489723244511448,169.13357055041084,163.53128890023305,2023-05-31,0.0331662661611182,1,0,0.465,2023
2023-05-24,169.94366455078125,170.51726580029353,168.6382391925545,169.20194113871565,45143500,AAPL,55.86713175348706,2.324686742533345,2.714702167128314,-0.3900154245949689,169.21072235996994,163.78275461201926,2023-06-01,0.0480097379754105,1,0,0.475,2023
2023-05-25,171.0809783935547,171.98092464144923,169.7953214946183,170.50737715893996,56058300,AAPL,58.63773951989026,2.202024713037787,2.6121666763102085,-0.4101419632724217,169.3888419822161,164.06895946619713,2023-06-02,0.0460142438928847,1,0,0.415,2023
2023-05-26,173.49403381347656,173.8302932098977,171.19964403606525,171.4073332194312,54835000,AAPL,63.826619701624,2.2733221341044327,2.5443977678690537,-0.2710756337646209,169.77981263281234,164.43857022491397,2023-06-05,0.0236561579686378,1,-1,0.55,2023
2023-05-30,175.3434295654297,177.01478218217846,174.62148962052487,175.00718521743593,55964400,AAPL,67.22065879825365,2.4508052774423277,2.5256792697837085,-0.0748739923413808,170.30968091210923,164.8662117676793,2023-06-06,0.0107727519593723,0,-1,0.585,2023
2023-05-31,175.29396057128906,177.3707920923561,174.80936252559982,175.37307954346696,99625300,AAPL,67.03946380793514,2.5579833728047277,2.5321400903879123,0.0258432824168153,170.7843742129835,165.27514309331104,2023-06-07,0.0032158592417435,0,-1,0.53,2023
2023-06-01,178.1026153564453,178.13228308457525,174.97748387661747,175.73899077622127,68901800,AAPL,71.70316991804043,2.8368562409466733,2.5930833204996646,0.2437729204470087,171.48134955997986,165.7781812212771,2023-06-08,0.0026654939589876,0,0,0.485,2023
2023-06-02,178.95314025878906,179.77398268262323,177.2817876805341,179.03225923715402,61996900,AAPL,72.95129123039382,3.090865674111541,2.69263979122204,0.3982258828895006,172.19294867415218,166.2948462815717,2023-06-09,5.533825272485693e-05,0,0,0.57,2023
2023-06-05,177.59823608398438,182.9089703019812,176.07522239457762,180.61458064640703,121946500,AAPL,67.81938085311853,3.1465688494088795,2.783425602859408,0.3631432465494715,172.70773795127906,166.7381164699016,2023-06-12,0.0234436095367691,1,0,0.57,2023
2023-06-06,177.23236083984375,178.1323071989488,175.47198988688834,177.98396853821802,64848400,AAPL,66.45977178241641,3.1251659746886276,2.851773677225252,0.2733922974633755,173.13865441685664,167.1496554648013,2023-06-13,0.0228782360892287,1,0,0.615,2023
2023-06-07,175.85768127441406,179.21027045240393,175.36319900574065,176.47083445864072,61944600,AAPL,61.473230654636694,2.9631218656320755,2.8740433149066167,0.0890785507254587,173.39760935567162,167.4911466730214,2023-06-14,0.034473205183614,1,0,0.605,2023
2023-06-08,178.5773468017578,178.84435638126445,175.50166626223591,175.93679801452896,50214900,AAPL,66.78325313302523,3.019349835183476,2.9031046189619887,0.1162452162214875,173.8909176838703,167.92589961924637,2023-06-15,0.0301266870855048,1,0,0.66,2023
2023-06-09,178.96304321289062,180.21901740774703,178.63668307937917,179.4970774647442,48900000,AAPL,67.4680451861479,3.0597623474274087,2.934436164655073,0.1253261827723357,174.37397725806272,168.35872877978144,2023-06-16,0.0218832347332424,1,0,0.78,2023
2023-06-12,181.76177978515625,181.8606822718443,178.9729077272824,179.26960009694577,54274900,AAPL,71.98184466545518,3.279816522643386,3.003512236252736,0.2763042863906508,175.0775774987383,168.88433862312948,2023-06-20,0.0066380455240708,0,0,0.79,2023
2023-06-13,181.28712463378903,182.11785139625292,180.42673013626612,180.78275804737984,54929100,AAPL,70.2027978307358,3.3769825849098822,3.0782063059841653,0.2987762789257169,175.6689629401717,169.3707223882534,2023-06-21,0.0035458793167111,0,0,0.69,2023
2023-06-14,181.92005920410156,182.35520610009792,180.01136451714052,181.34645784941577,57462900,AAPL,71.22410992997594,3.4651162166831,3.1555882881239525,0.3095279285591474,176.26430544149835,169.86285324377687,2023-06-22,0.0165805913667926,0,0,0.765,2023
2023-06-15,183.9572906494141,184.46167222814515,181.75190392659053,181.92992539273135,65433200,AAPL,74.27988971209138,3.6571924683630073,3.2559091241717635,0.4012833441912438,176.9969706993951,170.41557627929205,2023-06-23,0.0036019932273403,0,0,0.71,2023
2023-06-16,182.87933349609375,184.92649747799743,182.2365125370702,184.66935702206612,101256200,AAPL,70.0415584334703,3.6800112690625895,3.340729553149929,0.3392817159126604,177.5571957276521,170.9043510721078,2023-06-26,0.0018927542181259,0,0,0.675,2023
2023-06-20,182.96832275390625,184.0463055632048,182.37495308855412,182.37495308855412,49799100,AAPL,70.19276342657493,3.663050654632059,3.405193773446355,0.2578568811857038,178.07254115872394,171.37744800080577,2023-06-27,0.0164856811084836,0,0,0.71,2023
2023-06-21,181.9299468994141,183.363942649416,180.57505504326872,182.85956101105992,49515700,AAPL,66.0064207227201,3.52518485545059,3.4291919898472023,0.0959928656033874,178.43991313402776,171.7912714870257,2023-06-28,0.0287561957134641,1,0,0.525,2023
2023-06-22,184.9364013671875,184.98585262092797,181.64314706140465,181.71238183472207,51245300,AAPL,71.33673514122644,3.616828419270945,3.466719275731951,0.150109143538994,179.0586262990906,172.30676677644382,2023-06-29,0.0138501741585308,0,0,0.795,2023
2023-06-23,184.61990356445312,185.49019723798705,182.96833449974372,183.5023838322858,53117000,AAPL,70.09073723594136,3.622163826384764,3.497808185862514,0.1243556405222499,179.58827175293465,172.78963488577753,2023-06-30,0.0390509329090646,1,0,0.705,2023
2023-06-26,183.22547912597656,185.97479955864205,183.18591209060443,184.76826151663465,48088700,AAPL,64.72664599969032,3.473829630867442,3.4930124748635,-0.0191828439960577,179.93467245512912,173.19888367951083,2023-07-03,0.0388082311051964,1,0,0.5,2023
2023-06-27,185.98468017578125,186.31104030447904,183.62105538648717,183.83862880561904,50730800,AAPL,69.67253810635816,3.53813278500931,3.5020365368926623,0.0360962481166478,180.5108636666198,173.7002874636783,2023-07-05,0.0173880839716025,0,0,0.79,2023
2023-06-28,187.16156005859375,187.80438104509085,185.52977442185303,185.8561194768788,51216800,AAPL,71.50763839944253,3.6420743034358902,3.5300440902013084,0.1120302132345822,181.14426332299823,174.22818050661618,2023-07-06,0.0135271021423761,0,0,0.82,2023
2023-06-29,187.497802734375,187.97251662731944,186.85498175365,186.9934361998247,46347300,AAPL,72.02840879604808,3.7088276233089346,3.565800796822834,0.1430268264861007,181.7493623145579,174.74855784888123,2023-07-07,0.005749090809658,0,0,0.82,2023
2023-06-30,191.82948303222656,192.33384959396255,189.14938206989527,189.5153092683974,85213200,AAPL,77.6865399175057,4.0644085373023415,3.665522344918735,0.398886192383606,182.70937381147877,175.41839805214968,2023-07-10,-0.0276333334049224,-1,0,0.74,2023
2023-07-03,190.3361358642578,191.74046380244184,189.64384856353968,191.64156130508144,31458200,AAPL,72.25976917121858,4.177552117062646,3.767928299347518,0.4096238177151283,183.4357321022196,176.0034073781147,2023-07-11,-0.0227579750917698,-1,0,0.595,2023
2023-07-05,189.21859741210935,190.8503829545932,188.51642591121868,189.4559543470025,46920300,AAPL,68.40859850176696,4.12944157377396,3.8402309542328066,0.2892106195411532,183.986481179352,176.52165012454586,2023-07-12,-0.0081534567195376,0,0,0.48,2023
2023-07-06,189.6933135986328,189.90100282202303,187.11211517011608,187.74505196417672,45094300,AAPL,69.1604980087991,4.082558062443951,3.888696375875035,0.1938616865689155,184.5299890288073,177.03818594705908,2023-07-13,-0.0066212769394086,0,0,0.495,2023
2023-07-07,188.57574462890625,190.5437894270152,188.140612922507,189.29769958287028,46815000,AAPL,65.22474125116747,3.910150287464262,3.892987158192881,0.0171631292713807,184.9152990859596,177.49063922870016,2023-07-14,5.2595379698150424e-05,0,1,0.765,2023
2023-07-10,186.52859497070312,187.89337080979297,184.97591346212693,187.17141585961895,59922200,AAPL,58.64156296607747,3.567207467809141,3.8278312201161335,-0.260623752306993,185.068946313078,177.84506886564145,2023-07-17,0.0285246530323359,1,1,0.74,2023
2023-07-11,186.0044708251953,187.21100889013437,184.54080738706045,187.07255444450544,46638100,AAPL,57.053830529911195,3.2160576633914104,3.705476508771189,-0.4894188453797787,185.15804388566065,178.16504541307495,2023-07-18,0.0300403060248863,1,1,0.79,2023
2023-07-12,187.67581176757812,189.584506155405,186.39015480100775,187.58679348705417,60750200,AAPL,60.707251804295126,3.037616408457722,3.571904488708496,-0.5342880802507732,185.3978313029861,178.5380166426633,2023-07-19,0.0280866199515721,1,1,0.77,2023
2023-07-13,188.4373016357422,189.0801376574393,187.6856939986458,188.39774969290625,41342300,AAPL,62.281640197759785,2.9239409257454554,3.442311776115888,-0.5183708503704327,185.68730466801048,178.92622389729385,2023-07-20,0.0135930193360387,0,1,0.645,2023
2023-07-14,188.58566284179688,189.07024584013217,187.53736277551775,188.13073248396137,41616200,AAPL,62.59609435185522,2.813392755718894,3.3165279720364893,-0.5031352163175953,185.96333877979967,179.30502542452928,2023-07-21,0.0065551433553279,0,1,0.635,2023
2023-07-17,191.84925842285156,192.17561856911308,189.6933076328095,189.78231082986184,50520200,AAPL,68.76498320868598,2.9550632927256117,3.244235036174314,-0.2891717434487022,186.5239025553284,179.79695613034585,2023-07-24,-0.0063921728353055,0,1,0.465,2023
2023-07-18,191.59210205078125,192.18548682934457,190.2965608776665,191.21630577539943,48288200,AAPL,67.81589381474609,3.0118688941158496,3.1977618077626215,-0.1858929136467719,187.00658822156203,180.25951087232372,2023-07-25,-0.0005677682225008,0,1,0.52,2023
2023-07-19,192.94699096679688,196.0424397664868,190.5240157315845,190.9690618542327,80507300,AAPL,70.15326502932473,3.1301337216209504,3.1842361905342873,-0.0541024689133369,187.57234086396537,180.75705911132263,2023-07-26,-0.0030753720806385,0,0,0.46,2023
2023-07-20,190.9987335205078,194.3018715848771,190.3756810082794,192.9370956401489,59581200,AAPL,63.06115451376632,3.031703762023568,3.1537297048321435,-0.1220259428085754,187.89866397411225,181.1586934018789,2023-07-27,0.0004660752129075,0,1,0.56,2023
2023-07-21,189.8218688964844,192.8184304455329,189.11969738642375,191.95803606721273,71951700,AAPL,59.16986930720857,2.8261560030206567,3.0882149644698464,-0.2620589614491897,188.08182634767147,181.4984257742164,2023-07-28,0.0202666909750239,1,1,0.685,2023
2023-07-24,190.6229248046875,192.759091941705,190.1284425094743,191.27564505606543,45377800,AAPL,60.93680175480347,2.6968093012879137,3.00993383183346,-0.3131245305455463,188.32383572453017,181.85624926560743,2023-07-31,0.0191958256461552,0,1,0.505,2023
2023-07-25,191.4833221435547,192.29428036369316,190.79104993758423,191.19652904765343,37283200,AAPL,62.798954230002735,2.6333721084292847,2.9346214871526253,-0.3012493787233405,188.62473919300868,182.23378153533085,2023-08-01,0.0102777492895678,0,0,0.45,2023
2023-07-26,192.3536071777344,193.48102617402893,191.18663623876353,191.53276478098633,47471900,AAPL,64.63534060055719,2.6230851126663026,2.872314212255361,-0.2492290995890584,188.97986947726827,182.6306374428761,2023-08-02,-0.0098715017492344,0,0,0.415,2023
2023-07-27,191.08775329589844,195.02382842734417,190.4251487828704,193.85685736898512,47460200,AAPL,59.99618148656025,2.4841529959230115,2.7946819689888915,-0.31052897306588,189.1806203171378,182.9622890449554,2023-08-03,-0.0106098900059066,0,0,0.42,2023
2023-07-28,193.66893005371097,194.46010471349217,191.9975775461535,192.52172755154825,48291400,AAPL,65.44279638767819,2.5528994492867128,2.746325465048456,-0.1934260157617431,189.6080783872876,183.38215731980856,2023-08-04,-0.0706733940069271,-1,0,0.415,2023
2023-07-31,194.28208923339844,194.32165626732748,193.10521896564188,193.8963936498011,38824100,AAPL,66.60594330433989,2.6265807424750847,2.722376520533782,-0.0957957780586973,190.0532222773934,183.80960563014543,2023-08-07,-0.0895902295791603,-1,0,0.415,2023
2023-08-01,193.4513397216797,194.55897509423536,193.12497963718025,194.07439216394232,35175100,AAPL,63.48799344619306,2.588105090990098,2.695522234625045,-0.1074171436349473,190.37685251018257,184.1877128494213,2023-08-08,-0.0808239326197995,-1,0,0.4,2023
2023-08-02,190.4547882080078,193.02608689409655,189.73284833699685,192.887632465541,50389300,AAPL,53.71955990483968,2.2894251282974096,2.6143028133595183,-0.3248776850621087,190.38427495759447,184.43348051054235,2023-08-09,-0.0747222020815365,-1,1,0.5,2023
2023-08-03,189.06033325195312,190.24708758113135,188.58563453836183,189.45592808861255,61235200,AAPL,49.873873641369165,1.9180877236728409,2.475059795422183,-0.5569720717493425,190.2581852713429,184.61492571608787,2023-08-10,-0.0690483604134797,-1,1,0.615,2023
2023-08-04,179.981689453125,185.31220853119976,179.91245468139763,183.47273360328953,115956800,AAPL,33.206538161082065,0.881073012750818,2.1562624388879104,-1.2751894261370924,189.2794713838936,184.43323017636385,2023-08-11,-0.0217591273797654,-1,1,0.51,2023
2023-08-07,176.87631225585938,181.10907923772604,175.3928654606145,180.12011470756278,97576100,AAPL,29.56676027082834,-0.1891660159614048,1.6871767479180475,-1.8763427638794523,188.09821813360463,184.13688045399113,2023-08-14,0.004765624150798,0,1,0.43,2023
2023-08-08,177.8158416748047,178.2806562533865,175.6203390114105,177.7070549630004,67823000,AAPL,31.995438783547925,-0.950568423658126,1.1596277136028128,-2.110196137260939,187.11894418514748,183.88899658029752,2023-08-15,-0.0117374942924083,0,1,0.51,2023
2023-08-09,176.2235870361328,178.93334011391454,175.0566010766963,178.8740046582552,60378500,AAPL,30.10108398059029,-1.663293547033561,0.5950434614755381,-2.2583370085090992,186.08129112333657,183.58839228444796,2023-08-16,-0.00775323277215,0,1,0.53,2023
2023-08-10,176.0060272216797,178.7553475423464,175.64011515660735,177.49935830249015,54686900,AAPL,29.841104550387016,-2.2200967081298586,0.0320154275544587,-2.2521121356843175,185.12174218032163,183.29104463492763,2023-08-17,-0.0209868786710327,-1,1,0.615,2023
2023-08-11,176.06544494628906,176.88739582771854,174.83748251539495,175.60001780962375,52036700,AAPL,30.018875090372532,-2.6262983781580544,-0.4996473335880438,-2.12665104457001,184.2592376818423,183.0076877843928,2023-08-18,-0.0185611370505583,0,1,0.665,2023
2023-08-14,177.71923828125,177.94700304207137,175.59008429106805,176.2436858942371,43675600,AAPL,34.95874873404685,-2.782691689742734,-0.956256204818982,-1.826435484923752,183.63638059607163,182.80029760779897,2023-08-21,-0.0201716183246375,-1,1,0.75,2023
2023-08-15,175.72872924804688,177.73903700795614,175.33261529851168,177.14486608365337,43622600,AAPL,32.028285907870526,-3.0322975212427252,-1.371464468103731,-1.6608330531389943,182.8832709438788,182.52298120153415,2023-08-22,-0.0012396064865908,0,1,0.67,2023
2023-08-16,174.85728454589844,176.80816171418965,174.78795629022963,175.4118501481314,46964900,AAPL,30.810584956938328,-3.262818504825873,-1.7497352754481592,-1.5130832293777137,182.11889128692823,182.2223656464112,2023-08-23,0.0257688699987006,1,1,0.61,2023
2023-08-17,172.3122100830078,175.7881578465257,171.79724982185638,175.42175166053434,66062900,AAPL,27.51981312211646,-3.609268879261776,-2.1216419962108826,-1.487626883050894,181.18492164845964,181.8337320949052,2023-08-24,0.0136780967235954,0,1,0.585,2023
2023-08-18,172.79747009277344,173.40155375891743,170.29201204567954,170.62871045348956,61172200,AAPL,29.07525680876681,-3.8008628883198696,-2.45748617463268,-1.3433767136871897,180.3861167383943,181.47936887913536,2023-08-25,0.0236115556995899,1,1,0.665,2023
2023-08-21,174.1343536376953,174.4215491084137,172.05473264129324,173.37183349440417,46311900,AAPL,33.320761986319866,-3.801011497094464,-2.726191239125037,-1.074820257969427,179.7907107288039,181.19132906574555,2023-08-28,0.0247384589069694,1,1,0.735,2023
2023-08-22,175.51089477539062,175.95652682942284,174.54040484048784,175.34254555990208,42038900,AAPL,37.47118266116779,-3.648002008687513,-2.9105533930375325,-0.7374486156499804,179.3831092094312,180.968566936712,2023-08-29,0.0388760247749098,1,1,0.645,2023
2023-08-23,179.3631591796875,179.78899610380492,176.6002283968818,176.78838784399545,52722800,AAPL,47.348209052911784,-3.1792469640522825,-2.964292107240482,-0.2149548568117998,179.38120920659847,180.90560976976988,2023-08-30,0.0360534436139146,1,1,0.63,2023
2023-08-24,174.6691131591797,179.34333021614268,174.3026918957578,178.91749337237624,54945800,AAPL,39.218842439915534,-3.1502118171671327,-3.001476049225813,-0.1487357679413197,178.93243815446334,180.66104127523693,2023-08-31,0.0651435754773146,1,1,0.54,2023
2023-08-25,176.8774871826172,177.41224254469248,174.1145567754665,175.6594223889941,51449600,AAPL,44.08299332521251,-2.915397044180452,-2.984260248216741,0.0688632040362891,178.73672853809703,180.51266660493812,2023-09-01,0.0607470270258145,1,1,0.54,2023
2023-08-28,178.44216918945312,178.83828316683332,176.8180777049469,178.34313313971825,43820700,AAPL,47.30094166776785,-2.573383520136389,-2.9020849026006705,0.3287013824642817,178.70867526679763,180.43147062786028,2023-09-05,0.0527775464227022,1,1,0.625,2023
2023-08-29,182.3340606689453,183.10649358507428,177.75887876406125,177.95693577395411,53003900,AAPL,54.33966034881335,-1.9656336209385188,-2.71479464626824,0.7491610253297214,179.05395006700218,180.5060820020205,2023-09-06,-0.0065718533371215,0,0,0.525,2023
2023-08-30,185.8298187255859,186.0278908459401,182.9480567481202,183.14611375769312,60813900,AAPL,59.56392399466407,-1.188212018804336,-2.4094781207754594,1.2212661019711235,179.6992708916292,180.71485599117992,2023-09-07,-0.0537703073347937,-1,0,0.51,2023
2023-08-31,186.0476837158203,187.2855588991337,185.66146726305777,186.01797592028328,60794500,AAPL,59.872074877013354,-0.5482005988935725,-2.0372226163990823,1.4890220175055098,180.3038816367903,180.92398649018543,2023-09-08,-0.0515783837062809,-1,0,0.555,2023
2023-09-01,187.6222686767578,188.07779827305947,186.4537066694999,187.65197647170007,45766500,AAPL,62.118954002416295,0.0850880671385994,-1.612760479691546,1.6978485468301454,181.00087087869193,181.1866642229922,2023-09-11,-0.0533095565204754,-1,0,0.52,2023
2023-09-05,187.8599090576172,188.13719185182467,185.79018566129048,186.45368485534252,45280000,AAPL,62.46058660611268,0.5992418037606626,-1.1703600230011044,1.769601826761767,181.65411261001813,181.44836009885984,2023-09-12,-0.0706377658704763,-1,0,0.61,2023
2023-09-06,181.1357879638672,187.01817274976997,179.70975345688714,186.57252563325392,81755800,AAPL,48.995880349642285,0.4588427146752565,-0.8445194754658323,1.3033621901410888,181.60474835800375,181.4361023680758,2023-09-13,-0.0475644042603287,-1,0,0.405,2023
2023-09-07,175.8376922607422,176.48139642487362,171.85668142571674,173.48077306769622,112488800,AAPL,41.41945776194525,-0.0790256615204043,-0.6914207126767468,0.6123950511563424,181.0555049201693,181.21655687367056,2023-09-14,-0.01025009417549,0,1,0.465,2023
2023-09-08,176.45164489746094,178.49167556913386,176.06542850593996,176.6200091931817,65551300,AAPL,42.52852210635947,-0.4505556529152841,-0.6432477007244543,0.1926920478091701,180.61704206086375,181.0296975804859,2023-09-15,-0.0177908298516032,0,1,0.505,2023
2023-09-11,177.62020874023438,178.5510931586707,175.61979850768685,178.3233283895146,58953100,AAPL,44.675478774336895,-0.6432870985684929,-0.643255580293262,-3.151827523084627e-05,180.33162936366097,180.89599213577017,2023-09-18,-0.0077497410338611,0,1,0.55,2023
2023-09-12,174.58990478515625,178.38275585399316,173.1242649174268,177.7489644157226,90370200,AAPL,40.455001491110096,-1.0286902606839874,-0.7203425163714071,-0.3083477443125803,179.78479845142243,180.64869459260885,2023-09-19,0.0157118680389767,0,1,0.655,2023
2023-09-13,172.52017211914062,175.58019553637163,172.2923922361182,174.79785006313273,84267900,AAPL,37.82653945764865,-1.4840282184830187,-0.8730796567937295,-0.6109485616892892,179.0929292769194,180.329929005414,2023-09-20,0.0073475082259579,0,1,0.63,2023
2023-09-14,174.03533935546875,174.39184798430878,171.89628758242847,172.31221179761187,60895800,AAPL,40.85603901536623,-1.7029944375816513,-1.039062612951314,-0.6639318246303374,178.61125404630505,180.083082352475,2023-09-21,-0.0102993447067137,0,1,0.545,2023
2023-09-15,173.3124237060547,174.78797636853713,172.1339792213286,174.76816613453047,109259500,AAPL,39.85812200866296,-1.9128103084802035,-1.213812152057092,-0.6989981564231116,178.1066035377098,179.81756632712518,2023-09-22,-0.001257241132246,0,1,0.51,2023
2023-09-18,176.2436981201172,177.64002479353724,174.46115503817452,174.76814563074643,67257600,AAPL,45.6544829800858,-1.8215636978518148,-1.3353624612160366,-0.4862012366357782,177.92918397412953,179.6774146327327,2023-09-25,-0.0106197177269833,0,1,0.415,2023
2023-09-19,177.33303833007812,177.88760394386657,175.4118538031827,175.7980702206982,51826900,AAPL,47.67283710998251,-1.6424166933129811,-1.3967733076354256,-0.2456433856775555,177.87240819850558,179.5854783071384,2023-09-26,-0.0397052995181943,-1,0,0.46,2023
2023-09-20,173.7877655029297,177.95692035427507,173.69862701203755,177.52118590379774,58436200,AAPL,42.18207762931164,-1.7661561410016589,-1.4706498743086724,-0.2955062666929864,177.48339460845074,179.35811702069884,2023-09-27,-0.028833590664265,-1,1,0.425,2023
2023-09-21,172.24288940429688,174.58991092023126,172.17357625479622,172.85688574257026,63149100,AAPL,40.01907454693842,-1.9662138455945524,-1.5697626685658486,-0.3964511770287038,176.9842988747218,179.0790884867223,2023-09-28,-0.0186281848777164,0,1,0.425,2023
2023-09-22,173.0945281982422,175.36232363207063,172.36171587825564,172.97569703516947,56725400,AAPL,41.791080493969154,-2.032610219241832,-1.6623321787010452,-0.3702780405407866,176.61384452458088,178.8443998479584,2023-09-29,-0.0204815388820956,-1,1,0.345,2023
2023-09-25,174.37203979492188,175.2534062611611,172.46075278406465,172.51027081019092,46172700,AAPL,44.44256036322737,-1.9595567638828584,-1.721777095737408,-0.2377796681454504,176.4003393122324,178.66901317921187,2023-10-02,-0.0132326465135513,0,1,0.37,2023
2023-09-26,170.29197692871094,173.50053892393993,169.9948839374697,173.12423523842645,64588900,AAPL,38.42285643593973,-2.205465119936008,-1.818514700577128,-0.3869504193588799,175.81859051380178,178.34050195370205,2023-10-03,0.0025590813113141,0,1,0.39,2023
2023-09-27,168.77684020996094,171.3615240971404,167.41023633579258,170.94559986493434,66921800,AAPL,36.448500807921555,-2.493860463411437,-1.95358385314399,-0.540276610267447,175.1479476277217,177.96545639512397,2023-10-04,0.0189519733325111,0,1,0.45,2023
2023-09-28,169.03431701660156,170.36131544966938,165.99408862675534,167.69740591218968,56294400,AAPL,37.04056329066916,-2.67085170847173,-2.097037424209538,-0.573814284262192,174.5656970933293,177.61521563518193,2023-10-05,0.0247233371364237,1,1,0.505,2023
2023-09-29,169.54928588867188,171.39124466953126,168.68771453081845,170.35142654777866,51861100,AAPL,38.279079469459,-2.7380028684139575,-2.225230513050422,-0.5127723553635355,174.0879436452667,177.29890466473054,2023-10-06,0.036680105497129,1,1,0.545,2023
2023-10-02,172.06463623046875,172.6093042881744,169.2719827950215,169.55917827580257,52164500,AAPL,44.06686222535886,-2.558757136049678,-2.291935837650273,-0.2668212983994049,173.89524770100024,177.09363923593597,2023-10-09,0.0301583089964303,1,1,0.485,2023
2023-10-03,170.72776794433594,171.94584820928594,169.16310674703394,170.589126504925,49594600,AAPL,41.82214837261166,-2.4958075835350257,-2.332710186827224,-0.1630973967078017,173.59358296227032,176.84399722450067,2023-10-10,0.0347446087901175,1,1,0.445,2023
2023-10-04,171.97549438476562,172.52016238398562,169.3115850792172,169.43041623876405,53020300,AAPL,44.65573766684017,-2.318512148755218,-2.329870579212823,0.011358430457605,173.43947928822226,176.65307554451107,2023-10-11,0.0353564579516982,1,1,0.415,2023
2023-10-05,173.21340942382812,173.7481648763392,171.00502912591972,172.10426293848624,48527900,AAPL,47.39337435955473,-2.054432620968271,-2.274782987563913,0.2203503665956421,173.41794882494662,176.5181866770333,2023-10-12,0.0331599263335915,1,1,0.41,2023
2023-10-06,175.76837158203125,176.26352163595584,171.5001654241457,172.1141617663429,57266700,AAPL,52.60436045357973,-1.6203057233757647,-2.1438875347262836,0.5235818113505188,173.64179861133564,176.4887821635038,2023-10-13,0.007662366930355,0,0,0.51,2023
2023-10-09,177.25381469726562,177.3132302836497,174.09475506108697,175.09495269037183,42390800,AAPL,55.37220163826337,-1.143215902982604,-1.9437532083775475,0.8005373053949438,173.985800143329,176.5187834393376,2023-10-16,-0.0015084570179707,0,0,0.67,2023
2023-10-10,176.65963745117188,177.97673842144718,176.2239029815132,176.37245706568626,43698000,AAPL,54.01342164443066,-0.8037982353773998,-1.715762213777518,0.9119639784001184,174.2404513155045,176.5243071260762,2023-10-17,-0.0069511156317312,0,0,0.735,2023
2023-10-11,178.05593872070312,178.10545674166264,175.8772817954906,176.4714527146694,47551100,AAPL,56.702293142148555,-0.4173267622155379,-1.456075123465122,1.0387483612495845,174.60383106838054,176.5843711101792,2023-10-18,-0.0220244554109434,-1,0,0.64,2023
2023-10-12,178.9571533203125,180.57133234869775,177.3033387116547,178.32336180549302,56743100,AAPL,58.39326491277978,-0.0378880985191472,-1.1724377184759271,1.13454961995678,175.01843318761215,176.67742139292957,2023-10-19,-0.0290521869800963,-1,0,0.685,2023
2023-10-13,177.11517333984375,180.1652842541005,176.41205364228972,179.6602366589199,51427100,AAPL,53.77094008616419,0.1128861050633815,-0.9153729537680656,1.028259058831447,175.21812272591993,176.6945881359458,2023-10-20,-0.0333800276030332,-1,0,0.69,2023
2023-10-16,176.98643493652344,177.3429435766639,174.79786506856496,175.03554253225204,52517000,AAPL,53.45246655031131,0.2194578608239794,-0.6884067908496565,0.907864651673636,175.38653341264407,176.70603310851746,2023-10-23,-0.0320053059824296,-1,0,0.675,2023
2023-10-17,175.43165588378906,176.6893412361662,173.1044597256959,174.93650583601004,57549400,AAPL,49.62941526221119,0.1764253477593342,-0.5154403631278583,0.6918657108871926,175.39083079084836,176.65605753107712,2023-10-24,-0.0209426925372152,-1,0,0.46,2023
2023-10-18,174.1343536376953,175.8574811296678,173.41143884685883,173.87688106979198,54764400,AAPL,46.63241063740475,0.0372113723335871,-0.4049100160355692,0.4421213883691564,175.27116630007188,176.55716718231704,2023-10-25,-0.0269561987401233,-1,1,0.405,2023
2023-10-19,173.758056640625,176.11496052795673,173.4906713911534,174.33241738277906,59302900,AAPL,45.76904575705498,-0.1023014614253554,-0.3443883051135265,0.242086843688171,175.1270606182198,176.44739814146638,2023-10-26,-0.048843160796557,-1,1,0.445,2023
2023-10-20,171.20306396484375,173.718419244541,170.96538653172513,173.60948564320893,64244000,AAPL,40.31170281491539,-0.414257639088845,-0.3583621719085902,-0.0558954671802547,174.7533466512316,176.24173797767727,2023-10-27,-0.0269549884473783,-1,1,0.545,2023
2023-10-23,171.32192993164062,172.3221276665047,168.28170114730867,169.25220619662628,55980100,AAPL,40.66616049562983,-0.6444646796324207,-0.4155826734533563,-0.2288820061790643,174.4265450588896,176.0488043288131,2023-10-30,-0.0156649317396871,0,1,0.59,2023
2023-10-24,171.7576446533203,171.98540943587548,169.78694209599936,171.3714282347356,43816600,AAPL,42.02523599036392,-0.7827241247148038,-0.4890109637056459,-0.2937131610091579,174.172364067883,175.88052355722516,2023-10-31,-0.0153943890488436,0,1,0.5,2023
2023-10-25,169.4403533935547,171.38133313025827,168.99470625930118,170.2127862637829,57157000,AAPL,37.15131590999824,-1.0669822619576337,-0.6046052233560435,-0.4623770386015902,173.72169638461364,175.6279678645322,2023-11-01,0.0167737364224391,0,1,0.645,2023
2023-10-26,165.2711639404297,169.71761631425704,164.06299674951495,168.71740365821697,70625300,AAPL,30.334766471179037,-1.610117200366318,-0.8057076187580985,-0.8044095816082195,172.91688377088184,175.22181869103798,2023-11-02,0.0639944139210286,1,1,0.615,2023
2023-10-27,166.58828735351562,167.321114882013,165.2117707914918,165.29099661436564,58499100,AAPL,34.428016125542186,-1.9122316838264908,-1.027012431771777,-0.8852192520547137,172.31416030256125,174.88324883466456,2023-11-03,0.0501128918354243,1,1,0.73,2023
2023-10-30,168.63818359375,169.5096524459554,167.23195938000526,167.38051344932887,51131000,AAPL,40.306548566657696,-1.9636147649936504,-1.214332898416152,-0.7492818665774985,171.96406728267448,174.638344315413,2023-11-06,0.0524987983936116,1,1,0.49,2023
2023-10-31,169.11354064941406,169.24226937820893,166.27136928302133,167.70731641765212,44846000,AAPL,41.61372471662069,-1.9435745675646103,-1.3601812322458438,-0.5833933353187666,171.69258855569728,174.42168534811893,2023-11-07,0.06470697305113,1,1,0.435,2023
2023-11-01,172.28250122070312,172.53997379429074,168.46983997695696,169.34130885799144,56934900,AAPL,49.54579205582431,-1.6529299847744596,-1.418730982751567,-0.2341990020228925,171.74877071426926,174.3377957744948,2023-11-08,0.05127323304672,1,0,0.545,2023
2023-11-02,175.84759521484375,176.0555497728662,173.75806140886317,173.8174769968696,77334800,AAPL,56.676575285690824,-1.1219852211210934,-1.3593818304254723,0.2373966093043789,172.1391349524192,174.39700359568496,2023-11-09,0.0272568131403181,1,0,0.79,2023
2023-11-03,174.93650817871094,175.10487249469713,171.66852990822986,172.5498964006483,79829200,AAPL,54.554579014902,-0.765896007795078,-1.2406846658993935,0.4747886581043155,172.40555145016123,174.41816063815656,2023-11-10,0.0565840756084863,1,0,0.645,2023
2023-11-06,177.49148559570312,177.68954259678722,174.50079012453784,174.66913933099835,63841300,AAPL,59.171155046666016,-0.2743647104400395,-1.0474206748075228,0.7730559643674833,172.88992613068905,174.53868318551133,2023-11-13,0.0324358958267316,1,0,0.635,2023
2023-11-07,180.05636596679688,180.6703471747003,177.23400472320088,177.44195927584823,70530000,AAPL,63.211401320812215,0.3184706627936293,-0.7742424072872924,1.0927130700809218,173.57244421031837,174.7550629024245,2023-11-14,0.0322678292709921,1,0,0.61,2023
2023-11-08,181.1159820556641,181.6705476858897,179.82858892219454,180.5812266581694,49340300,AAPL,64.76274810182761,0.8638413051764644,-0.4466256647945411,1.3104669699710054,174.29087638606558,175.00451071235543,2023-11-15,0.0293492199453444,1,0,0.605,2023
2023-11-09,180.64064025878903,182.3340449245472,180.04645416963675,181.18530832204868,53763500,AAPL,63.46973048870528,1.243362647404581,-0.1086280023547166,1.3519906497592975,174.89561580251544,175.2255354004509,2023-11-16,0.0413899099249777,1,0,0.485,2023
2023-11-10,184.8351287841797,185.00371491529177,181.98922784820692,182.425536381392,66133400,AAPL,69.29533756729687,1.861142126703868,0.2853260234570002,1.5758161032468676,175.84223608648347,175.6023821998128,2023-11-17,0.0176501885728603,0,0,0.44,2023
2023-11-13,183.2485809326172,184.46825067234977,182.66353769728988,184.26002212518753,43627500,AAPL,65.06847808925988,2.197385569600556,0.6677379326857114,1.5296476369148444,176.54760226230573,175.90223313051104,2023-11-20,0.0359847082850828,1,-1,0.425,2023
2023-11-14,185.86639404296875,186.53076740007103,184.7359652497266,186.12420582715117,60108400,AAPL,68.48441126450298,2.644611129737399,1.063112572096049,1.5814985576413498,177.4351062414165,176.29298453884272,2023-11-21,0.0170720814649771,0,0,0.415,2023
2023-11-15,186.4315948486328,187.909091303821,186.20353000343164,186.2729495954029,53790500,AAPL,69.18506261809164,3.0099507510401793,1.4524802078848753,1.557470543155304,178.291914680199,176.69057710001096,2023-11-22,0.017552409027318,0,0,0.415,2023
2023-11-16,188.11734008789065,189.35684600106327,187.06622636374277,187.9785160308428,54412900,AAPL,71.23885511848997,3.3963594677163087,1.841256059851162,1.555103407865147,179.22766948093152,177.13868545247684,2023-11-24,0.001370487696028,0,0,0.445,2023
2023-11-17,188.09750366210935,188.78171334674664,186.98691120628507,188.65279989002153,50922700,AAPL,71.17873750692743,3.658813995617152,2.20476764700436,1.4540463486127917,180.0724155934247,177.56844302932518,2023-11-27,0.0005272099213784,0,0,0.495,2023
2023-11-20,189.8427276611328,190.29887250675844,188.2859160609316,188.2958266614519,46505100,AAPL,73.3125866241036,3.961965024571356,2.5562071225177596,1.4057579020535962,181.00292150463497,178.0497875246902,2023-11-28,-0.0054845331359085,0,0,0.615,2023
2023-11-21,189.03952026367188,189.9121372454657,188.14708208188244,189.80306012274144,38134500,AAPL,70.71757519929788,4.090252391338339,2.863016176281876,1.2272362150564633,181.76831186263848,178.48075743602283,2023-11-29,-0.006661692318943,0,0,0.66,2023
2023-11-22,189.70391845703125,191.31031344701395,189.2279523730899,189.88241519518988,39617700,AAPL,71.61267333700927,4.1971502993429795,3.1298430008940965,1.067307298448883,182.52408391924732,178.920881397631,2023-11-30,-0.0071089849165522,0,0,0.6,2023
2023-11-24,188.37515258789065,189.2973377280717,187.66119596873028,189.26759079649733,24048300,AAPL,67.18915816308999,4.1270730320152325,3.329289007118324,0.7977840248969086,183.08132855435625,179.29163713058236,2023-12-01,0.0066854300006302,0,1,0.6,2023
2023-11-27,188.19667053222656,189.06928760823715,187.31414285514808,188.3255839995523,40552600,AAPL,66.5941207097531,4.010899134004461,3.4656110324955516,0.5452881015089095,183.56850398082003,179.6408541267253,2023-12-04,-0.0018968421126029,0,1,0.6,2023
2023-11-28,188.8015289306641,189.47582799498892,187.8099242301234,188.1867388581487,38415400,AAPL,67.64003707240818,3.922422258412638,3.556973277678969,0.3654489807336691,184.06688730937665,180.00009627589935,2023-12-05,0.0158613342910947,0,0,0.525,2023
2023-11-29,187.7801971435547,190.47736342450784,187.3835612736981,189.2973512852548,43014200,AAPL,63.99646113052023,3.726929039436982,3.5909644300305716,0.1359646094064102,184.42053586501265,180.30519827070935,2023-12-06,0.0155778762579976,0,1,0.64,2023
2023-11-30,188.35531616210935,188.7222202024886,186.61009727764167,188.2462390361622,48794400,AAPL,65.13535892402997,3.5771711509568433,3.5882057742158264,-0.011034623258983,184.7952768456885,180.62088916841137,2023-12-07,0.0227427715400467,1,1,0.625,2023
2023-12-01,189.634521484375,189.95182717598524,187.6413860046919,188.7321574179856,45704800,AAPL,67.59103949427771,3.521118857759035,3.574788390924468,-0.0536695331654333,185.25615728746817,180.97436494550797,2023-12-08,0.0233736416034646,1,0,0.485,2023
2023-12-04,187.83969116210935,188.454496430777,185.8763178825686,188.3850768316175,43389500,AAPL,61.08943417933426,3.2938991851553965,3.518610549770654,-0.2247113646152576,185.50220813267208,181.2435934245904,2023-12-11,0.0197962480408622,0,1,0.675,2023
2023-12-05,191.79617309570312,192.7679414338868,188.58336852388663,188.61313058416235,66628400,AAPL,68.32291261622069,3.393957553913254,3.4936799505991742,-0.0997223966859208,186.10163336724648,181.6574200783595,2023-12-12,0.0066695286085727,0,0,0.49,2023
2023-12-06,190.70541381835935,193.12491645797843,190.49717018406523,192.81752143695684,41089700,AAPL,64.74920905771071,3.346661147722756,3.4642761900238908,-0.1176150423011348,186.54008864830485,182.01224336228108,2023-12-13,0.0293262879788638,1,1,0.615,2023
2023-12-07,192.6390380859375,193.3629052381858,191.96473906125271,192.0044117201268,47477700,AAPL,67.94966988120221,3.4257161995714966,3.456564191933412,-0.0308479923619153,187.12094097569843,182.42898041026763,2023-12-14,0.01976642466664,0,0,0.46,2023
2023-12-08,194.0669708251953,194.34461894265897,192.0440886771746,192.56963798027985,53406400,AAPL,70.10800509086978,3.5625235817918224,3.4777560699050944,0.0847675118867279,187.78246762803147,182.8853721912452,2023-12-15,0.0095038885870071,0,0,0.5,2023
2023-12-11,191.55821228027344,191.86562248491865,189.8129932403368,191.4888078106811,60943700,AAPL,62.18471051889444,3.428981406651104,3.4680011372542965,-0.0390197306031923,188.1420623568164,183.22548356728552,2023-12-18,0.0140284033108599,0,1,0.485,2023
2023-12-12,193.0753631591797,193.08527375940776,190.11045957675137,191.45904261144975,52696900,AAPL,64.77719810071852,3.406303916107163,3.45566169302487,-0.0493577769177071,188.61190052847004,183.61175335520295,2023-12-19,0.0114529809291377,0,1,0.545,2023
2023-12-13,196.298095703125,196.33775323819535,193.2142041253177,193.4521795971172,70404200,AAPL,69.55231215286635,3.606802450769436,3.4858898445737836,0.1209126061956524,189.3439191165324,184.1092569766901,2023-12-20,-0.0158113836801042,0,0,0.525,2023
2023-12-14,196.4468231201172,197.9441408874326,194.51319682969313,196.35758232148717,66831600,AAPL,69.75608639737801,3.7346493308401705,3.535641741827061,0.1990075890131093,190.0203861644929,184.59308309996177,2023-12-21,-0.0173137432531487,0,0,0.49,2023
2023-12-15,195.9113616943359,196.73438033852585,195.34613971264017,195.87168903034603,128538400,AAPL,67.99178311529373,3.7495392874618574,3.5784212509540207,0.1711180365078366,190.58143145304933,185.03693716248625,2023-12-22,-0.0200940911877464,-1,0,0.46,2023
2023-12-18,194.24546813964844,194.9792611555933,192.75806090539805,194.44378607807735,55751900,AAPL,62.680185700932334,3.5855836219059256,3.579853725144402,0.0057298967615238,190.93038732796353,185.39805602433572,2023-12-26,-0.0144979552745621,0,1,0.35,2023
2023-12-19,195.28665161132812,195.2965622122741,194.24546354583867,194.51320107826476,40714100,AAPL,64.54449145322562,3.499324347522787,3.563747849620079,-0.0644235020972918,191.34526964066492,185.7858440865707,2023-12-27,-0.0192445000142987,0,1,0.42,2023
2023-12-20,193.19435119628903,196.0204155959587,193.19435119628903,195.24696511767544,52242800,AAPL,58.24745667551417,3.2249567991850654,3.4959896395330765,-0.2710328403480111,191.5213726459625,186.0763737771479,2023-12-28,-0.0064157501845206,0,1,0.465,2023
2023-12-21,193.04559326171875,195.42545358966169,191.875506993429,194.45368523269553,46482500,AAPL,57.815577208942834,2.961378095032387,3.389067330632938,-0.4276892356005515,191.66653651412972,186.34967650203305,2023-12-29,-0.0110436475353469,0,1,0.54,2023
2023-12-22,191.9747009277344,193.76950324713707,191.34998504370557,193.54142324239356,37149600,AAPL,54.67284335907172,2.63569535607607,3.2383929357215653,-0.6026975796454952,191.6958855059016,186.57026569519775,2024-01-02,-0.0411158537932705,-1,1,0.51,2023
2023-12-26,191.42930603027344,192.2622504150879,191.21115176796184,191.9846022868164,28919300,AAPL,53.09004434965777,2.3069871174259333,3.052111772062439,-0.7451246546365056,191.6704969844132,186.7608162965733,2024-01-03,-0.0455841934218542,-1,1,0.595,2023
2023-12-27,191.52845764160156,191.8755253676685,189.48575421105227,190.87400998463175,48087700,AAPL,53.354430013821045,2.031071251382315,2.8479036679264143,-0.8168324165440994,191.65696942795495,186.9477826238293,2024-01-04,-0.0581931545778846,-1,1,0.55,2023
2023-12-28,191.95486450195312,193.02579953233345,191.54830289093405,192.51016078496025,34049900,AAPL,54.54102260552192,1.8257671030128504,2.6434763549437017,-0.8177092519308511,191.68534038738335,187.1441387759126,2024-01-05,-0.0640563550550343,-1,1,0.535,2023
2023-12-29,190.9136657714844,192.76796185552627,190.12037892679615,192.27215946893213,42672100,AAPL,51.12132680398468,1.561051223620325,2.4269913286790263,-0.8659401050587014,191.61184756682155,187.29196336397425,2024-01-08,-0.0362022225884566,-1,1,0.79,2023
2023-01-03,234.42355346679688,240.4607555896508,232.29046555168716,237.84822343450296,25740000,MSFT,46.50587265169776,-1.4046613193854398,-0.367172541855665,-1.0374887775297748,237.0822913031032,237.84318572397345,2023-01-10,-0.0447865552852266,-1,0,0.735,2023
2023-01-04,224.1691131591797,227.8579611351715,221.09669561336867,227.28066322024983,50623400,MSFT,37.341155434083255,-2.23812336729398,-0.7413627069433281,-1.496760660350652,235.85246481320573,237.3069475841776,2023-01-11,0.0291139963407893,1,1,0.675,2023
2023-01-05,217.5252990722656,222.65252580322,216.98713353927943,222.31005275576163,39585600,MSFT,32.82740066697252,-3.3956058862092675,-1.272211342796516,-2.1233945434127515,234.1070204569257,236.53119666214184,2023-01-12,0.0728711484456294,1,1,0.55,2023
2023-01-06,220.0889129638672,220.9010509921565,214.62902224661136,218.2004587609046,43613600,MSFT,36.040154444747685,-4.059264234334705,-1.829621921104154,-2.229642313230551,232.7719626004439,235.8864012229938,2023-01-13,0.0635751583829085,1,1,0.455,2023
2023-01-09,222.2317352294922,226.26307141609416,221.53702478368265,221.57615730202497,27369800,MSFT,38.680158126129434,-4.362027668407791,-2.3361030705648815,-2.0259245978429092,231.76813142225805,235.35092412520945,2023-01-17,0.0582512752692754,1,1,0.615,2023
2023-01-10,223.92453002929688,226.33157576127425,222.43724039296023,222.85797845401495,27033900,MSFT,40.76039194141531,-4.414488008299344,-2.751780058111774,-1.6627079501875697,231.02112176578555,234.90283023909524,2023-01-18,0.0304127707865791,1,1,0.64,2023
2023-01-11,230.6955718994141,230.87169062751605,226.13586459822005,226.311983326322,28669300,MSFT,48.31347600269474,-3.865141766344067,-2.9744523997582326,-0.8906893665858342,230.99011701660731,234.7378397159705,2023-01-19,-0.0162870691682213,0,0,0.655,2023
2023-01-12,233.37661743164065,234.73670029298543,228.53315774154953,230.19656617961184,27269500,MSFT,50.97868035367199,-3.1768225113428628,-3.014926422075159,-0.1618960892677039,231.21740277042,234.6844584499183,2023-01-20,0.007169472564446,0,0,0.655,2023
2023-01-13,234.0811004638672,234.21808667704465,229.8638660470709,231.8991004502628,21333300,MSFT,51.683694669325746,-2.54513986156212,-2.920969109972551,0.3758292484104313,231.49013588408167,234.66079735242613,2023-01-23,0.0140032367410722,0,0,0.515,2023
2023-01-17,235.1770172119141,235.72496209284455,231.9871717644744,232.84823653758127,29831300,MSFT,52.820428127286505,-1.9338038015015115,-2.7235360482783437,0.7897322467768322,231.84126743911332,234.68104126848448,2023-01-24,0.0070314076940229,0,0,0.56,2023
2023-01-18,230.7346954345703,237.16329750679515,230.4509436291054,236.37073340043895,30028700,MSFT,47.90087653830687,-1.787172399914482,-2.5362633186055716,0.7490909186910897,231.73587962915684,234.52628260833097,2023-01-25,0.0203554174674893,1,0,0.455,2023
2023-01-19,226.9382171630859,230.4509617716894,225.71512062356072,228.74840601373435,28623000,MSFT,44.11902001808625,-1.9547765781636883,-2.419965970517195,0.4651893923535066,231.27895939429297,234.2287114143998,2023-01-26,0.0692880469033605,1,1,0.54,2023
2023-01-20,235.0498046875,235.5586170347546,229.4626930563344,229.8051660637973,35389800,MSFT,52.70996346926607,-1.4167355297941242,-2.219319882372581,0.8025843525784566,231.63808751745552,234.26091115059984,2023-01-27,0.0330530119530849,1,0,0.535,2023
2023-01-23,237.35899353027344,239.89324581557503,234.49204766030977,235.91085150015493,31934000,MSFT,54.838511102194175,-0.7948394670634968,-1.934423799310764,1.1395843322472672,232.18293570915247,234.3824045772537,2023-01-30,0.0005360784527255,0,0,0.695,2023
2023-01-24,236.8306427001953,238.69953795471773,235.2650879547733,237.28074883436128,40234400,MSFT,54.23698169501189,-0.3406886070150676,-1.615676760851625,1.2749881538365573,232.6255744702042,234.47841391540828,2023-01-31,0.0238389663817246,1,0,0.56,2023
2023-01-25,235.431396484375,238.06350250540547,225.93037643234288,229.43332655230375,66526600,MSFT,52.59168316567161,-0.0926106956235912,-1.3110635478060182,1.218452852182427,232.89279561441091,234.51578578085795,2023-02-01,0.0504551360689891,1,0,0.485,2023
2023-01-26,242.66232299804688,242.9656485129343,236.7914603448683,238.4059416023421,33454500,MSFT,59.4392956478332,0.6796337795842646,-0.9129240823279616,1.5925578619122265,233.8232267938048,234.83525782859087,2023-02-02,0.0669358046642174,1,0,0.58,2023
2023-01-27,242.81890869140625,244.4529638450001,241.5175322068459,243.63104656960752,26498900,MSFT,59.57546284857901,1.2894146769571648,-0.4724563304709364,1.7618710074281012,234.6799584031002,235.14834217615223,2023-02-03,0.0410621125116097,1,0,0.69,2023
2023-01-30,237.4862365722656,240.3140354258699,236.98720358432553,239.24748380148316,25867400,MSFT,53.044397519216766,1.32707071323577,-0.1125509217295951,1.439621634965365,234.94722299063977,235.24002430933317,2023-02-06,0.0579291254671547,1,0,0.6,2023
2023-01-31,242.4764404296875,242.61342664492787,237.72104048580297,238.21027910171549,26541100,MSFT,57.7158535001932,1.7395289329835748,0.2578650492130389,1.4816638837705358,235.6642913181681,235.5238053336608,2023-02-07,0.0796982632111789,1,0,0.605,2023
2023-02-01,247.31011962890625,249.68781212878685,240.18680659624076,242.66235279117208,31259900,MSFT,61.69147054831423,2.428448910980279,0.691981821566487,1.736467089413792,236.77341782395268,235.98601373739592,2023-02-08,0.055311556545043,1,0,0.59,2023
2023-02-02,258.9051208496094,258.9931802305622,251.71330613086135,253.24952278481183,39940400,MSFT,69.17779074344959,3.8654837613644872,1.3266822095260873,2.5388015518384,238.88119906449143,236.8848022516004,2023-02-09,-0.0037037635126605,0,0,0.585,2023
2023-02-03,252.78956604003903,258.5136630762387,251.56646965883192,253.95395618380832,29077300,MSFT,62.2662427922327,4.459464143536081,1.9532385963280865,2.506225547207995,240.205805443115,237.508518478598,2023-02-10,0.0183862114249224,0,-1,0.555,2023
2023-02-06,251.2436065673828,252.74067564788885,249.29644628810416,251.8991994997157,22518000,MSFT,60.61749751064585,4.750688882250245,2.512728653512518,2.2379602287377267,241.25702459780717,238.04714938404052,2023-02-13,0.0566653270981551,1,-1,0.5,2023
2023-02-07,261.8013916015625,262.985340807931,254.4823704351535,254.92269717724312,50841400,MSFT,67.0368225575715,5.766933977903875,3.16356971839079,2.6033642595130857,243.2136309791172,238.9786882945316,2023-02-14,0.0172297506804055,0,0,0.7,2023
2023-02-08,260.9892272949219,270.803352152855,260.4804000537077,267.31997580328925,54686000,MSFT,66.14366093536222,6.4326293192349056,3.817381638559613,2.6152476806752927,244.90654491395577,239.84184668670375,2023-02-15,0.0122393401850657,0,0,0.795,2023
2023-02-09,257.9461975097656,268.08323851228033,257.1438389059793,267.9070898928633,42375100,MSFT,62.76915716725179,6.638130366541816,4.3815313841560535,2.2565989823857624,246.14841658974717,240.55182122878463,2023-02-16,-0.0030857577290943,0,0,0.585,2023
2023-02-10,257.4374084472656,258.4060915123102,255.04992121599025,255.90119177142455,25818500,MSFT,62.19779311761235,6.682900089599457,4.8418051252447345,1.8410949643547223,247.2235586714156,241.21400111970547,2023-02-17,-0.0166997225722224,0,0,0.59,2023
2023-02-13,265.48040771484375,268.6898113331747,261.400145164768,261.8796192378384,44630900,MSFT,67.26980388874948,7.283424457048568,5.330128991605502,1.953295465443066,248.9623061993611,242.16562490775013,2023-02-21,-0.0664053456488608,-1,0,0.72,2023
2023-02-14,266.3121643066406,269.0518886421272,263.4843507418386,266.8014029280315,37047900,MSFT,67.75167739371818,7.737269721409319,5.811557137566266,1.9257125838430535,250.61467363814967,243.1125480214321,2023-02-22,-0.0735938519342825,-1,-1,0.61,2023
2023-02-15,264.1835632324219,265.566675446504,261.10343462754037,263.20263513184307,28922400,MSFT,65.10979501882807,7.834869546866429,6.216219619426298,1.6186499274401305,251.90694883760415,243.9388623434317,2023-02-23,-0.0540250188089849,-1,-1,0.55,2023
2023-02-16,257.1502380371094,261.65269341898556,256.90500606684026,258.98456838503563,29603600,MSFT,57.176363774061215,7.260987405397742,6.4251731766205875,0.8358142287771546,252.40630971374753,244.4569555078897,2023-02-24,-0.0493227809741857,-1,-1,0.5,2023
2023-02-17,253.1382751464844,255.12955777223888,251.1175658784003,254.4429261393681,30000100,MSFT,53.19470505923204,6.408575726016011,6.421853686499673,-0.0132779604836619,252.47602070734152,244.79739941528553,2023-02-27,-0.0306129055008327,-1,-1,0.395,2023
2023-02-21,247.85108947753903,250.61731377289416,246.791685383644,249.62656685950031,28397400,MSFT,48.41020304466206,5.245929818709726,6.186668912941683,-0.9407390942319572,252.03555106640795,244.91715196674645,2023-02-28,-0.0128626378263995,0,-1,0.535,2023
2023-02-22,246.71322631835935,249.48925469685545,245.5655422129501,249.24402266661136,22491100,MSFT,47.42166075307944,4.184472518877556,5.786229634128858,-1.6017571152513028,251.52866299516523,244.987586255045,2023-03-01,-0.0208342120943324,-1,-1,0.485,2023
2023-02-23,249.9110412597656,251.94155452190677,245.70285158085764,250.68596782653108,29219100,MSFT,50.4819989892445,3.5602564813562196,5.341035003574331,-1.7807785222181112,251.37460378227004,245.1806629218968,2023-03-02,-0.0143658906947479,0,0,0.5,2023
2023-02-24,244.4668731689453,246.21292378160817,243.36823861745583,245.19276526490697,24990900,MSFT,45.61427218802642,2.5963329976332545,4.792094602386116,-2.195761604752861,250.71672467623912,245.1526711668791,2023-03-03,0.024356015252368,1,0,0.47,2023
2023-02-27,245.38897705078125,247.99824938864867,244.63365822291965,247.6451146739916,21190000,MSFT,46.5542887827056,1.8850925950037831,4.210694200909649,-2.3256016059058657,250.2093201404812,245.16193806428703,2023-03-06,0.0268228480720953,1,0,0.395,2023
2023-02-28,244.66307067871097,246.69359891216772,243.98622793422533,244.3197548443397,22491000,MSFT,45.88196568268276,1.2484633655989796,3.6182480338475154,-2.3697846682485357,249.68110590602691,245.1423746374017,2023-03-07,0.0189639183998691,0,-1,0.42,2023
2023-03-01,241.5731506347656,246.14426388843705,241.10229440260224,245.9775079191277,27565300,MSFT,43.03309807915744,0.4889629303306435,2.992391013144142,-2.503428082813498,248.90891968971633,245.0024050686709,2023-03-08,0.0301701556708429,1,0,0.655,2023
2023-03-02,246.3208465576172,246.60530911013456,240.92574220982544,241.84781698411012,24808200,MSFT,48.34070845446565,0.2670740825236066,2.4473276270200346,-2.180253544496428,248.6624365342783,245.05410865647272,2023-03-09,0.004818655998436,0,0,0.59,2023
2023-03-03,250.42111206054688,250.744820108994,246.5954987021246,247.38024412553207,30760100,MSFT,52.46023434238343,0.417272671141859,2.0413166358443995,-1.6240439647025404,248.82992944154196,245.26457937820112,2023-03-10,-0.0262447934686189,-1,0,0.645,2023
2023-03-06,251.97100830078125,255.159024778159,251.09798284876425,251.5393975213075,24109800,MSFT,53.954944947077706,0.6538328304353342,1.7638198747625866,-1.1099870443272524,249.12907980908855,245.52757659085137,2023-03-13,-0.0114845893932431,0,0,0.775,2023
2023-03-07,249.30284118652344,252.77533463239405,248.5573413069621,251.41183036535284,21473200,MSFT,50.98313066778995,0.6188756603064292,1.5348310318713552,-0.915955371564926,249.1456285117014,245.6756261828385,2023-03-14,0.0261263847897128,1,0,0.695,2023
2023-03-08,248.8614501953125,249.68542618790528,246.02656865087872,249.19496214929893,17340200,MSFT,50.48771329313575,0.5492241726124405,1.3377096600195724,-0.7884854874071319,249.11856391014055,245.8005604578375,2023-03-15,0.0462750769740905,1,0,0.545,2023
2023-03-09,247.50778198242188,254.6096917496564,246.78188980997717,250.94103028534124,26653400,MSFT,48.9177669615598,0.3804100251274462,1.1462497330411472,-0.7658397079137009,248.9651561075007,245.8675103215467,2023-03-16,0.0946418366195724,1,0,0.465,2023
2023-03-10,243.8488616943359,247.96875585756072,242.8777526581834,246.29137753996716,28333900,MSFT,44.85745728251919,-0.0480666094175603,0.9073864645494056,-0.955453073966966,248.47788997291357,245.7883476302835,2023-03-17,0.1240599468902805,1,0,0.555,2023
2023-03-13,249.0772247314453,252.9911326633416,241.04342237889503,242.6815702688881,33339700,MSFT,51.10302597325031,0.0338574845335983,0.7326806685462444,-0.698823184012646,248.5349694737261,245.91732320287812,2023-03-20,0.072109486155717,1,0,0.5,2023
2023-03-14,255.81622314453125,256.09088178887293,250.98024029023756,251.85326561713225,33620300,MSFT,57.746063133271136,0.6352411069405548,0.7131927562251065,-0.0779516492845516,249.22842220427896,246.30551535745275,2023-03-21,0.0498101659798062,1,0,0.905,2023
2023-03-15,260.3775329589844,261.39770646973017,254.2663406895164,255.02167441477647,46028000,MSFT,61.55340186606624,1.463036567165176,0.8631615184131204,0.5998750487520556,250.29024227615568,246.8573591849638,2023-03-22,0.0258061045345368,1,0,0.99,2023
2023-03-16,270.932373046875,271.285492819686,258.2587678945706,260.1519520817623,54768800,MSFT,68.60333008071656,2.9369030280029165,1.2779098203310797,1.6589932076718368,252.25615949241467,247.801477375627,2023-03-23,0.0052859275919834,0,0,0.88,2023
2023-03-17,274.1007385253906,277.926352222168,271.05006642858564,272.95306938413273,69527400,MSFT,70.36031738630821,4.310919831469619,1.8845118225587876,2.426408008910831,254.33659559079337,248.8328209501275,2023-03-24,0.0040797249261361,0,1,0.51,2023
2023-03-20,267.0380554199219,272.1879277131166,264.70344185731915,271.6974636851933,43466600,MSFT,62.02755783779053,4.7748965114534485,2.4625887603377197,2.312307751115729,255.54625843166272,249.5467517136489,2023-03-27,0.0152443863943911,0,-1,0.37,2023
2023-03-21,268.5584716796875,269.7552050595554,264.3797087419352,269.6374984870352,34558700,MSFT,63.04227216268927,5.205282996419754,3.0111276075541267,2.1941553888656276,256.7855168362365,250.2923093593759,2023-03-28,0.0052962890068366,0,1,0.465,2023
2023-03-22,267.09686279296875,275.67998180614,266.988945158892,268.18567837872166,34873300,MSFT,61.34516618829334,5.366565339872551,3.482215154017812,1.8843501858547391,257.76754978449674,250.9513114548109,2023-03-29,0.0301885348077004,1,1,0.435,2023
2023-03-23,272.364501953125,275.6996515319118,269.9514271903419,272.63916062583564,36610900,MSFT,65.0018828557605,5.851979241793913,3.956167971573033,1.8958112702208805,259.1577357053185,251.79104441552911,2023-03-30,0.0230136338578619,1,0,0.49,2023
2023-03-24,275.218994140625,275.27784742962956,270.02987629936445,271.9524869231275,28172000,MSFT,66.83290045872322,6.393308835273103,4.443596144313047,1.949712690960056,260.68737936582386,252.7097875420035,2023-03-31,0.0275508583807106,1,0,0.81,2023
2023-03-27,271.10888671875,276.09198781080295,270.26527306825443,275.1503053082786,26840200,MSFT,61.81789885653613,6.416697425168252,4.838216400484089,1.5784810246841632,261.67990387562634,253.4313208430524,2023-04-03,0.0392578719487923,1,0,0.68,2023
2023-03-28,269.9808349609375,270.8734830687269,266.86146104578347,270.53015226795435,21878600,MSFT,60.47659058287921,6.271910027167564,5.124955125820784,1.1469549013467804,262.4704687408941,254.08032139669496,2023-04-04,0.0434181797300969,1,0,0.66,2023
2023-03-29,275.1601257324219,275.778115168562,273.1001709238038,273.63966935521813,25087000,MSFT,64.30602972248585,6.50016064552284,5.399996229761196,1.100164415761644,263.679007501992,254.90698039025287,2023-04-05,0.0136536043521355,0,0,0.62,2023
2023-03-30,278.6325988769531,279.034782967191,276.1116365553152,278.80918867585996,25053400,MSFT,66.63982308952387,6.8819199774671915,5.696380979302395,1.1855389981647964,265.1031590615121,255.83739680149603,2023-04-06,0.0265798255093818,1,0,0.56,2023
2023-03-31,282.801513671875,283.7530149729274,277.60260755409064,278.31869572846455,32766000,MSFT,69.24010921879058,7.435155734255375,6.044135930292992,1.391019803962383,266.78871664345144,256.89481314935404,2023-04-10,0.0037810084127922,0,-1,0.45,2023
2023-04-03,281.7520446777344,282.7721885499496,278.5346010706617,281.05556403535627,24883300,MSFT,67.80726072689023,7.700153108454174,6.375339365925228,1.3248137425289457,268.21379550385933,257.86960654262384,2023-04-11,-0.0153191173178173,0,-1,0.56,2023
2023-04-04,281.7029113769531,284.9105652724409,280.22173037151373,281.7519757409846,25824300,MSFT,67.73658718607076,7.816101635659265,6.663491819872036,1.1526098157872298,269.49847320605875,258.8042459478917,2023-04-12,-0.0128491000982466,0,-1,0.715,2023
2023-04-05,278.91705322265625,281.67345840201926,277.52415228002326,280.3982640251811,22064800,MSFT,63.68359326346015,7.595638416623501,6.849921139222329,0.7457172774011722,270.3954808266871,259.5929834880785,2023-04-13,0.0193431758267417,0,-1,0.76,2023
2023-04-06,286.0386047363281,286.5094310076184,276.65111679037716,277.80860462136076,29770300,MSFT,68.81969181024617,7.904451816855669,7.0608272747489975,0.8436245421066717,271.8853021514148,260.63006667428436,2023-04-14,-0.0187241682495079,0,-1,0.83,2023
2023-04-10,283.87078857421875,284.0767750869852,279.280022455151,283.69419877058414,23103000,MSFT,65.77043700337882,7.883389210751261,7.225339661949451,0.6580495488018103,273.0267770488247,261.54146753310533,2023-04-17,-0.0020388355985748,0,-1,0.845,2023
2023-04-11,277.43585205078125,280.52579918788547,276.26857527576567,280.30017497191614,27276600,MSFT,57.610461603576184,7.263719705970743,7.233015670753709,0.0307040352170337,273.446688953773,262.16477672987696,2023-04-18,0.0195877953382117,0,-1,0.805,2023
2023-04-12,278.0832824707031,281.53616835496916,276.58246375618245,279.35850689315987,27403400,MSFT,58.17273956264265,6.747093093774993,7.135831155357966,-0.3887380615829734,273.88826928871873,262.78903185696817,2023-04-19,0.0174961505044921,0,-1,0.79,2023
2023-04-13,284.31219482421875,284.37104811494265,277.76942120916596,278.18139424423316,24222700,MSFT,63.22666870888341,6.7623319973918115,7.0611313237647355,-0.298799326372924,274.8810241016235,263.633077463527,2023-04-20,-0.012869321456855,0,-1,0.845,2023
2023-04-14,280.6827697753906,282.9781378461247,278.27948405144895,281.52635353888274,20987900,MSFT,58.77071187200638,6.407680912314504,6.930441241474689,-0.5227603291601852,275.43357130864894,264.30169284830595,2023-04-21,-0.0013278733922245,0,-1,0.68,2023
2023-04-17,283.2920227050781,286.03863934058404,280.7023880930552,284.4004762454157,23836200,MSFT,60.903937191357386,6.264943903726817,6.797341773925115,-0.5323978701982988,276.18199525116603,265.0464116662186,2023-04-24,-0.0243421434629409,-1,-1,0.655,2023
2023-04-18,282.8702087402344,286.1955691018291,281.53616100019883,286.0091903829201,20161800,MSFT,60.36022235759113,6.04806856471788,6.647487132083669,-0.599418567365789,276.81896796441066,265.74538410049377,2023-04-25,-0.0449075319251909,-1,-1,0.615,2023
2023-04-19,282.94866943359375,283.5372022349438,279.11323768855965,280.5355652058813,17150300,MSFT,60.43098384224176,5.8154871029735205,6.48108712626164,-0.6656000232881194,277.4027490567138,266.4200227410075,2023-04-26,0.0239903050823033,1,-1,0.48,2023
2023-04-20,280.6532897949219,283.51761266618416,279.6429351736415,279.80970610176666,23244400,MSFT,57.213254955235755,5.383884595069276,6.261646620023168,-0.877762024953892,277.71232436511457,266.9781900764551,2023-04-27,0.0654295077218407,1,0,0.54,2023
2023-04-21,280.31005859375,280.81031163132116,277.66154041733506,279.57436242647407,21676400,MSFT,56.72685290854477,4.956999405078534,6.000717177034241,-1.0437177719557074,277.9597276249846,267.5010084496824,2023-04-28,0.0752377738100422,1,0,0.455,2023
2023-04-24,276.3960876464844,279.5154616165311,273.40426904899283,276.70999180903164,26611000,MSFT,51.36425480711853,4.2538295720551105,5.651339656038416,-1.3975100839833052,277.8108095317941,267.8498350848511,2023-05-01,0.0844305481747877,1,-1,0.615,2023
2023-04-25,270.1672058105469,276.22933373061375,270.1181414486959,274.1791977810331,45772200,MSFT,44.20262598641606,3.1575454872234445,5.1525808222754215,-1.995035335051977,277.0828472726277,267.94071236821173,2023-05-02,0.1088881205226932,1,-1,0.635,2023
2023-04-26,289.7366943359375,293.85660384994554,287.14706002026827,291.0413453207768,64599200,MSFT,62.08753975356504,3.823748830338331,4.886814423888004,-1.0630655935496724,278.2879755643715,268.79545675910293,2023-05-03,0.0305716439233998,1,0,0.505,2023
2023-04-27,299.01629638671875,299.3792649257392,289.6190184598168,290.325287881764,46462600,MSFT,67.42032820523872,5.042380686341573,4.917927676378718,0.1244530099628553,280.262101356976,269.9805877248918,2023-05-04,0.001902600956138,0,0,0.82,2023
2023-04-28,301.39996337890625,303.038096464785,297.525285592319,298.2119472041732,36469600,MSFT,68.64055800806871,6.129836280178495,5.160309397138674,0.9695268830398208,282.2752310733503,271.2127201034806,2023-05-05,0.0110329057294278,0,0,0.77,2023
2023-05-01,299.73236083984375,302.7143903771624,299.33017676280843,301.1154729285125,21294100,MSFT,66.75681278012695,6.778947596676176,5.484037037046175,1.2949105596300008,283.9378148606354,272.33113738725956,2023-05-08,0.0101125780547628,0,-1,0.47,2023
2023-05-02,299.585205078125,303.28329262686395,298.1138131714134,301.8903917190822,26404400,MSFT,66.58316262074993,7.198518708704796,5.8269333713778995,1.3715853373268967,285.4280425003963,273.3999243555288,2023-05-09,0.0052062747891168,0,-1,0.52,2023
2023-05-03,298.59442138671875,302.7241191126641,298.29033615841524,300.77208233699815,22360800,MSFT,65.35058205945214,7.366171237518643,6.134780944606049,1.231390292912594,286.68198334671274,274.387943846948,2023-05-10,0.0259858046662719,1,-1,0.685,2023
2023-05-04,299.585205078125,301.8903917190822,297.6135303437571,300.39936209486564,22519900,MSFT,66.02784708384954,7.492614838182817,6.406347723321403,1.086267114861414,287.9108616068472,275.3760717383667,2023-05-11,0.0153891162993102,0,-1,0.72,2023
2023-05-05,304.72528076171875,306.0201129213296,298.46695525914686,299.8893128499304,28197100,MSFT,69.37248989362233,7.916328940662993,6.708343966789721,1.2079849738732715,289.5122348596921,276.5270211118315,2023-05-12,-0.0054080834127339,0,-1,0.77,2023
2023-05-08,302.763427734375,304.28388412845356,300.2522543951284,304.2152119824431,21318600,MSFT,66.67433423737876,8.001583008052592,6.966991775042295,1.0345912330102962,290.77425322870954,277.55589980291165,2023-05-15,0.0026243449217373,0,-1,0.765,2023
2023-05-09,301.1449279785156,304.1269577971299,300.4680851917981,302.1258560826802,21340800,MSFT,64.44735747447851,7.84808028251382,7.143209476536601,0.7048708059772189,291.7619365382149,278.48095973136674,2023-05-16,0.0154397326203696,0,-1,0.75,2023
2023-05-10,306.3536376953125,307.03048044641207,301.8021470979915,302.73401078657963,30078000,MSFT,68.13594612174907,8.053887409058234,7.325345063040928,0.7285423460173055,293.1516223627004,279.5740059260313,2023-05-17,0.0076090321794004,0,-1,0.715,2023
2023-05-11,304.195556640625,305.1863034639446,300.419007926499,304.1857677171531,31680200,MSFT,65.1213176313928,7.951195502027588,7.45051515083826,0.5006803511893274,294.2034256272646,280.53955693444675,2023-05-18,0.0293648198012015,1,-1,0.735,2023
2023-05-12,303.0773010253906,304.72525274855644,300.7525066417202,304.62715396932276,19774700,MSFT,63.55223309425262,7.690921389013056,7.49859639847322,0.1923249905398361,295.0485566175623,281.4233900360524,2023-05-19,0.0325791238291865,1,-1,0.735,2023
2023-05-15,303.5579833984375,303.98959413162356,301.7236527501709,303.2048636724934,16336500,MSFT,63.954281772847466,7.437702129213221,7.48641754462122,-0.0487154154079991,295.85897821574093,282.2914133051656,2023-05-22,0.040141297043889,1,-1,0.72,2023
2023-05-16,305.7945251464844,307.72695475671816,303.92094882910635,303.92094882910635,26730300,MSFT,65.84227382982263,7.332964419764494,7.455726919649876,-0.1227624998853817,296.8052207805736,283.21310396560943,2023-05-23,0.0135021244426924,0,-1,0.67,2023
2023-05-17,308.6846923828125,309.10740625813224,305.4798671864211,307.0036472035513,24315000,MSFT,68.16292710809651,7.397893066031543,7.444160148926209,-0.0462670828946665,297.9365990284059,284.2119897858919,2023-05-24,-0.0004777073212206,0,-1,0.6,2023
2023-05-18,313.1282043457031,313.6394211850269,308.4094689120249,309.20575514144576,27276000,MSFT,71.38211885306612,7.718924805120594,7.4991130801650865,0.2198117249555071,299.3834185824342,285.34595898431587,2023-05-25,0.0232324960029082,1,-1,0.515,2023
2023-05-19,312.9512939453125,313.35435726772096,311.0146399332966,311.3783719556919,27546700,MSFT,71.07398735926027,7.868367932807416,7.572964050693553,0.2954038821138631,300.6755971884226,286.4285211396491,2023-05-26,0.0457056742664987,1,-1,0.52,2023
2023-05-22,315.7431945800781,317.1293303008465,312.6268717902356,313.2068809214525,24115700,MSFT,73.05104723786536,8.11850071387886,7.682071383330615,0.4364293305482443,302.1106064638184,287.5781161765287,2023-05-30,0.0312284433244705,1,-1,0.515,2023
2023-05-23,309.92340087890625,317.2571122621046,309.9135605550199,314.6126452216037,30797200,MSFT,63.333492319510725,7.757698116460972,7.697196729956687,0.0605013865042849,302.8546821223982,288.4544018511317,2023-05-31,0.0416482777431497,1,-1,0.65,2023
2023-05-24,308.5372314453125,311.1423669057802,307.31820145550216,309.40233982486046,23384900,MSFT,61.24378254320643,7.276033583992614,7.612964100763873,-0.3369305167712584,303.3958772960091,289.2419637960015,2023-06-01,0.0596782559464015,1,-1,0.63,2023
2023-05-25,320.4029541015625,321.36634580570205,314.5831525784272,317.76829739796784,43301700,MSFT,70.28282806435911,7.762296699691319,7.642830620549362,0.119466079141957,305.015598896538,290.46396341582744,2023-06-02,0.0290867746570042,1,-1,0.53,2023
2023-05-26,327.25494384765625,327.75629030696444,318.3974530543971,318.5350675723102,36630600,MSFT,74.04704919002975,8.601410326212715,7.834546561682033,0.7668637645306822,307.1336317490254,291.90674696217366,2023-06-05,0.0091623156267222,0,0,0.495,2023
2023-05-30,325.6033630371094,330.05667928706043,324.92504076054195,329.55533282249974,29503100,MSFT,71.6898665713301,9.029063725908486,8.073449994527325,0.9556137313811616,308.892653776462,293.22818288668094,2023-06-06,0.0074575155367639,0,0,0.575,2023
2023-05-31,322.8311767578125,330.2533617664541,321.78909235828155,326.6651533185743,45950600,MSFT,67.78907754057553,9.040081430160283,8.266776281653916,0.7733051485063687,310.2201321556382,294.38908460711747,2023-06-07,-0.015256370165539,0,1,0.43,2023
2023-06-01,326.9501953125,327.8841260635335,319.2232608919035,320.41277005822946,26773900,MSFT,70.3689473635047,9.27427534035928,8.468276093394989,0.8059992469642925,311.81347150391076,295.66599090928935,2023-06-08,-0.0220096058208406,-1,0,0.57,2023
2023-06-02,329.7224426269531,331.7869004521861,326.9206805784931,328.59191548486876,25873800,MSFT,71.99471167210262,9.573218784085723,8.689264631533137,0.8839541525525885,313.51908780134335,297.00153803547227,2023-06-09,-0.0256706908192954,-1,0,0.6,2023
2023-06-05,330.25335693359375,332.8290019187476,328.99502541409146,329.5455435788118,21307100,MSFT,72.30806973564279,9.74068936093579,8.899549577413667,0.8411397835221219,315.11282771870054,298.3055309334378,2023-06-12,-0.0121748420910422,0,0,0.52,2023
2023-06-06,328.03155517578125,329.69294974924617,326.5471364156153,329.6536184572925,20396200,MSFT,68.8368099025724,9.583655748318336,9.0363708115946,0.5472849367237345,316.343182714613,299.471257374314,2023-06-13,0.0018284597045772,0,1,0.68,2023
2023-06-07,317.90594482421875,328.8278643518396,317.04083634658787,326.03594244738656,40717100,MSFT,55.71061383992302,8.543667268811703,8.937830103038023,-0.3941628342263197,316.49201720124216,300.1941862939181,2023-06-14,0.043169038110453,1,-1,0.49,2023
2023-06-08,319.754150390625,321.11079515355357,317.8764784362374,318.4564875738247,23277700,MSFT,57.31072685515071,7.7789329523439505,8.706050672899208,-0.9271177205552572,316.80269655261196,300.96124370947524,2023-06-15,0.0702207277472239,1,-1,0.64,2023
2023-06-09,321.25823974609375,324.40405344263496,318.91852262119164,319.48869141586215,22529000,MSFT,58.62093331006508,7.211117662073548,8.407064070734076,-1.1959464086605287,317.2270339996102,301.75720433836227,2023-06-16,0.0475534791996572,1,-1,0.72,2023
2023-06-12,326.2325744628906,326.4783425572576,319.6558178575519,323.0179085879385,24260300,MSFT,62.69843439541087,7.080883179445834,8.141827892476428,-1.0609447130305938,318.08470451992264,302.7170227746183,2023-06-20,0.0186831810584651,0,-1,0.76,2023
2023-06-13,328.63134765625,331.2758153487361,324.7973705187593,328.80829352390464,22951300,MSFT,64.514387246894,7.089508917262549,7.931364097433653,-0.8418551801711036,319.0891467233824,303.73327080919205,2023-06-21,-0.002184222412735,0,-1,0.81,2023
2023-06-14,331.629638671875,333.3008737465053,327.1763219152769,328.68042148204876,26003800,MSFT,66.69678048887978,7.254654759621644,7.796022229871252,-0.5413674702496074,320.2834792899055,304.8272460194934,2023-06-22,0.0070256854798635,0,-1,0.815,2023
2023-06-15,342.20751953125,343.9180559623726,331.4920360241556,331.7672951050373,38899100,MSFT,73.00460917388665,8.145187955270558,7.8658553749511135,0.2793325803194442,322.3714831224145,306.2931390983858,2023-06-23,-0.0375753915652765,-1,-1,0.75,2023
2023-06-16,336.5351867675781,345.52048357890783,336.1616444283532,345.37302870803074,46552000,MSFT,65.8066233121389,8.297582711964424,7.952200842353776,0.3453818696106481,323.7204072790967,307.4791017520796,2023-06-26,-0.0401076935702604,-1,-1,0.935,2023
2023-06-20,332.32763671875,336.28941757561955,330.17470560784415,333.5663176321454,26375400,MSFT,61.00202346225737,7.986775948077764,7.959115863498574,0.0276600845791898,324.54014341620655,308.45355410371377,2023-06-27,-0.0102943952971391,0,-1,0.935,2023
2023-06-21,327.9135437011719,332.01296776394383,326.44877579911486,330.67597404046415,25117800,MSFT,56.353595346637135,7.300127605190767,7.827318211837013,-0.5271906066462462,324.86141963382227,309.2166909506729,2023-06-28,0.0068655665467449,0,-1,0.695,2023
2023-06-22,333.9595642089844,334.3626275505589,327.6973969284833,328.46419230974885,23556800,MSFT,60.763826412981466,7.1612665496467685,7.694107879398964,-0.5328413297521957,325.7279095933615,310.1869997059008,2023-06-29,-0.0137176674400245,0,-1,0.89,2023
2023-06-23,329.34893798828125,332.2391735369446,327.8055369647912,328.70010653848016,23146900,MSFT,56.10784298786206,6.603063157473343,7.47589893501384,-0.8728357775404971,326.0727694404967,310.93844826599417,2023-06-30,0.016476487536353,0,-1,0.64,2023
2023-06-26,323.03753662109375,330.42038857271655,322.92938307667407,328.0708615737636,21520600,MSFT,50.41326313123212,5.587002121123419,7.098119572235756,-1.5111174511123373,325.7836996481726,311.41292231913536,2023-07-03,0.0285757769222092,1,0,0.495,2023
2023-06-27,328.9065246582031,330.45976577699514,323.72571415230334,326.24237697831273,24354100,MSFT,54.988214321516985,5.195454746645737,6.717586607117752,-1.522131860472015,326.0811115538898,312.09894594027526,2023-07-05,0.0107003325134544,0,0,0.61,2023
2023-06-28,330.16485595703125,332.258804870359,328.1593799554091,328.99499745616725,20259500,MSFT,55.92709218254921,4.929859103908541,6.360041106475911,-1.4301820025673695,326.4700395922842,312.8074129997559,2023-07-06,0.0161381412169621,0,0,0.61,2023
2023-06-29,329.37841796875,330.4204723833769,326.9895590748973,329.04417693018956,16997000,MSFT,55.15280050098287,4.602854825161387,6.008603850213007,-1.4057490250516196,326.74702800909046,313.45725633187334,2023-07-07,0.0064766546540224,0,0,0.6,2023
2023-06-30,334.77545166015625,336.92838241149826,331.4919937565217,332.03267152470943,26832800,MSFT,59.31560091124933,4.724733307791837,5.751829741728773,-1.0270964339369364,327.51163978538244,314.293263991806,2023-07-10,-0.0255770278038439,-1,0,0.72,2023
2023-07-03,332.2685852050781,335.12932909598504,330.8726393895058,333.44828392332306,12508700,MSFT,56.68370191266587,4.566401082008383,5.514744009784696,-0.9483429277763128,327.96468220630584,314.9981785491892,2023-07-11,-0.0163317084837428,0,0,0.565,2023
2023-07-05,332.4259338378906,335.8666873183972,329.06384295177827,329.417734623584,18172400,MSFT,56.813231044802784,4.402864886282657,5.292368185084289,-0.8895032988016318,328.3895633140758,315.6816199330599,2023-07-12,-0.0028093443703363,0,0,0.765,2023
2023-07-06,335.49310302734375,337.183988734617,329.8207861493633,331.5903044472357,28161200,MSFT,59.364085073394016,4.4692376040461,5.1277420688766515,-0.6585044648305516,329.0660909058156,316.4585408387181,2023-07-13,0.0040730661327239,0,0,0.81,2023
2023-07-07,331.5116882324219,336.0043364674082,331.295411096355,333.576146349244,21214800,MSFT,54.83628449067143,4.152701799803822,4.932734015062086,-0.7800322152582639,329.29900493692094,317.04886034435356,2023-07-14,0.0237825273463301,1,0,0.645,2023
2023-07-10,326.212890625,329.55536067649837,322.0446733856095,328.93602028459145,32791400,MSFT,49.43247021202097,3.4346833201067852,4.633123876071026,-1.1984405559642406,329.0050892881666,317.4082340808495,2023-07-17,0.0418891000233503,1,0,0.62,2023
2023-07-11,326.8420715332031,327.22545415637865,321.4646644778311,325.45593589359305,26698200,MSFT,50.06175689412695,2.883182608518723,4.2831356225605655,-1.3999530140418424,328.7990875972177,317.7781884907458,2023-07-18,0.0812706040666255,1,0,0.585,2023
2023-07-12,331.4920349121094,335.8666892186245,329.9879352964464,330.9021854547732,29995300,MSFT,54.5621764426132,2.789175624155689,3.9843436228795905,-1.1951679987239014,329.0555587700645,318.31598638962276,2023-07-19,0.0530248065539524,1,0,0.55,2023
2023-07-13,336.8595886230469,337.92129360338816,333.2811907244009,333.81205821506575,20567200,MSFT,59.13972138216238,3.111918874041123,3.8098586731118975,-0.6979397990707743,329.79879970844377,319.04318647720805,2023-07-20,0.0122862256261542,0,0,0.4,2023
2023-07-14,339.3958740234375,345.4810940102127,338.4816239772076,341.7060999475016,28352700,MSFT,61.132277647749994,3.5316416929393313,3.754215277077384,-0.2225735841380531,330.71280678606223,319.8413310868641,2023-07-21,-0.0042577664314069,0,0,0.73,2023
2023-07-17,339.8776550292969,341.1163059378195,336.4074104186514,339.82848340532155,20363900,MSFT,61.51618254454004,3.8586704011710258,3.7751063018961126,0.0835640992749127,331.5856494758941,320.627069280685,2023-07-24,-0.0017932837339953,0,0,0.745,2023
2023-07-18,353.40472412109375,360.57133106049383,336.37793118829495,339.9759501445123,64738600,MSFT,70.3664588486819,5.149998457379979,4.050084732992886,1.0999137243870931,333.66365658496073,321.91246750972067,2023-07-25,-0.0236723951557317,-1,0,0.96,2023
2023-07-19,349.0693359375,356.3244150776322,346.4740403920073,355.6264420712178,39732900,MSFT,65.1918121705851,5.757190344808237,4.391505855355956,1.3656844894522804,335.13086414234544,322.97744274218263,2023-07-26,-0.0487496223216309,-1,0,0.91,2023
2023-07-20,340.9983215332031,351.91043126765385,339.52371292046627,347.58491867049014,33778400,MSFT,56.815268022310455,5.5234598728516175,4.617896658855089,0.9055632139965288,335.6896696081414,323.68414387124227,2023-07-27,-0.0465592245740561,-1,0,0.81,2023
2023-07-21,337.9508056640625,344.3702675687518,334.077497807225,343.2397402503529,69405400,MSFT,53.99415112148082,5.034285617537023,4.701174450591476,0.3331111669455469,335.90501589918154,324.24362080429404,2023-07-28,-0.0157081849222663,0,0,0.615,2023
2023-07-24,339.2681579589844,341.04754689967615,336.5155667818255,339.99565205658575,26678100,MSFT,55.03355706768459,4.698746590688472,4.700688878610875,-0.0019422879224029,336.2253151429723,324.8328183397721,2023-07-31,-0.0266293333203803,-1,0,0.69,2023
2023-07-25,345.0387878417969,345.933387393559,339.2288259183692,341.23427216529524,41637700,MSFT,59.3645114144944,4.842648066393963,4.729080716167493,0.1135673502264698,337.06469349524133,325.6252093006358,2023-08-01,-0.0417119551157233,-1,0,0.925,2023
2023-07-26,332.0523376464844,338.8355608783581,327.47121688450346,335.66022637997355,58383700,MSFT,48.12981835603847,3.864248374327587,4.5561142477995125,-0.691865873471925,336.5873262715502,325.8772535494926,2023-08-02,-0.0304053299556066,-1,0,0.585,2023
2023-07-27,325.1217041015625,335.55208782574067,323.47995999932067,334.71650028968384,39635300,MSFT,43.408372806795384,2.500787838505971,4.145048965940805,-1.6442611274348335,335.4953622553609,325.8476241593777,2023-08-03,-0.0122761458393172,0,1,0.575,2023
2023-07-28,332.6422119140625,334.2544650928314,327.53025330055345,328.02178951344797,28484900,MSFT,49.22858651049875,2.003977069403504,3.716834586633345,-1.7128575172298408,335.2236336514277,326.11407858113006,2023-08-04,-0.0312970985374339,-1,1,0.38,2023
2023-07-31,330.2336730957031,331.9835406579094,327.71698030864405,331.2167454340434,25446000,MSFT,47.542199731525535,1.3997663665691675,3.25342094262051,-1.8536545760513423,334.7483993127872,326.27563130719176,2023-08-07,-0.0172957510684914,0,-1,0.37,2023
2023-08-01,330.64654541015625,332.8093165466115,328.0512500473967,329.5160182255947,18311900,MSFT,47.871854145616624,0.9433658425206204,2.791409922600532,-1.848044080079912,334.3577465601557,326.44703970338645,2023-08-08,-0.0305940417324972,-1,-1,0.38,2023
2023-08-02,321.9561767578125,327.9824147290401,320.8354599405336,327.9824147290401,27761300,MSFT,41.90287859143575,-0.1182123049125607,2.2094854770979135,-2.3276977820104743,333.17664467421827,326.270927431011,2023-08-09,-0.0160913983692674,0,0,0.465,2023
2023-08-03,321.1304626464844,324.2959572590303,320.4324895800292,320.4816312040504,18253700,MSFT,41.37500036088911,-1.0144548588774,1.564697409902851,-2.579152268780251,332.02938924300554,326.06934057671583,2023-08-10,-0.0114188206317271,0,0,0.47,2023
2023-08-04,322.2314758300781,329.46690442388586,321.70060832431494,326.2620787423008,23741500,MSFT,42.41667979961888,-1.6172483453851214,0.9283082588452566,-2.545556604230378,331.0962546322505,325.9188360768477,2023-08-11,-0.0206540825680296,-1,0,0.455,2023
2023-08-07,324.52203369140625,325.50510614632094,321.97587963329613,322.8114972201717,17741500,MSFT,44.62126897026768,-1.8883696994902264,0.36497266717816,-2.2533423666683867,330.4701383521701,325.86405951271274,2023-08-14,-0.0183878258458907,0,1,0.47,2023
2023-08-08,320.5307312011719,323.1850385754183,317.5323725014756,321.42533064951436,22327600,MSFT,41.63038571210796,-2.3976613328449616,-0.1875541328264643,-2.210107200018497,329.52352814731313,325.6549093828484,2023-08-15,-0.0128506197806734,0,0,0.445,2023
2023-08-09,316.77545166015625,321.5728200955336,315.6154033490083,320.9436693175295,22373300,MSFT,38.98284077377538,-3.0689216775446653,-0.7638276417701045,-2.3050940357745606,328.30942562472677,325.30669535450755,2023-08-16,-0.003574147373175,0,-1,0.505,2023
2023-08-10,317.4635314941406,322.70332366781076,315.7431549645052,320.50122130920715,20113700,MSFT,39.73906401521873,-3.504974876207598,-1.3120570886576033,-2.1929177875499946,327.2764833265757,324.99912030115985,2023-08-17,-0.0166571098023627,0,-1,0.715,2023
2023-08-11,315.5760803222656,316.95237568031445,313.8065320039268,314.83877602320496,24355500,MSFT,38.33553578443989,-3.957235169483852,-1.8410927048228531,-2.1161424646609985,326.16215923092716,324.6295893215954,2023-08-18,-0.0120241215449834,0,-1,0.84,2023
2023-08-14,318.5547790527344,318.5744296997712,314.66179086831823,315.94964327343246,18836100,MSFT,41.82740139944041,-4.028856467261392,-2.278645457310561,-1.7502110099508306,325.437646833004,324.3913614679146,2023-08-21,-0.0045625753288123,0,-1,0.715,2023
2023-08-15,316.4117126464844,319.5870477442435,315.467971410383,317.5324297401616,16966300,MSFT,40.06936155667995,-4.210013989753634,-2.664919163799176,-1.545094825954458,324.57803405333544,324.0784340631526,2023-08-22,0.0039851742528751,0,-1,0.73,2023
2023-08-16,315.64324951171875,319.6035867530306,315.0521512600074,316.03730499135764,20698900,MSFT,39.42939100333395,-4.365271056704557,-3.0049895423802524,-1.360281514324305,323.7271021922291,323.747642512116,2023-08-23,0.0205992498499951,1,-1,0.71,2023
2023-08-17,312.1755065917969,317.0914138920389,311.5154403900697,315.7811727106464,21257200,MSFT,36.58943379163656,-4.713793595002301,-3.346750352904662,-1.3670432420976386,322.62695023028317,323.2938332603388,2023-08-24,0.0097514342774094,0,-1,0.675,2023
2023-08-18,311.78155517578125,313.65334180149637,306.92472300654623,309.82107823146384,24755000,MSFT,36.26982578353005,-4.964560442011702,-3.6703123707260703,-1.294248071285632,321.5940554631878,322.8423713746699,2023-08-25,0.0205381356239118,1,-1,0.605,2023
2023-08-21,317.1013488769531,317.97812023302833,312.3332075074282,313.20997886350335,24040000,MSFT,43.452881735778725,-4.680082999067906,-3.8722664963944378,-0.8078165026734685,321.1661786454511,322.61723323750454,2023-08-28,0.0056542451060204,0,-1,0.53,2023
2023-08-22,317.67266845703125,321.23892020655586,316.6875147112175,320.66754426236673,16084600,MSFT,44.1805256260108,-4.358292181267302,-3.969471633369011,-0.3888205478982911,320.8334633894111,322.4233287363095,2023-08-29,0.0184519945150092,0,-1,0.56,2023
2023-08-23,322.145263671875,324.3126138630537,318.65781111498035,319.01248208467564,21166400,MSFT,49.64349946990207,-3.699721498544079,-3.915521606404025,0.2158001078599456,320.9583967496458,322.41242422397875,2023-08-30,0.0054741088906689,0,-1,0.67,2023
2023-08-24,315.21966552734375,328.0365262054767,315.20980436860924,327.9084513999614,23281400,MSFT,42.67830952939428,-3.69405461621875,-3.8712282083669702,0.17717359214822,320.41185091895034,322.13035525548327,2023-08-31,0.0243460283830623,1,-1,0.645,2023
2023-08-25,318.1849670410156,320.52960769740787,314.0670015423209,316.697375267024,21684100,MSFT,46.16136861453641,-3.410968993748213,-3.779176365443219,0.3682073716950058,320.1997667400994,321.97563414903357,2023-09-01,0.0175862255827459,0,-1,0.645,2023
2023-08-28,318.8943176269531,321.30792655371766,316.94370215408395,320.8252107812668,14808500,MSFT,46.99115621253535,-3.0937204508404648,-3.642085182522668,0.5483647316822036,320.0754382531331,321.85479820699123,2023-09-05,0.0304293140867879,1,-1,0.53,2023
2023-08-29,323.53436279296875,324.09590767397725,317.1013096869728,317.1013096869728,19284600,MSFT,52.18277997466369,-2.439761773485941,-3.401620500715323,0.961858727229382,320.4048596378793,321.9206634848727,2023-09-06,0.0136109977631624,0,1,0.34,2023
2023-08-30,323.9087219238281,324.913567962967,321.6034656708571,323.79050827975385,15222100,MSFT,52.58624890884453,-1.8697340269602591,-3.0952432059643105,1.225509179004051,320.7385608079697,321.99862656091017,2023-09-07,0.0034064953488561,0,0,0.39,2023
2023-08-31,322.8940124511719,325.9972408442875,321.92855092385497,324.3126362990831,26411000,MSFT,51.32218542255167,-1.4827690663676094,-2.7727483780449704,1.289979311677361,320.9438419168461,322.0337397330773,2023-09-08,0.0198621230137332,0,-1,0.525,2023
2023-09-01,323.7806396484375,327.06118845381434,321.9285457619997,326.39129110984953,14942000,MSFT,52.39889298738664,-1.091965642003288,-2.436591830836634,1.3446261888333462,321.2140131293786,322.10224561211106,2023-09-11,0.0282359144189945,1,-1,0.41,2023
2023-09-05,328.5980529785156,329.8787710157391,323.7806663099435,324.11561500950705,18553900,MSFT,57.85374782622886,-0.389041489552028,-2.027081762579713,1.638040273027685,321.9172550197726,322.35698315589167,2023-09-12,-0.0053366143174725,0,0,0.545,2023
2023-09-06,327.93798828125,329.4945179929177,325.2780611047277,328.43056516101285,17535800,MSFT,56.891752992061406,0.1134613490772267,-1.5989731402483252,1.712434489325552,322.49065818753235,322.57584610198415,2023-09-13,0.0095529706663173,0,0,0.58,2023
2023-09-07,325.0121154785156,328.1350363970211,324.1451752662775,326.3716326236609,18381000,MSFT,52.70795213783383,0.2724641888212886,-1.2246856744344026,1.4971498632556912,322.7307969771498,322.6713860775344,2023-09-14,0.0266436694770899,1,1,0.45,2023
2023-09-08,329.307373046875,331.1693282906992,324.5687853410023,325.1894370889437,19530100,MSFT,57.63358316666774,0.7365756876486671,-0.8324334020177887,1.569009089666456,323.35713755521886,322.9316208606458,2023-09-15,-0.0121161247083612,0,0,0.38,2023
2023-09-11,332.9228820800781,333.395766733697,330.45013638799065,332.2332623849475,16583300,MSFT,61.28850906736531,1.3802184578954666,-0.3899030300351377,1.7701214879306044,324.2681608433007,323.32343502611377,2023-09-18,-0.0262768629499257,-1,0,0.595,2023
2023-09-12,326.8444519042969,331.7899430173362,326.5587789605408,330.8343426682216,17565500,MSFT,53.0088593197077,1.3838789794464788,-0.0351466281388144,1.4190256075852932,324.5135218967289,323.46151411937586,2023-09-19,-0.0094040740654632,0,1,0.42,2023
2023-09-13,331.0707702636719,331.8490501523294,326.2533840096043,326.39128990249543,16544400,MSFT,57.32559848206894,1.7081184141223955,0.3135063803134276,1.394612033808968,325.1380217411996,323.759916321113,2023-09-20,-0.0454977896999287,-1,-1,0.475,2023
2023-09-14,333.671630859375,335.79953678134956,331.573248286681,334.1149320662403,20267000,MSFT,59.77455049775177,2.150162481242262,0.6808376004991945,1.4693248807430674,325.95074641912106,324.148611008888,2023-09-21,-0.0565988692628111,-1,0,0.425,2023
2023-09-15,325.31744384765625,332.3908399335854,324.75589904418035,331.91798541655635,37679800,MSFT,49.874009593457224,1.8055591541906324,0.905781911237482,0.8997772429531503,325.89043188850536,324.1944475908005,2023-09-22,-0.0400034634139843,-1,-1,0.545,2023
2023-09-18,324.1747131347656,325.4948156439136,321.5147857988126,322.93340970271976,16834200,MSFT,48.68613046283984,1.4238366142564018,1.009392851841266,0.4144437624151358,325.7270301024349,324.19367369056386,2023-09-25,-0.0350089907731255,-1,-1,0.475,2023
2023-09-19,323.7707824707031,324.49981670881084,319.69226147159173,321.32762034749874,16505900,MSFT,48.24867787296333,1.0763178007729266,1.022777841627598,0.0535399591453285,325.5407208041747,324.1770897211576,2023-09-26,-0.0502358256480315,-1,1,0.445,2023
2023-09-20,316.0077819824219,324.69684594431357,315.7516624314958,324.6180468666076,21436500,MSFT,40.683024510943355,0.1725088019612712,0.8527240336943328,-0.6802152317330615,324.63282186876967,323.85672471179544,2023-09-27,-0.0248775874478497,-1,1,0.435,2023
2023-09-21,314.78619384765625,320.5197962034768,310.3234483172927,314.5202131437501,35560400,MSFT,39.62993743140517,-0.6350181999034135,0.5551755869747835,-1.190193786878197,323.69504777152076,323.5010176190841,2023-09-28,-0.0184332123370102,0,0,0.465,2023
2023-09-22,312.3036193847656,316.6777047127133,311.45637147338414,316.54962990690495,21447900,MSFT,37.50520263855436,-1.4584995038182456,0.1524405688161777,-1.6109400726344232,322.61014982992504,323.0619039628363,2023-09-29,-0.0039747634377658,0,1,0.43,2023
2023-09-25,312.82568359375,312.9537583724927,310.3233850234369,311.8897756448626,17836000,MSFT,38.254907127479534,-2.0454099388887244,-0.2871295327248027,-1.7582804061639217,321.67829590267024,322.66048355620546,2023-10-02,0.0134156082645118,0,1,0.475,2023
2023-09-26,307.5058898925781,311.1903551044682,305.41733879749364,310.4514898305648,26297600,MSFT,33.80471211493952,-2.9063015443635436,-0.8109639350525509,-2.095337609310993,320.32854294932815,322.066185765475,2023-10-03,0.004004623498204,0,-1,0.405,2023
2023-09-27,308.1462707519531,309.6338325713444,305.0922879071992,307.6635249378913,19410100,MSFT,34.788149357706075,-3.496584510932223,-1.3480880502284855,-2.1484964607037376,319.1683265495781,321.5203067453369,2023-10-04,0.0197255969569005,0,-1,0.68,2023
2023-09-28,308.9836730957031,310.79635260217924,304.8558759902322,306.37299129807553,19683600,MSFT,36.124542119926005,-3.8524084771363505,-1.8489521356100589,-2.0034563415262916,318.198359553971,321.0286740531944,2023-10-05,0.0182372411757809,0,-1,0.775,2023
2023-09-29,311.0622863769531,314.7270594095326,310.303728837514,313.03259381243663,24147300,MSFT,39.44198482740212,-3.921470542442876,-2.2634558169766223,-1.6580147254662534,317.51873353711215,320.63783532079276,2023-10-06,0.0364530605601611,1,-1,0.785,2023
2023-10-02,317.0224304199219,317.11112070459063,310.50071811094256,311.58439313158186,20570000,MSFT,47.81169364854585,-3.455436789127816,-2.501852011406861,-0.953584777720955,317.47146657357024,320.4960547364449,2023-10-09,0.0249225298225648,1,-1,0.74,2023
2023-10-03,308.7373352050781,316.6185648747961,306.58967727105596,316.066851138571,21033500,MSFT,39.615232925629755,-3.711851708493839,-2.743851950824257,-0.967999757669582,316.63964453847575,320.03492848031283,2023-10-10,0.0478638054583977,1,-1,0.775,2023
2023-10-04,314.2246398925781,315.2886228065035,309.3382855829603,309.36783899365224,20720100,MSFT,46.19433321573519,-3.43271257670375,-2.881624076000156,-0.5510885007035942,316.4096440960093,319.8070740258919,2023-10-11,0.0421997233432327,1,-1,0.755,2023
2023-10-05,314.6186828613281,315.22950343215035,310.22490561454885,314.35270217569223,16965600,MSFT,46.64389811438732,-3.143460967945657,-2.933991454389256,-0.2094695135564008,316.239076359373,319.60360770571293,2023-10-12,0.036948908401778,1,-1,0.645,2023
2023-10-06,322.4014587402344,324.3027984562463,311.6041508921413,311.8504393547701,25673600,MSFT,54.69548506214608,-2.2601682018782867,-2.7992268038870627,0.539058602008776,316.825969919455,319.71332735412557,2023-10-13,0.0014362317549676,0,0,0.45,2023
2023-10-09,324.9234313964844,325.3962859760922,318.3819957765028,319.9286944478217,19891200,MSFT,56.96190789766452,-1.3411898034423189,-2.507619403798114,1.1664296003557952,317.5971567267911,319.9176451597083,2023-10-16,0.0085500349344247,0,0,0.525,2023
2023-10-10,323.5146789550781,326.1844374022075,322.80536699864604,326.0465014357721,20557100,MSFT,55.297782086702746,-0.7182873805811028,-2.1497529991547117,1.431465618573609,318.1607302723423,320.05870530854634,2023-10-17,0.0111756243250003,0,0,0.44,2023
2023-10-11,327.4848327636719,327.87888826275554,324.25352956797366,326.2927750434713,20063200,MSFT,58.938551923359945,0.094634620700333,-1.700875475183703,1.795510095884036,319.04874003342127,320.34992599306105,2023-10-18,-0.0069490112918404,0,0,0.61,2023
2023-10-12,326.2434997558594,328.6768305739905,323.8397223458632,325.66226268620113,19313100,MSFT,57.3653676745072,0.6314371496201261,-1.2344129502229373,1.8658500998430632,319.73395524508203,320.58104653277866,2023-10-19,0.0004832396927807,0,0,0.51,2023
2023-10-13,322.864501953125,328.8739167563427,321.51481584137593,327.4454616246399,21072400,MSFT,53.2024657616634,0.7752633843149965,-0.8324776833153505,1.607741067630347,320.0321025506099,320.6705938041648,2023-10-20,-0.0032344249663315,0,1,0.515,2023
2023-10-16,327.7015380859375,331.14957600318263,325.6918161389676,326.13511726105344,22158000,MSFT,57.91105242945201,1.2649732781115404,-0.4129874910299723,1.6779607691415128,320.76252498254587,320.94631710933237,2023-10-23,-0.0099807936656347,0,0,0.505,2023
2023-10-17,327.1301574707031,328.50936673162636,322.5491984669727,324.6968264635894,18338500,MSFT,57.17917835629993,1.5886532509179006,-0.0126593426403977,1.6013125935582984,321.36896617189416,321.1888206529155,2023-10-24,-0.0046077201515271,0,0,0.46,2023
2023-10-18,325.2091369628906,330.60779111602983,323.42601082295175,327.5538080369347,23153600,MSFT,54.67726167144607,1.670900559463007,0.3240526377802832,1.3468479216827238,321.73469672341764,321.3464801160518,2023-10-25,0.031989349551863,1,-1,0.4,2023
2023-10-19,326.4011535644531,331.87860610828534,325.99723691191247,327.2188179633477,25052100,MSFT,55.96482801532479,1.8113873755764305,0.6215195853395127,1.1898677902369177,322.1791211844686,321.5447026042244,2023-10-26,-0.0103526591010641,0,-1,0.55,2023
2023-10-20,321.8202209472656,326.9922786523629,320.6183320494055,326.7952358568411,25027700,MSFT,50.0770855794215,1.535382280555439,0.8042921243826979,0.7310901561727408,322.1449402094969,321.555507245128,2023-10-27,0.0096119589527381,0,-1,0.45,2023
2023-10-23,324.4308166503906,327.79019430214015,319.57401623039823,320.63796897489897,24374700,MSFT,53.104914679880146,1.5098943872064297,0.9454125769474444,0.5644818102589854,322.36264272767727,321.66826447670695,2023-10-30,0.0242621801684872,1,-1,0.52,2023
2023-10-24,325.6228332519531,326.91338212242727,322.7363402860532,326.38139073578424,31153600,MSFT,54.46298833115238,1.567808109781765,1.0698916835143086,0.4979164262674567,322.6731370633226,321.823345605148,2023-10-31,0.0229328766264396,1,-1,0.535,2023
2023-10-25,335.61236572265625,341.0602651549816,332.607628527267,339.8977607961559,55053800,MSFT,63.89855729136527,2.3922011310033895,1.334353573012125,1.0578475579912645,323.90544455468773,322.36409149210914,2023-11-01,0.0158510971647158,0,0,0.575,2023
2023-10-26,323.02203369140625,336.5580347592235,322.08612573008594,335.48422092515744,37828500,MSFT,49.87235378653444,2.0064745766926535,1.4687777737482308,0.5376968029444227,323.82131018675614,322.3898931469835,2023-11-02,0.0623075421647636,1,-1,0.73,2023
2023-10-27,324.9135437011719,331.7209594661993,323.52447335800804,325.524334192952,29856500,MSFT,51.59155366229253,1.8322910425935677,1.5414804275172982,0.2908106150762692,323.9253324262243,322.4888598353831,2023-11-03,0.069706794560264,1,-1,0.74,2023
2023-10-30,332.3022155761719,334.41045907381,326.9035620962308,328.46012188812404,22828100,MSFT,57.69509883587697,2.264351374366697,1.6860546168871782,0.578296757479519,324.7231308214574,322.87369731541406,2023-11-06,0.0569801537880989,1,-1,0.58,2023
2023-10-31,333.0903015136719,333.9671027335216,329.721092711598,333.8193356921157,20265300,MSFT,58.29904592362879,2.639922861518073,1.8768282658133573,0.7630945957047159,325.5200042207159,323.2743484604438,2023-11-07,0.0663100956572066,1,-1,0.525,2023
2023-11-01,340.93218994140625,342.2621536122384,334.6074891841975,334.74542515005817,28158800,MSFT,63.83208176175875,3.5296531848717336,2.207393249625033,1.3222599352467008,326.9878314322102,323.96681283224626,2023-11-08,0.0494985260031941,1,0,0.86,2023
2023-11-02,343.14874267578125,343.6511506169798,339.65142901556914,342.08475984776277,24348100,MSFT,65.23614762767102,4.363330400670236,2.6385806798340736,1.7247497208361624,328.52696583635986,324.71904537513,2023-11-09,0.0355133775358853,1,0,0.845,2023
2023-11-03,347.5622253417969,349.12864623567805,342.1734332140444,344.43930484102884,23637700,MSFT,67.90763844633204,5.318844438819326,3.174633431631124,2.144211007188202,330.33984769402053,325.61485635421496,2023-11-10,0.0478176199163415,1,0,0.93,2023
2023-11-06,351.2368469238281,352.2318617799553,348.1040653780775,348.2025867608286,23828300,MSFT,69.9763732497619,6.299985142615924,3.799703773828084,2.5002813687878396,332.33003809685937,326.6196402981214,2023-11-13,0.0284689055287237,1,0,0.86,2023
2023-11-07,355.17755126953125,357.0788911715452,352.32061083645385,354.064322499224,25833900,MSFT,72.0566785966808,7.311248603166575,4.5020127396957825,2.809235863470793,334.5059917323519,327.7395583754316,2023-11-14,0.0270155204409381,1,0,0.665,2023
2023-11-08,357.8078308105469,358.46786694409883,355.19714949082766,356.3103779664203,26767800,MSFT,73.38238050918154,8.230052832189983,5.247620758194623,2.9824320739953603,336.7252145017038,328.91870631406357,2023-11-15,0.0198797456332799,0,0,0.565,2023
2023-11-09,355.3351135253906,359.3742499704996,355.0099959471622,356.92119665439174,24847300,MSFT,70.01925863239346,8.658870118994287,5.929870630354556,2.7289994886397304,338.49758583729306,329.9546438517627,2023-11-16,0.0450345300658618,1,0,0.685,2023
2023-11-10,364.1818237304687,364.60543265510057,355.70949491528955,356.12324268113645,28042100,MSFT,74.51875119465143,9.601881968388568,6.664272897961359,2.937609070427209,340.9437037318812,331.29688619994727,2023-11-17,0.0025176163593108,0,0,0.58,2023
2023-11-13,361.2361755371094,362.9996091955093,360.4677568025591,362.7533207541214,19986500,MSFT,70.71330101589281,9.99630527692358,7.330679373753803,2.665625903169776,342.87632009428387,332.4709759778752,2023-11-20,0.0314337592835067,1,0,0.515,2023
2023-11-14,364.7728576660156,366.4279387672935,361.8962256351267,365.5018918638483,27683900,MSFT,72.52731806704153,10.473536867660982,7.959250872535239,2.5142859951257437,344.961704624925,333.73771643623365,2023-11-21,0.0096072267789586,0,0,0.61,2023
2023-11-15,364.92095947265625,368.3365013226611,362.39381940746347,366.51026176358704,26860100,MSFT,72.60384416708852,10.739894105746655,8.515379519177523,2.224514586569134,346.86258603899466,334.9605887121718,2023-11-22,0.0221279456886884,1,0,0.6,2023
2023-11-16,371.33746337890625,371.5151437395558,365.4243947338304,366.19437308883926,27182300,MSFT,75.754894827323,11.338044457386443,9.079912506819309,2.2581319505671367,349.1935267380339,336.3871328167496,2023-11-24,0.003349445010867,0,0,0.585,2023
2023-11-17,365.09869384765625,369.5606164050821,362.28530061072286,368.8103701750915,40157000,MSFT,67.61206898265333,11.179792668202367,9.49988853909592,1.679904129106447,350.7083045579979,337.5130763865891,2023-11-27,0.023685102269777,1,1,0.425,2023
2023-11-20,372.5911865234375,374.0028086735615,366.2339161351991,366.4510910910283,52465100,MSFT,71.56508400141267,11.526092902457208,9.905129411768176,1.6209634906890305,352.79238855470646,338.88868854881844,2023-11-28,0.013935953178408,0,0,0.45,2023
2023-11-21,368.2773132324219,371.38684030809384,366.35235211982354,370.8439180073763,28423100,MSFT,66.5301961262852,11.321932619442464,10.188490053303036,1.1334425661394292,354.2671432859174,340.04118363444996,2023-11-29,0.0154930790105927,0,1,0.41,2023
2023-11-22,372.9959106445313,374.910990611704,370.15290409014983,373.14397762641977,23345300,MSFT,69.09169424758875,11.409365437767915,10.432665130196012,0.976700307571905,356.0508354153092,341.33352587013945,2023-11-30,0.0028052752625726,0,1,0.38,2023
2023-11-24,372.5812377929687,373.11430897435366,370.3206785780063,372.48251644448624,10176600,MSFT,68.59486194801079,11.314766359262762,10.609085376009364,0.7056809832533997,357.6251594512768,342.5589263377014,2023-12-01,-0.0077364236216966,0,1,0.375,2023
2023-11-27,373.74609375,375.7500438550152,371.3670808246685,371.9396164792958,22179200,MSFT,69.26349790330143,11.204630048068736,10.728194310421236,0.476435737647499,359.16048652734565,343.7819525107327,2023-12-04,-0.0250124276225712,-1,0,0.34,2023
2023-11-28,377.7835998535156,378.07973380889825,373.3019152003715,373.4894767472904,20453100,MSFT,71.52635793376092,11.312733082620923,10.845102064861177,0.4676310177597482,360.93411636793326,345.1153504457438,2023-12-05,-0.0266006409292739,-1,0,0.435,2023
2023-11-29,373.9830627441406,379.363030571208,372.5911728680929,378.8299894382341,28963400,MSFT,66.55898880723458,10.96533240771737,10.869148133432414,0.0961842742849548,362.1768731656673,346.24741759470055,2023-12-06,-0.0265277493645895,-1,1,0.38,2023
2023-11-30,374.0422668457031,375.2071005292818,370.64645702621425,373.6276491974568,30554400,MSFT,66.5979045689445,10.572914173000584,10.809901341346048,-0.2369871683454647,363.3069106590041,347.3374116829752,2023-12-07,-0.0210076728350082,-1,1,0.38,2023
2023-12-01,369.69879150390625,373.3018950187399,366.5398888981319,371.91988642578656,33040500,MSFT,60.99030270045542,9.798486877247228,10.607618448526283,-0.8091315712790568,363.91566121566143,348.214328538698,2023-12-08,-0.0007476294524896,0,-1,0.42,2023
2023-12-04,364.3977966308594,364.77288959280634,358.23793933360014,364.3583020623017,32063300,MSFT,54.91318121701409,8.65720679096097,10.217536117013225,-1.560329326052253,363.9615788742517,348.8489743462338,2023-12-11,0.0058514711211434,0,-1,0.425,2023
2023-12-05,367.73431396484375,368.287117368969,360.9229626368156,361.7423166959654,23065000,MSFT,57.765666786066745,7.930544780872594,9.760137849785098,-1.8295930689125033,364.3208869781176,349.5895758999048,2023-12-12,0.0049932289995666,0,-1,0.615,2023
2023-12-06,364.0621337890625,369.3730234915096,363.3020365748813,368.74126102951465,21182100,MSFT,53.736126520700154,6.977908664577285,9.203692012743536,-2.2257833481662512,364.2962438172552,350.1571271896757,2023-12-13,0.0151030362490305,0,-1,0.49,2023
2023-12-07,366.18450927734375,366.6780859011841,361.6139849204982,363.49945123863137,23118900,MSFT,55.66122232871154,6.321327317091118,8.627219073613054,-2.3058917565219357,364.47607862297787,350.7856519774274,2023-12-14,-0.0135327266117705,0,-1,0.645,2023
2023-12-08,369.4223937988281,369.6494197796378,363.4994739427989,364.45701385787805,20154400,MSFT,58.49847632298291,5.993166595650962,8.100408578020636,-2.1072419823696737,364.94715625877313,351.5165045978745,2023-12-15,-0.0093525667783511,0,-1,0.755,2023
2023-12-11,366.5300598144531,366.8262239214434,361.3968800074771,363.7463100121513,27708800,MSFT,55.106233031002105,5.4370349251634025,7.567733847449189,-2.130698922285787,365.0979089783617,352.10527146911284,2023-12-18,0.0036357484149021,0,-1,0.515,2023
2023-12-12,369.5704956054687,369.6099901767129,365.7008410128808,366.0858453000663,24838300,MSFT,57.87181936796331,5.181900603407541,7.09056719864086,-1.9086665952333188,365.52386960951475,352.7901822195582,2023-12-19,-0.0029917211157707,0,-1,0.62,2023
2023-12-13,369.5605773925781,372.7885879751983,366.00681947505166,371.1893743181654,30955500,MSFT,57.85929786083124,4.922164845978955,6.656886728108479,-1.7347218821295245,365.9083179698065,353.4478447753629,2023-12-20,-0.0100167955420424,0,-1,0.54,2023
2023-12-14,361.2290344238281,368.95846237315817,359.45217036391796,368.5142312954152,43277500,MSFT,48.38810318817709,3.9979506129254783,6.12509950507188,-2.1271488921464012,365.46267191780856,353.7529894674596,2023-12-21,0.0207962436996023,1,0,0.565,2023
2023-12-15,365.96734619140625,367.6158752980434,361.574502046974,362.13718664647274,78502300,MSFT,53.091051245959335,3.6062754361470866,5.621334691286922,-2.0150592551398354,365.5107361343417,354.23198384879083,2023-12-22,0.0103849076944346,0,0,0.725,2023
2023-12-18,367.8626708984375,368.2081805782412,363.943671095841,364.70379841651464,21802900,MSFT,54.862790246976125,3.409504257908395,5.178968604611217,-1.7694643467028222,365.73472992139847,354.7665205958358,2023-12-26,0.0053938386563801,0,0,0.74,2023
2023-12-19,368.46484375,368.46484375,365.0887662696819,366.7175631601881,20603700,MSFT,55.43866032714203,3.2645206362459476,4.796079010938164,-1.5315583746922163,365.9947407622177,355.30370973913637,2023-12-27,0.0021700606666172,0,0,0.68,2023
2023-12-20,365.8587646484375,371.19926781243174,365.7699244632415,370.18250108115,26316700,MSFT,52.32717200427293,2.905834615317417,4.418030131814015,-1.5121955164965977,365.98179065614335,355.71763346106974,2023-12-28,0.0125735081903763,0,0,0.605,2023
2023-12-21,368.7412414550781,369.6000599811611,365.28620500497976,367.7738204038608,17708000,MSFT,55.314513363138694,2.8216390494180814,4.098751915334828,-1.277112865916747,366.2445954941371,356.228363186325,2023-12-29,0.006692756953559,0,0,0.6,2023
2023-12-22,369.7678833007813,370.3601813274184,367.9219113827599,368.8794513235901,17107500,MSFT,56.36333894661353,2.805415786910089,3.840084689649881,-1.0346689027397915,366.5801467138175,356.7593247594409,2024-01-02,-0.0099044662368524,0,0,0.52,2023
2023-12-26,369.8468627929687,372.097571135072,368.70176133814033,370.18249130335374,12673100,MSFT,56.448027490975306,2.767035061679053,3.6254747640557152,-0.8584397023766623,366.89126253087954,357.2725615450695,2024-01-03,-0.0108364932104929,0,0,0.565,2023
2023-12-27,369.2644348144531,370.24170692184094,368.0206120410306,368.8893117478318,14905400,MSFT,55.59120313153356,2.658970038648647,3.432173818974302,-0.7732037803256548,367.1172789388389,357.74283108504534,2024-01-04,-0.016387195531393,0,0,0.68,2023
2023-12-28,370.4588928222656,371.62372649746874,369.3532859355964,370.5477330050664,14327000,MSFT,57.03167505713225,2.639286456685056,3.273596346516453,-0.6343098898313966,367.43552788011766,358.24150017277947,2024-01-05,-0.0200650010045969,-1,1,0.46,2023
2023-12-29,371.2091369628906,372.3147438435589,368.6820269140694,371.169642395573,18730800,MSFT,57.95419314746259,2.6536360437813187,3.149604285969426,-0.4959682421881073,367.7949192213341,358.75003494886226,2024-01-08,-0.0035901665773167,0,1,0.525,2023
2023-01-03,367.1507568359375,372.55937594221024,364.26806065159514,370.5733204614803,74850700,SPY,44.1552673078176,-2.7019282999449388,-1.7452473820886514,-0.9566809178562874,371.9296682449474,372.87497201296526,2023-01-10,0.0256289775007405,1,1,0.39,2023
2023-01-04,369.9852294921875,372.0291289605922,366.3601824820073,369.42603168461426,85934100,SPY,47.31410402395404,-2.4958389753865617,-1.8953657007482336,-0.6004732746383281,371.74448360182737,372.7616487768563,2023-01-11,0.030644170959369,1,0,0.415,2023
2023-01-05,365.762451171875,368.1341431242466,365.1647103029351,368.0184551395709,76970500,SPY,43.3775129468515,-2.6427901799838764,-2.0448505965953623,-0.5979395833885142,371.1747662275462,372.4871704394061,2023-01-12,0.0463386660864004,1,1,0.455,2023
2023-01-06,374.1502075195313,375.2782243767106,365.7914257805464,368.87654703027266,104189600,SPY,51.93240080686365,-2.058696854656091,-2.0476198482075083,-0.0110770064485827,371.4581415886876,372.5523875798032,2023-01-13,0.0268499889968756,1,0,0.455,2023
2023-01-09,373.9380798339844,379.5684838740749,373.7549267913876,376.3579949259514,73978100,SPY,51.719578772827354,-1.5945348128086607,-1.957002841127739,0.3624680283190782,371.6943261834778,372.60672845251617,2023-01-17,0.0255504621934363,1,0,0.445,2023
2023-01-10,376.5604553222656,376.6279497940512,372.405161403227,373.3499957416968,65358100,SPY,54.21739725484029,-1.003511409870896,-1.7663045548763705,0.7627931450054746,372.15776705383854,372.76177656505536,2023-01-18,0.0023297422922663,0,0,0.45,2023
2023-01-11,381.3231201171875,381.40026505855445,377.3317373555937,378.15123318011456,68881100,SPY,58.42435933250047,-0.1490951827905746,-1.4428626804592115,1.2937674976686369,373.0306578217765,373.09751552788407,2023-01-19,-0.0173948451869022,0,0,0.81,2023
2023-01-12,382.7113952636719,384.1864758264008,378.3343765143963,382.4318257911068,90157700,SPY,59.59000650631575,0.6327639262686944,-1.0277373591136305,1.6605012853823249,373.9526328162427,373.4745304194836,2023-01-20,-0.002720584605931,0,0,0.535,2023
2023-01-13,384.1961364746094,384.77460580166553,379.2213473374017,379.4912957670716,63903900,SPY,60.85408632140373,1.3565615137116538,-0.5508775845485735,1.9074390982602272,374.92820459323,373.8949855589003,2023-01-23,0.0053451575178014,0,0,0.67,2023
2023-01-17,383.4923706054687,385.8640921633841,382.80786369509906,384.1769069380138,62677300,SPY,59.89764661740067,1.8520391380878325,-0.0702942400212923,1.9223333781091243,375.74383945153846,374.27135359994224,2023-01-24,0.0061091279374847,0,0,0.53,2023
2023-01-18,377.437744140625,385.7579813271269,377.23529017482616,384.6878380857325,99632300,SPY,52.28418702544468,1.7361378535734389,0.2909921786976539,1.445145674875785,375.9051637076419,374.3955257780082,2023-01-25,0.0226316070337033,1,0,0.46,2023
2023-01-19,374.6900634765625,377.0424543796125,373.35959286713046,375.38419135399994,86958900,SPY,49.226222889594915,1.406358755996564,0.514065494157436,0.892293261839128,375.7894398761105,374.40707627599073,2023-01-26,0.0414522289092449,1,0,0.56,2023
2023-01-20,381.6701965332031,381.82445698690145,374.4394032658181,376.09766636535863,91806400,SPY,56.22983853178831,1.688777669752426,0.749007929276434,0.939769740475992,376.3495119386908,374.6919045213716,2023-01-27,0.0247548308412963,1,0,0.62,2023
2023-01-23,386.2497253417969,388.1972085363031,381.51596216179814,382.48006799669383,84178800,SPY,60.116835640085675,2.256119257343528,1.050430194889853,1.205689062453675,377.2923894056533,375.1451523966824,2023-01-30,-9.978958855638707e-05,0,0,0.635,2023
2023-01-24,385.8351745605469,386.751057468591,383.3670659279474,384.5625477718758,59524900,SPY,59.60085879548085,2.6418373134209787,1.3687116185960782,1.2731256948249006,378.1059879918336,375.5643689521281,2023-01-31,0.0156921824303903,0,0,0.555,2023
2023-01-25,385.9797668457031,386.3172097635749,379.43348015881935,381.73770716693184,84800300,SPY,59.73068441835858,2.9254660887827413,1.680062512633411,1.2454035761493305,378.8558716922022,375.97281592834673,2023-02-01,0.0261021198573505,1,0,0.625,2023
2023-01-26,390.2218017578125,390.3857126808354,385.6712214473941,388.6599551525802,72287400,SPY,63.44243932824202,3.4527396682939298,2.034597943765515,1.418141724528415,379.93834122226025,376.531599686365,2023-02-02,0.029722085014626,1,0,0.77,2023
2023-01-27,391.1183776855469,393.5093703179841,388.9587904189389,389.1708948413501,68346200,SPY,64.19365146724365,3.898020014929102,2.4072823579982323,1.49073765693087,381.0031065997161,377.1036301961368,2023-02-03,0.0164416552936614,0,0,0.865,2023
2023-01-30,386.211181640625,390.5882306953244,385.91231116331727,388.34184745625726,74202000,SPY,57.25849399833249,3.811007268510707,2.6880273401007275,1.1229799284099795,381.49911374646933,377.4607890763128,2023-02-06,0.0230657852067202,1,0,0.74,2023
2023-01-31,391.8897705078125,391.9379640331649,386.3847047235713,386.7317981415092,86811800,SPY,62.330150516625174,4.152397450682088,2.980901362217,1.171496088465088,382.4887001046925,378.0266314853913,2023-02-07,0.0214278861473833,1,0,0.81,2023
2023-02-01,396.0546569824219,398.8216653857442,387.9079805000196,390.6653090079228,101459200,SPY,65.55815306896713,4.704789278555211,3.325678945484642,1.3791103330705687,383.7806959978096,378.73361287743165,2023-02-08,-0.0003650045897188,0,0,0.92,2023
2023-02-02,401.8200073242187,403.2950879962849,398.0600006524984,399.9689112738937,101654500,SPY,69.45956988964747,5.543873053829316,3.769317767153577,1.7745552866757386,385.4987256479438,379.63896167926646,2023-02-09,-0.023249697459633,-1,0,0.91,2023
2023-02-03,397.5490112304687,402.003175080454,396.3342285724101,396.8162814466019,94736800,SPY,63.70275470436566,5.797390590467614,4.174932331816385,1.6224582586512293,386.64637189389856,380.34131656362734,2023-02-10,-0.0104523060998614,0,0,0.55,2023
2023-02-06,395.1194458007813,396.5270613769811,393.4515616867472,395.0809027548212,60295300,SPY,60.62464890909536,5.73613682460558,4.487173230374225,1.2489635942313555,387.45333131360167,380.92085104351577,2023-02-13,0.0073201509445153,0,0,0.65,2023
2023-02-07,400.2871398925781,401.54046582162954,392.94065747845775,394.1939834075091,90990700,SPY,64.54850250985001,6.035014607112203,4.796741505721821,1.2382731013903818,388.6755987973137,381.6803133513221,2023-02-14,-0.0061417550831925,0,0,0.66,2023
2023-02-08,395.91009521484375,399.65083093971896,395.21593776670016,398.3010885189336,76227500,SPY,59.17002933782289,5.851237059489165,5.00764061647529,0.8435964430138752,389.3645984561261,382.23834401263673,2023-02-15,0.0081089589277325,0,0,0.52,2023
2023-02-09,392.4778137207031,399.68933546019633,391.2437595140588,399.5350750065941,78694900,SPY,55.28021258551908,5.366770804018415,5.079466653983915,0.2873041500345001,389.6610951479906,382.6398918443256,2023-02-16,0.0029232438357034,0,0,0.705,2023
2023-02-10,393.3937072753906,393.779343679984,390.4724681128925,391.291934439339,70769700,SPY,56.10938681059181,4.999106177410795,5.063394558669291,-0.0642883812584962,390.0165820172668,383.06161009652425,2023-02-17,-0.0019114518384342,0,0,0.69,2023
2023-02-13,398.01177978515625,398.1467687182115,393.58653774588544,394.0493191164229,64913500,SPY,60.12412070106481,5.022473223697716,5.055210291674976,-0.0327370679772602,390.7780294237325,383.6478912607843,2023-02-21,-0.0332824977668387,-1,0,0.53,2023
2023-02-14,397.82867431640625,400.1521436533387,393.8469122256662,396.47890251317574,88389300,SPY,59.89020135554911,4.968937872441586,5.037955807828299,-0.0690179353867126,391.4495194135109,384.2040004002205,2023-02-22,-0.0341703967075915,-1,0,0.535,2023
2023-02-15,399.1205139160156,399.197629431214,394.7723875146133,395.62080529265984,61555700,SPY,61.041818289059535,4.973420880144886,5.025048822291616,-0.0516279421467302,392.18009031851136,384.7889617145654,2023-02-23,-0.032175389293216,-1,0,0.56,2023
2023-02-16,393.6251220703125,398.0889367137734,393.49016255536645,394.1168254524312,76431500,SPY,53.94615770326059,4.481877210396021,4.916414499912498,-0.4345372895164763,392.31771239011147,385.1354778069477,2023-02-24,-0.0291466911784088,-1,0,0.695,2023
2023-02-17,392.6417541503906,392.8827806105974,389.546953217369,391.4848153725278,89257800,SPY,52.76418709316565,3.967243820708461,4.72658036407169,-0.7593365433632293,392.34857351013807,385.4298415851219,2023-02-27,-0.0234004361077981,-1,0,0.695,2023
2023-02-21,384.7649536132813,389.6529767429575,384.5046556572443,388.59245455177944,82655900,SPY,44.376898260005014,2.8904815059335647,4.359360592444065,-1.4688790865105004,391.6263239961517,385.4037675470105,2023-02-28,-0.0070909863580028,0,0,0.51,2023
2023-02-22,384.2347106933594,386.7317410347287,382.76925113518234,385.1795154904237,83742300,SPY,43.87133798571479,1.9716257670600044,3.881813627367253,-1.9101878603072489,390.9223608244572,385.35792218020066,2023-03-01,-0.0095347299887066,0,0,0.64,2023
2023-02-23,386.2786560058594,387.7633872631166,382.0269456479242,387.1463453922965,96242400,SPY,46.40595090132987,1.392305645953229,3.3839120310844484,-1.9916063851312191,390.4801032226859,385.3940293890501,2023-03-02,-0.0071133666240598,0,0,0.86,2023
2023-02-24,382.1522521972656,382.9910195148354,379.5106117861291,381.22671889051696,108194400,SPY,42.25722219637224,0.593383815386801,2.825806387944919,-2.232422572558118,389.6869745535983,385.2669008717252,2023-03-03,0.0197033867005154,0,0,0.655,2023
2023-02-27,383.4537658691406,386.8859797645478,382.5089317029465,385.51693674187226,80444700,SPY,43.959023098656814,0.0645101519828017,2.2735471407524956,-2.209036988769694,389.093335631269,385.1957975382905,2023-03-06,0.0169463414005222,0,0,0.54,2023
2023-02-28,382.0365905761719,384.9481796286304,381.9305236339624,382.97177442031335,96438600,SPY,42.4905599491799,-0.4636357347612261,1.7261105656497513,-2.1897463004109774,388.4212646736407,385.07190706918783,2023-03-07,0.0050723824396945,0,0,0.735,2023
2023-03-01,380.5711364746094,382.4511546641235,379.2599666320869,381.2171003443828,99706800,SPY,40.96658403206724,-0.9890439705427524,1.1830796584112506,-2.172123628954003,387.67363341659006,384.8954062615573,2023-03-08,0.0105892640704443,0,0,0.75,2023
2023-03-02,383.5309143066406,384.37933209244466,378.24760409097087,378.5850469951666,85127800,SPY,45.23858996837891,-1.1533098100323969,0.7158017647225212,-1.869111574754918,387.279088739452,384.8418967731292,2023-03-09,-0.0157109493416413,0,0,0.65,2023
2023-03-03,389.6819458007813,389.932622736836,384.7071560849435,385.3627410015129,90120000,SPY,52.87151403581338,-0.7781844105554683,0.4170045296669233,-1.1951889402223916,387.5079322691024,385.0317026173509,2023-03-10,-0.0452262172316322,-1,0,0.505,2023
2023-03-06,389.951904296875,392.82495039531767,389.508423832745,390.5110727584148,72795900,SPY,53.17996193394029,-0.4538793952021933,0.2428277446931,-0.6967071398952933,387.74069150984263,385.2246517028224,2023-03-13,-0.0472469592917295,-1,0,0.525,2023
2023-03-07,383.9744262695313,390.1447272469827,383.35741382509144,389.903700784494,108310600,SPY,46.00086242971777,-0.6714577084861162,0.0599706540572568,-0.731428362543373,387.38199958219394,385.175623254458,2023-03-14,-0.0164209016732853,0,0,0.49,2023
2023-03-08,384.6011047363281,385.3627271463526,382.35472171054704,384.0901298311711,74746600,SPY,46.811544921715395,-0.7842816636109546,-0.1088798094763855,-0.6754018541345691,387.11715245401626,385.1530931164922,2023-03-15,-0.0241655517520221,-1,0,0.46,2023
2023-03-09,377.5052795410156,387.0692223989096,376.5122517048481,385.3916582338548,111945300,SPY,39.56800379694301,-1.4297875510002314,-0.3730613577811547,-1.0567261932190766,386.20173598611143,384.8531788586303,2023-03-16,0.0116202036637882,0,0,0.645,2023
2023-03-10,372.05810546875,379.04787313232737,370.5251806428473,376.9557504169195,189253000,SPY,35.080390702660594,-2.3537643112609317,-0.7692019484771101,-1.5845623627838217,384.85472355588655,384.3514112747134,2023-03-17,0.014429115128449,0,0,0.425,2023
2023-03-13,371.5278625488281,376.3773438241636,366.98693166745494,368.105298123534,157790000,SPY,34.6682068702178,-3.093152783011533,-1.2339921153839948,-1.859160667627538,383.5854986980715,383.8485270109532,2023-03-20,0.0256453285527415,1,-1,0.49,2023
2023-03-14,377.6692199707031,379.3274833182981,373.1571819360617,376.4833591054805,149752400,SPY,43.01905117674523,-3.147287286677795,-1.616651149642755,-1.53063613703504,383.0220435811793,383.6062012446689,2023-03-21,0.0222152460533806,1,-1,0.585,2023
2023-03-15,375.3070068359375,375.50946076296594,369.9369318681456,372.0387043252414,172996900,SPY,40.85583799360929,-3.3422724921904887,-1.9617754181523015,-1.380497074038187,382.2872781768706,383.2807426404049,2023-03-22,0.0111141919945096,0,-1,0.75,2023
2023-03-16,381.8919677734375,382.23906119137735,372.4244703488293,372.93544529070954,143254200,SPY,48.613119532704594,-2.9316540742338475,-2.155751149368611,-0.7759029248652367,382.2496295670198,383.226280880916,2023-03-23,-0.0036341374459438,0,-1,0.545,2023
2023-03-17,377.4265747070313,381.69451136775194,376.0329615306954,380.5525318171182,140553400,SPY,44.36381612449651,-2.9327490161836067,-2.31115072273161,-0.6215982934519966,381.7902910089256,382.99884142311663,2023-03-24,0.0147698235878286,0,-1,0.665,2023
2023-03-20,381.0558166503906,381.47198682153993,377.50406074647515,378.2105251914323,93055800,SPY,48.31789523297822,-2.610673057657664,-2.371055189716821,-0.2396178679408427,381.7203410700175,382.9226443732058,2023-03-27,0.0069842181560679,0,-1,0.535,2023
2023-03-21,386.0592346191406,386.54312726544555,382.8364930554503,384.4430201853183,91524200,SPY,53.25074881536688,-1.9294500264603016,-2.2827341570655175,0.3532841306052159,382.1335690270769,383.0456479122621,2023-03-28,-0.0082976104529275,0,-1,0.465,2023
2023-03-22,379.4782409667969,389.5238560781407,379.4395508235705,385.88500380601295,111746600,SPY,46.9088129318891,-1.898719794496003,-2.205931284551615,0.3072114900556117,381.8806806403835,382.9057496006752,2023-03-29,0.0235649421946235,1,-1,0.475,2023
2023-03-23,380.5041198730469,386.4269605683248,377.77495852225474,382.3622509167425,119351300,SPY,47.9494769469723,-1.77116907556956,-2.118978842755204,0.3478097671856441,381.74957961492294,382.81156804272905,2023-03-30,0.026782353636112,1,-1,0.505,2023
2023-03-24,383.0010986328125,383.0881957807216,376.8556550093847,379.2170539120387,107682400,SPY,50.49312514236241,-1.4518627243430728,-1.985555619072778,0.533692894729705,381.868771902341,382.8190006148892,2023-03-31,0.034465959850775,1,-1,0.45,2023
2023-03-27,383.7171936035156,386.0689343866717,382.8171603406036,385.2946884069106,74010400,SPY,51.2292172008046,-1.128024101367771,-1.8140493155317765,0.6860252141640055,382.0448120643576,382.8542238693451,2023-04-03,0.0364700928012522,1,-1,0.445,2023
2023-03-28,382.8558654785156,383.71717902610226,381.0073920360439,383.020372438021,62871700,SPY,50.26120199610181,-0.9301593428957062,-1.6372713210045626,0.7071119781088564,382.1220552466584,382.8542882461754,2023-04-04,0.0330385086319542,1,-1,0.365,2023
2023-03-29,388.4206237792969,388.6625700966461,385.8366241148439,387.0463557015899,77497900,SPY,56.04055263118775,-0.3206246466755829,-1.3739419861387667,1.0533173394631838,382.72191891643354,383.07257591414094,2023-04-05,0.0155724880884446,0,1,0.375,2023
2023-03-30,390.6949157714844,391.3239702747295,388.8174100307786,391.07233665964674,69840000,SPY,58.179300784215656,0.3420098713543211,-1.0307516146401492,1.3727614859944703,383.4812519502479,383.37149120266423,2023-04-06,0.0135992846905292,0,0,0.715,2023
2023-03-31,396.20159912109375,396.5016101717882,391.5174927401101,391.62396447054454,112062600,SPY,62.88751316584852,1.2965500045789895,-0.5652912907963215,1.861841295375311,384.69271358556654,383.8746326896615,2023-04-10,0.0005374830910038,0,0,0.845,2023
2023-04-03,397.7113952636719,398.11784856510405,395.2822446216,395.6790401531173,67391100,SPY,64.08149015509207,2.1500731630139285,-0.0222184000342714,2.1722915630482,385.9325880311003,384.4172508298188,2023-04-11,-0.0029931231141432,0,0,0.87,2023
2023-04-04,395.5048522949219,398.650154684929,394.12089679712534,398.35980135901855,66601500,SPY,60.993078278603896,2.618265108291837,0.5058783016309502,2.112386806660887,386.8442322467024,384.85205873041104,2023-04-12,-0.0015172181458457,0,0,0.94,2023
2023-04-05,394.46929931640625,395.5338690671422,392.80470739738206,394.7693104005503,65200200,SPY,59.54271804456573,2.872636165613244,0.979229874427409,1.893406291185835,387.5704291104837,385.2292054200579,2023-04-13,0.0144013950210313,0,0,0.91,2023
2023-04-06,396.0080871582031,396.28875317753113,392.6111511507287,393.6660336312441,63743300,SPY,61.02579505655282,3.1619454410299,1.4157729877479073,1.7461724532819929,388.3740155912189,385.6519066646911,2023-04-14,0.0079914349079901,0,0,0.955,2023
2023-04-10,396.41455078125,396.49199015006326,392.8918273963524,393.5111946745305,63681000,SPY,61.42801775969227,3.3850031345364187,1.8096190171056097,1.575384117430809,389.13978084741234,386.0739711398503,2023-04-17,0.0105709810964245,0,0,0.985,2023
2023-04-11,396.52099609375,397.9339543685014,395.74677966402794,397.0436084277674,59297900,SPY,61.53995861059459,3.529679265380139,2.1536310667605156,1.3760481986196234,389.8427537280159,386.4836583929444,2023-04-18,0.0109586552966167,0,0,0.98,2023
2023-04-12,394.90478515625,398.8920854547635,394.3144502918621,398.60173214018494,86420400,SPY,58.75194384612944,3.473876737375861,2.4176802008835847,1.056196536492276,390.3248519592763,386.8138986581721,2023-04-19,0.0149246845499002,0,0,1.0,2023
2023-04-13,400.1502075195313,400.5082833714351,394.8467331999566,395.9984001225183,85814800,SPY,64.39053296075437,3.809006720342211,2.69594550477531,1.1130612155669009,391.2606001078721,387.33689116253913,2023-04-20,-0.0038455255373615,0,0,0.935,2023
2023-04-14,399.1727600097656,401.7180403512791,396.8500809438844,399.5114908085219,78161500,SPY,62.67130539131004,3.950192441598461,2.9467948921399403,1.00339754945852,392.0141391461476,387.80104288203825,2023-04-21,-0.0006303472001307,0,0,0.83,2023
2023-04-17,400.60504150390625,400.624386577116,397.8468475466869,399.08561152475335,66436400,SPY,64.18051747582638,4.130047670701117,3.1834454478521756,0.9466022228489416,392.832320323077,388.30316047505266,2023-04-24,-0.003164540086993,0,0,0.84,2023
2023-04-18,400.8663330078125,402.32769823327624,399.4824071441347,402.1921941173824,63560000,SPY,64.46279244022368,4.244737583606479,3.3957038750030364,0.849033708603443,393.5974643882899,388.79583390770995,2023-04-25,-0.0196278232843478,0,0,0.76,2023
2023-04-19,400.7986145019531,401.7083055035842,398.8823889937934,398.94045374848343,55227300,SPY,64.32131905096138,4.280819229049428,3.572726945812315,0.7080922832371126,394.2832882086388,389.2665311859156,2023-04-26,-0.0236151896744849,-1,0,0.71,2023
2023-04-20,398.6114196777344,400.37279603669873,397.0532699649694,397.96299052248,75840400,SPY,59.75950654290565,4.085826979768797,3.6753469526036113,0.4104800271651854,394.69549120569553,389.63299740128105,2023-04-27,0.0012867391906672,0,0,0.755,2023
2023-04-21,398.921142578125,399.38566065512293,396.956539452246,398.9114552733656,73457400,SPY,60.19007712806043,3.9112003835855376,3.7225176387999968,0.1886827447855408,395.09793419354594,389.99723838860825,2023-04-28,0.0090488353291746,0,0,0.8,2023
2023-04-24,399.3373107910156,399.7631387473286,397.37270752939946,398.71791393293574,64332100,SPY,60.797064862047606,3.763011194059061,3.7306163498518097,0.0323948442072512,395.50168434568593,390.36351573772225,2023-05-01,0.0069794891056769,0,0,0.835,2023
2023-04-25,392.9981994628906,397.91456479869873,392.9401347138776,397.3532328456261,97766700,SPY,48.633334528373055,3.098341139690092,3.6041613078194663,-0.5058201681293744,395.2632572139911,390.466836668121,2023-05-02,0.0117220651254312,0,0,0.48,2023
2023-04-26,391.3336791992187,394.7015829292316,390.77237667811613,393.61766803712607,80447000,SPY,46.029202427915635,2.409497273897955,3.365228501035164,-0.9557312271372091,394.8890116887747,390.50083049287,2023-05-03,0.0090512353291551,0,0,0.68,2023
2023-04-27,399.1243286132813,399.3953073087713,393.6369731115294,393.88860673393543,92968400,SPY,57.49986554539733,2.463822434596864,3.184947287747504,-0.7211248531506405,395.2923752053944,390.8390068897489,2023-05-04,-0.0176523220618624,0,0,0.975,2023
2023-04-28,402.5309143066406,402.54060161022534,398.1758806560814,398.2339454086652,89433100,SPY,61.366426900613945,2.7500575595765895,3.0979693421133216,-0.3479117825367321,395.9817598817036,391.2975130629603,2023-05-05,-0.0079338093103382,0,0,0.985,2023
2023-05-01,402.1244812011719,404.1664940165015,401.89219264472746,402.08576151935387,62122300,SPY,60.65738366721323,2.9105541469782565,3.0604863030863085,-0.149932156108052,396.56678095974814,391.7221000487726,2023-05-08,-0.0066664819988745,0,0,0.985,2023
2023-05-02,397.6049499511719,401.4567464732482,394.6822486773491,401.4083394825975,103998500,SPY,53.28458359266411,2.6425982209029257,2.976908686649632,-0.3343104657467064,396.6656541970266,391.9528000449451,2023-05-09,0.0002190545363669,0,0,0.795,2023
2023-05-03,394.875732421875,400.53728211796295,394.63378610609743,398.108131656528,91531800,SPY,49.381211391773085,2.184830803881141,2.8184931100959343,-0.6336623062147932,396.495185456536,392.0674248440404,2023-05-10,0.0118377456317535,0,0,0.725,2023
2023-05-04,392.078857421875,394.1499025748278,390.7336216985504,393.8208591219087,94901900,SPY,45.687559705236104,1.5781702258283303,2.5704285332424135,-0.9922583074140832,396.0745827865682,392.067873180426,2023-05-11,0.0172784262323664,0,0,0.53,2023
2023-05-05,399.3373107910156,400.39219337636933,395.47585633684855,395.7371477732128,87891800,SPY,55.07841213148999,1.6639034294411772,2.389123512482166,-0.725220083040989,396.38531878699183,392.35294916515505,2023-05-12,-0.0025205790996665,0,0,0.895,2023
2023-05-08,399.4437255859375,399.9276182726616,398.0307672103537,399.66632685423826,50046800,SPY,55.20071015371509,1.7206003853773382,2.2554188870612006,-0.5348185016838625,396.67659562498665,392.6310188287152,2023-05-15,0.0006541384609883,0,0,0.85,2023
2023-05-09,397.6920471191406,398.81468172667087,397.45978807429526,397.8856160128228,49220100,SPY,52.65929040998875,1.6056780613620276,2.125470721921366,-0.5197926605593386,396.77330529109656,392.82949052637895,2023-05-16,-0.0016549038247339,0,0,0.75,2023
2023-05-10,399.5501708984375,401.1857304341042,395.69837473456306,400.5469885857553,96142900,SPY,55.02472268282882,1.6455672763781308,2.0294900328127192,-0.3839227564345884,397.0377686822719,393.09304661940087,2023-05-17,0.005764844803803,0,0,0.865,2023
2023-05-11,398.8533630371094,399.1436868152329,396.7629432312285,398.6791687702352,70157100,SPY,53.93634322271123,1.6024807946309352,1.9440881851763625,-0.3416073905454273,397.21068243035165,393.31894138087966,2023-05-18,0.0172275000656101,0,0,0.825,2023
2023-05-12,398.3307495117187,400.3147271045136,395.89194117937734,400.1018131563713,70481500,SPY,53.088193145393305,1.5087717223518666,1.8570248926114632,-0.3482531702595968,397.31735548571993,393.5154828762067,2023-05-19,0.0170800969806401,0,0,0.79,2023
2023-05-15,399.70501708984375,400.11147037744496,397.0145751312598,398.9404584314995,54289400,SPY,55.08818026275753,1.5277871366577074,1.7911773414207124,-0.263390204763005,397.5447518289698,393.75820970811407,2023-05-22,0.0139948481905067,0,0,0.93,2023
2023-05-16,397.0339050292969,399.5211202490128,397.02421772561735,398.5920251296523,57705500,SPY,50.57496431936085,1.3121944092849276,1.6953807549935556,-0.383186345708628,397.4960997528105,393.88666834816047,2023-05-23,0.0093601794372593,0,0,0.625,2023
2023-05-17,401.853515625,402.4631955776164,397.41138447772136,399.0662891323237,87287000,SPY,57.362659359999455,1.5127993067637249,1.6588644653475897,-0.1460651585838646,397.9110917406381,394.19909373156594,2023-05-24,-0.0099704312050119,0,0,0.975,2023
2023-05-18,405.724609375,406.1504372355665,401.3115111240932,401.5340828231659,97177200,SPY,61.889790626625,1.961533707275407,1.7193983137331532,0.2421353935422541,398.655236277244,394.6510747371908,2023-05-25,-0.0109247355955538,0,0,0.98,2023
2023-05-19,405.13427734375,407.16663237955544,403.9052006458144,406.6343622786256,103793300,SPY,60.8290928448354,2.243660568918187,1.82425076477016,0.4194098041480272,399.27228780738744,395.06218072176176,2023-05-26,0.0033443712600109,0,0,0.99,2023
2023-05-22,405.298828125,406.84729056564146,403.90521488186914,405.153666231854,60745400,SPY,61.029584346404555,2.452257909519574,1.949852193720043,0.5024057157995307,399.8462440281125,395.46361787482994,2023-05-30,0.0033189938702635,0,0,1.0,2023
2023-05-23,400.7502136230469,405.2310643131679,400.35341810364366,403.6438822355551,86383500,SPY,52.96011260089954,2.2248904763931137,2.004859850254657,0.2200306261384566,399.9323363704871,395.67093535515215,2023-05-31,0.0090801074004953,0,0,0.78,2023
2023-05-24,397.8468627929687,399.5211420253495,396.675850827955,399.1340338050808,89213700,SPY,48.547678524891296,1.7897923873403556,1.9618463576717968,-0.1720539703314412,399.7337198392949,395.75626584290967,2023-06-01,0.0261012686852124,1,0,0.59,2023
2023-05-25,401.2921752929687,402.7535405708676,399.1243456365869,401.3792724272558,90961600,SPY,53.49883806327632,1.703346820278,1.9101464501930376,-0.2067996299150376,399.8821441682162,395.9733603311473,2023-06-02,0.0320030157704351,1,0,0.765,2023
2023-05-26,406.48919677734375,407.2150357982411,401.872871236844,401.950281070575,93830000,SPY,59.78518814753075,2.030784664549344,1.934274093064299,0.0965105714850451,400.5113872738474,396.3857460741354,2023-06-05,0.016856361165954,0,0,0.96,2023
2023-05-30,406.6440124511719,408.9666912196438,405.25039928319615,408.4344211286579,72216000,SPY,59.958842821390654,2.276531409232007,2.0027255562978405,0.2738058529341662,401.09544681454497,396.7880310300976,2023-06-06,0.0186824512373853,0,0,0.99,2023
2023-05-31,404.3890686035156,405.71492965733495,402.81157393616735,404.8052091686122,110811800,SPY,56.15523138754538,2.2632430941790744,2.0548290638740876,0.2084140303049868,401.4091250801612,397.0861109349375,2023-06-07,0.0208208861792611,1,0,0.93,2023
2023-06-01,408.2311706542969,409.2957403085758,403.3632121544437,404.6213211330253,88865000,SPY,60.72672265062187,2.533532548326093,2.1505697607644887,0.3829627875616044,402.0588437062694,397.52317210040263,2023-06-08,0.0173297005087644,0,0,1.0,2023
2023-06-02,414.1347351074219,414.9282966772401,410.2926259460805,410.8248960942536,91426200,SPY,66.50558789579381,3.1873652388805453,2.3579288563877,0.8294363824928452,403.2089286016172,398.1746059438151,2023-06-09,0.0046268461273006,0,0,0.955,2023
2023-06-05,413.3411254882813,415.77993391779177,412.6346315561914,414.48310510360614,65460200,SPY,65.11842767551738,3.5999961779432965,2.6063423206988197,0.9936538572444767,404.17389973368046,398.7693714161472,2023-06-12,0.0156871176361057,0,0,0.98,2023
2023-06-06,414.2411193847656,414.773389458492,412.26682920507506,412.9249456212799,64022200,SPY,65.98490558355999,3.954051313647142,2.875884119288484,1.0781671943586577,405.13268255759334,399.3761066306028,2023-06-13,0.0201622192313413,1,0,0.845,2023
2023-06-07,412.8088073730469,415.7799153285168,412.3829794788346,414.6379357642491,85373300,SPY,63.29038246175562,4.072126016598247,3.115132498750437,0.9569935178478102,405.86374206382703,399.9028792087379,2023-06-14,0.0249209003173598,1,0,0.825,2023
2023-06-08,415.3056945800781,415.7605548350046,412.1023277227419,412.8765441192514,61952800,SPY,65.90424978386275,4.317410577971543,3.3555881145946582,0.961822463376885,406.76297563680333,400.5069111840846,2023-06-15,0.0313891729996691,1,0,0.89,2023
2023-06-09,416.0508728027344,418.0735404298088,415.05405517724864,416.1089375549404,85742800,SPY,66.66707152706753,4.519828248342321,3.588436141344191,0.93139210699813,407.6475372716539,401.1164783063846,2023-06-16,0.0260349860322133,1,0,0.86,2023
2023-06-12,419.82525634765625,419.902695711882,416.3122204755869,417.0380594592685,76104300,SPY,70.29250101500187,4.928000002235251,3.856348913522403,1.071651088712848,408.807320040797,401.85015587663054,2023-06-20,0.0115352122443288,0,0,0.825,2023
2023-06-13,422.5931396484375,423.241539270888,420.6285366382443,421.2963108690726,95899700,SPY,72.64240609314561,5.4124329501939314,4.167565720856709,1.2448672293372225,410.12025524152466,402.66360622062297,2023-06-21,-0.0002390317639273,0,0,0.865,2023
2023-06-14,423.0963745117187,424.9158156190619,419.6220287948086,422.9318675484063,100612100,SPY,73.05965481348733,5.770438377714527,4.488140252228273,1.282298125486253,411.35607612440026,403.4648912516463,2023-06-22,0.0021764968347568,0,0,0.88,2023
2023-06-15,428.341796875,429.59990600169886,422.1770089921392,422.2737638984509,110303100,SPY,76.9977163295853,6.403605230219284,4.871233247826476,1.5323719823928084,412.9737638149336,404.4404561780524,2023-06-23,-0.0175798438062841,0,0,0.86,2023
2023-06-16,426.88275146484375,430.9139735272386,426.4067846339422,430.3408627436175,114165800,SPY,73.76760100267045,6.710309481027139,5.2390484944666085,1.4712609865605302,414.2984293054012,405.32054618929914,2023-06-26,-0.018249662891885,0,0,0.655,2023
2023-06-20,424.66802978515625,425.8239747064654,422.5795680820443,424.9303214367884,76160400,SPY,69.03352459793751,6.697461116402621,5.530731018853811,1.1667300975488102,415.2860103034731,406.0792710361955,2023-06-27,-0.0023102978098845,0,0,0.79,2023
2023-06-21,422.49212646484375,424.4834441109943,421.899569099957,423.6772115504447,76982300,SPY,64.64413762497537,6.437494057410902,5.71208362656523,0.7254104308456721,415.97230708074653,406.7229124255543,2023-06-28,0.0033338818172663,0,0,0.815,2023
2023-06-22,424.0172424316406,424.1240800400209,421.190522080059,421.5305111284811,70637200,SPY,66.26331414142717,6.2821160791144735,5.826090117075079,0.4560259620393943,416.7384913998793,407.4011214454008,2023-06-29,0.0036653431644879,0,0,0.92,2023
2023-06-23,420.8116149902344,422.6086743183153,420.09280311667067,420.53962971557473,92074500,SPY,60.03939513052857,5.833070561429679,5.827486205945999,0.0055843554836796,417.12640793229406,407.9270231530413,2023-06-30,0.0232451517152429,1,0,0.735,2023
2023-06-26,419.09228515625,422.1715438578213,418.849440100863,420.23850670307553,72823600,SPY,56.949717362097374,5.277626017382374,5.717514168233275,-0.4398881508509005,417.3136343345756,408.3648765649319,2023-07-03,0.0286250831584724,1,0,0.675,2023
2023-06-27,423.6869201660156,424.3085880868065,419.51969075563113,419.9762406410968,72813700,SPY,62.503001407468446,5.148828372342223,5.603777009055065,-0.4549486367128423,417.92061393756984,408.9657410198763,2023-07-05,0.0159570732559011,0,0,0.765,2023
2023-06-28,423.9006652832031,424.92060274519406,421.9773216085118,422.5989895883818,75636000,SPY,62.74377155397327,5.006293322216379,5.484280271687329,-0.4779869494709494,418.4901426371539,409.5514243243206,2023-07-06,0.0074931011591694,0,0,0.675,2023
2023-06-29,425.5714111328125,425.7365588280753,423.0749862788959,423.48294940619934,67882300,SPY,64.65425025635577,4.970847657588422,5.381593748867547,-0.4107460912791252,419.16454916055,410.1796591011242,2023-07-07,0.0010042936871696,0,0,0.72,2023
2023-06-30,430.5934448242187,431.5842420275424,428.48553659525265,428.8061086850334,104964000,SPY,69.68621304806905,5.287047073418478,5.362684413777734,-0.0756373403592558,420.2530154142327,410.9801997177161,2023-07-10,-0.0081665176673669,0,0,0.835,2023
2023-07-03,431.0888366699219,431.3705155902683,429.9620320560209,430.2437406205391,32793400,SPY,70.1378353947238,5.5140488476044425,5.392957300543076,0.1210915470613667,421.28499839096503,411.76877371584186,2023-07-11,-0.0029969023608305,0,0,0.895,2023
2023-07-05,430.4477233886719,431.18598184502025,429.252915041293,429.2626383296677,58418400,SPY,68.71113444148061,5.577918137164943,5.429949467867449,0.1479686692974935,422.15763886693713,412.5012815461489,2023-07-12,0.0065218419315087,0,0,0.93,2023
2023-07-06,427.0769958496094,427.5044054826828,424.5514015571309,426.8438741021763,80658300,SPY,61.614724982106694,5.295502214050202,5.403060017104,-0.1075578030537975,422.62614905576305,413.0728781855003,2023-07-13,0.022517626440579,1,0,0.65,2023
2023-07-07,425.9988098144531,429.9717812453892,425.7559647445226,426.0765368375681,86134200,SPY,59.49798015900435,4.927879431437304,5.308023899970661,-0.3801444685333566,422.94735484230495,413.5797774650671,2023-07-14,0.0244669277001452,1,0,0.545,2023
2023-07-10,427.0769958496094,427.25183716018415,425.0662318454917,425.6393425707107,62443500,SPY,60.94297993624508,4.669706856052869,5.180360491187103,-0.5106536351342337,423.3406539858577,414.1090801468138,2023-07-17,0.025428850089882,1,0,0.51,2023
2023-07-11,429.7969055175781,430.2923189408992,426.8633477771264,427.84445133494313,64463800,SPY,64.39408883587197,4.6311917137400656,5.070526735697696,-0.4393350219576302,423.9555350841168,414.724288984883,2023-07-18,0.0265109345383296,1,0,0.585,2023
2023-07-12,433.2550354003906,434.67327199747086,432.1768174849815,433.61447101636816,91924500,SPY,68.23693868101846,4.824101131767918,5.021241614911741,-0.1971404831438228,424.8412017809048,415.4509849227461,2023-07-19,0.0205820974591568,1,0,0.78,2023
2023-07-13,436.6937561035156,437.4902951203102,434.6441577551281,435.0812611344595,72425200,SPY,71.52768481569922,5.194579379967536,5.0559091679229,0.1386702120446354,425.9700164782964,416.2840347729723,2023-07-20,0.0058276339467941,0,0,0.865,2023
2023-07-14,436.4216918945313,438.4421496523937,435.65429324174744,437.58735998371753,69815800,SPY,70.90180847863328,5.403939502142691,5.125515234766858,0.2784242673758328,426.96541413698543,417.073746816955,2023-07-21,0.0064546644191256,0,0,0.86,2023
2023-07-17,437.93707275390625,438.9958736797463,436.2274340105894,436.27602081008126,52680200,SPY,72.35291336870172,5.627269814541819,5.225866150721851,0.401403663819968,428.0103340052636,417.8919164615413,2023-07-24,0.0074528641238851,0,0,0.88,2023
2023-07-18,441.1912231445313,441.84203134821007,437.16969445221696,437.6068274471814,80668200,SPY,75.21169005277795,5.997705619638964,5.380234044505274,0.6174715751336901,429.2656567804319,418.80561476283503,2023-07-25,0.0027522395104806,0,0,0.875,2023
2023-07-19,442.1723327636719,443.36711158295185,441.1135021298131,441.98776813165426,65891700,SPY,76.01688500730714,6.297848335476829,5.563756902699585,0.7340914327772436,430.494864016931,419.7219566452208,2023-07-26,0.0006810635551421,0,0,0.87,2023
2023-07-20,439.2386474609375,442.0750904025549,438.51983567150427,441.1717140221859,70591600,SPY,68.8184259806784,6.227206355525084,5.696446793264685,0.5307595622603989,431.3276052973126,420.48731706936655,2023-07-27,0.0006857513514235,0,0,0.945,2023
2023-07-21,439.2386474609375,441.1717140221859,439.22895381795064,440.9677028569401,71275600,SPY,68.8184259806784,6.1008947603432375,5.777336386680396,0.3235583736628413,432.0810378843245,421.2226633592321,2023-07-28,0.0104826855773776,0,0,0.915,2023
2023-07-24,441.2009582519531,442.01691417279216,439.3553119074868,440.39469597638623,54023400,SPY,70.95228204065998,6.088944431089828,5.839657995562283,0.2492864355275452,432.94960172886056,422.0061259040447,2023-07-31,0.007903841893281,0,0,0.955,2023
2023-07-25,442.4054870605469,443.6682697094976,440.8804127341014,440.92899954009306,55191200,SPY,72.20946386705678,6.106279725595755,5.8929823415689775,0.2132973840267773,433.8501622366402,422.80610085135856,2023-08-01,0.0022834094527302,0,0,0.93,2023
2023-07-26,442.4734802246094,443.9111041947373,440.404435300924,441.4632363430936,71052900,SPY,72.28238856197893,6.055698231808037,5.92552551961679,0.1301727121912472,434.6714306164468,423.57737063070175,2023-08-02,-0.0118110450734745,0,0,0.905,2023
2023-07-27,439.5398559570313,446.2909607998054,438.6267561170084,445.8829680364058,92194400,SPY,64.42697010572098,5.713036741178257,5.883027763929084,-0.1699910227508265,435.1350901726929,424.2033504474206,2023-08-03,-0.0080664635493467,0,0,0.925,2023
2023-07-28,443.8430480957031,444.67842082733665,439.5398113376436,442.8328044008366,80011800,SPY,69.63917346326465,5.722738516092534,5.850969914361774,-0.1282313982692402,435.9644194986938,424.97353466892184,2023-08-04,-0.0221262610743552,-1,0,0.95,2023
2023-07-31,444.6881408691406,445.0475467926464,442.99791919803175,444.3190116577011,62040400,SPY,70.55172762319451,5.732538036586277,5.827283538806675,-0.0947455022203982,436.7952501054031,425.7466564806951,2023-08-07,-0.0154654885162798,0,0,0.895,2023
2023-08-01,443.4156799316406,444.16363207372785,442.4539932984731,443.21166872947487,55291500,SPY,67.27296207170473,5.57338079937665,5.776502990920671,-0.2031221915440202,437.42576723171146,426.4395593611244,2023-08-08,-0.016934041622605,0,0,0.73,2023
2023-08-02,437.2474060058594,440.5403697086572,436.48973058045846,440.278107707463,93933400,SPY,54.13848746979014,4.893114607490531,5.599825314234643,-0.7067107067441114,437.40878044829697,426.8633964844473,2023-08-09,-0.0097305761704075,0,-1,0.585,2023
2023-08-03,435.9943237304687,437.8885271446198,434.5663935252004,435.21723135983814,64276100,SPY,51.920732388109585,4.20441955076808,5.320744161541331,-1.1163246107732512,437.2740702846943,427.2214720627227,2023-08-10,-0.0065279769340101,0,0,0.56,2023
2023-08-04,434.0224609375,439.93816383607947,433.4979072371018,437.820561743158,100128900,SPY,48.55033227924139,3.4596304424920845,4.948521417731482,-1.4888909752393973,436.9643932040091,427.4881775087924,2023-08-11,-0.0025963208674306,0,0,0.755,2023
2023-08-07,437.8108215332031,437.9662459437654,435.1686658419951,435.8680608674377,58357500,SPY,54.64221816740733,3.1388856280585173,4.586594259796889,-1.4477086317383714,437.04500542583713,427.89298707837713,2023-08-14,-0.0057687810383039,0,0,0.66,2023
2023-08-08,435.9068603515625,437.80106358011784,432.5264466177703,435.2560225806944,71361300,SPY,51.35133555553464,2.6999361136215043,4.209262630561812,-1.509326516940308,436.9366106568586,428.2072566185021,2023-08-15,-0.0130585034958494,0,0,0.625,2023
2023-08-09,432.99273681640625,436.34401046211,432.2253381355895,436.17886277984366,78789600,SPY,46.714027623980485,2.092795601060118,3.7859692246614736,-1.6931736236013557,436.56100362443453,428.394922508616,2023-08-16,-0.0137072036647645,0,0,0.745,2023
2023-08-10,433.1481628417969,438.77246268587845,431.9728010613545,435.36290858516065,93005500,SPY,46.988994701942374,1.605664847078117,3.3499083491448025,-1.7442435020666855,436.2359711689453,428.58132409030935,2023-08-17,-0.0215737611547452,-1,0,0.815,2023
2023-08-11,432.8955993652344,433.9155664068905,430.6614366639976,431.2636876715916,68690900,SPY,46.568470239712155,1.18556400925155,2.917039481166152,-1.7314754719146022,435.9178405209728,428.7505113559926,2023-08-18,-0.0205317218609948,-1,0,0.81,2023
2023-08-14,435.2851867675781,435.2851867675781,431.661957430911,431.972806223491,47867400,SPY,51.03356474621465,1.033536832118557,2.5403389513566332,-1.5068021192380765,435.8575877825542,429.0067731368392,2023-08-21,-0.019570965599076,0,0,0.695,2023
2023-08-15,430.2145690917969,433.8572446562366,429.6414287161224,433.49780909944275,75707500,SPY,42.850569883138505,0.4981553051615037,2.1319022221176076,-1.633746916956104,435.32015743105353,429.0541376840925,2023-08-22,-0.0107024260227387,0,1,0.625,2023
2023-08-16,427.0576171875,431.46766207386327,426.95074994757056,429.7968868978128,80107200,SPY,38.69091623780697,-0.1788167588103988,1.6697584259320064,-1.8485751847424052,434.5332488364294,428.97584276265746,2023-08-23,0.0077107586889759,0,1,0.395,2023
2023-08-17,423.8035278320313,428.79640725854824,423.2789741592103,428.5341452442251,95711300,SPY,34.92724960857562,-0.966755654850772,1.1424556097754508,-2.1092112646262224,433.5113706455343,428.77300688302506,2023-08-24,0.001375151812526,0,-1,0.45,2023
2023-08-18,424.0075073242187,425.0468913754459,420.6173995123901,420.96708219644336,98852000,SPY,35.35177187645644,-1.5567976719745502,0.6026049534254506,-2.1594026254000007,432.606240805409,428.5861245473856,2023-08-25,0.0079495443964601,0,-1,0.56,2023
2023-08-21,426.7662353515625,427.51418754204343,422.8612970536162,425.02745624123554,68719000,SPY,40.96152215130804,-1.7812705473463666,0.1258298532710872,-1.9071004006174537,432.0500498098046,428.5147563436279,2023-08-28,0.0077844573433762,0,-1,0.575,2023
2023-08-22,425.6102294921875,428.5535103178909,425.0468420185757,428.5535103178909,64994200,SPY,39.41798477142726,-2.0290572214214535,-0.3051475616674209,-1.7239096597540329,431.4367335890791,428.4008533298459,2023-08-29,0.0251284274446244,1,-1,0.51,2023
2023-08-23,430.3505554199219,430.9722529577655,426.5330384673933,426.6787395640222,68441000,SPY,48.06103789751841,-1.821923262755945,-0.6085027018851258,-1.2134205608708193,431.3332880491594,428.4773122353391,2023-08-30,0.0180124037289901,0,-1,0.475,2023
2023-08-24,424.3863220214844,432.4779062769333,424.35715215624055,431.9630759418828,88517300,SPY,40.275396419971955,-2.1146554663804977,-0.9097332547842002,-1.2049222115962976,430.6716722369999,428.3168812465605,2023-08-31,0.0308086462450698,1,-1,0.395,2023
2023-08-25,427.378173828125,428.67009652943136,422.55041275411,426.1250849933823,102325100,SPY,45.08146873037552,-2.0812391801847525,-1.1440344398643107,-0.9372047403204418,430.35800572186895,428.2800691909356,2023-09-01,0.025501687763954,1,0,0.45,2023
2023-08-28,430.08837890625,430.7100469234514,427.378219393752,429.5832421453368,61595400,SPY,49.078904747135425,-1.815141808070564,-1.2782559135055611,-0.5368858945650026,430.3323269775243,428.3509832974185,2023-09-05,0.014635280607524,0,0,0.455,2023
2023-08-29,436.3051452636719,436.58685382919015,429.7968859008097,429.981450515028,83081900,SPY,56.839516886904995,-1.0900512024537647,-1.2406149712952022,0.1505637688414374,430.90116681430027,428.66291121766375,2023-09-06,-0.0065456390489455,0,0,0.52,2023
2023-08-30,438.1022033691406,438.7433178729009,435.93601480238254,436.6451330362777,69053900,SPY,58.794468532450665,-0.3661829736573168,-1.065728571767625,0.6995455981103083,431.5869798195231,429.0330795373295,2023-09-07,-0.0136581670890646,0,0,0.73,2023
2023-08-31,437.4610900878906,439.8700940726862,437.2765254736785,438.723872522232,66084600,SPY,57.78880938807878,0.1539803395582453,-0.821786789502451,0.9757671290606964,432.146418892701,429.3635897549986,2023-09-08,-0.0107249354277811,0,0,0.715,2023
2023-09-01,438.2770385742187,440.68607216281333,436.81024497348466,440.2003820586414,58944100,SPY,58.75572954688684,0.62485084495205,-0.5324592626115509,1.157310107563601,432.7302874337979,429.713136767517,2023-09-11,-0.006072780055401,0,0,0.79,2023
2023-09-05,436.3828430175781,438.15076214258977,436.3148689313638,437.8302197116103,55166200,SPY,55.57318108505144,0.8355417566829715,-0.2588590587526464,1.094400815435618,433.0781498703484,429.97469387536256,2023-09-12,-0.0072343630250598,0,0,0.475,2023
2023-09-06,433.4492492675781,435.6737180988661,431.1082195620165,435.56685086800223,70758500,SPY,50.968626999158424,0.7570722657977171,-0.0556727938425737,0.8127450596402909,433.11349267008455,430.1109509495671,2023-09-13,0.0006499913928241,0,1,0.435,2023
2023-09-07,432.1185302734375,432.79847869361225,430.07862572456526,430.42830840165385,70355400,SPY,48.98589315429789,0.580811494024033,0.0716240637307476,0.5091874302932854,433.0187343465944,430.1896795505032,2023-09-14,0.0123861024911615,0,-1,0.34,2023
2023-09-08,432.7693481445313,434.3138392912125,431.807691116867,432.1670970910779,61659700,SPY,50.01013206858524,0.4880136084877335,0.1549019726821448,0.3331116358055887,432.9949832797312,430.2908430247789,2023-09-15,-0.0013155643761301,0,-1,0.395,2023
2023-09-11,435.615478515625,435.9262976614483,433.6921349772212,435.4114673223435,60180100,SPY,54.328650996846555,0.6367890427731595,0.2512793867003478,0.3855096560728117,433.24455425457825,430.499652259714,2023-09-18,-0.007258736151985,0,0,0.4,2023
2023-09-12,433.2258911132813,435.6932053790809,432.6430866478102,434.1584375463834,67565400,SPY,50.39250163084039,0.5554717806414828,0.3121178654885748,0.243353915152908,433.24277681254995,430.6065635873048,2023-09-19,-0.0038531422985125,0,-1,0.365,2023
2023-09-13,433.7309875488281,434.89662601565715,432.3418913173706,433.44927898723824,60199300,SPY,51.19736468120273,0.525724105389429,0.3548391134687456,0.1708849919206834,433.28927307314785,430.7290900171685,2023-09-20,-0.0141603547919834,0,-1,0.355,2023
2023-09-14,437.4707946777344,438.170189642729,434.9063662355358,436.2177355004223,83430800,SPY,56.787742995973424,0.7947585569378361,0.4428230021625637,0.3519355547752724,433.6875132259656,430.9934705920927,2023-09-21,-0.0387430996893417,-1,0,0.7,2023
2023-09-15,432.2000122070313,436.2064829388726,431.7613670713288,435.8750522534294,111848900,SPY,48.3767844355074,0.5760221773605849,0.469462837202168,0.1065593401584169,433.5458464622576,431.0407859495413,2023-09-22,-0.0292080469809699,-1,0,0.38,2023
2023-09-18,432.4534606933594,433.7596979795193,431.41041048207376,431.8880562008691,55752200,SPY,48.76971602100683,0.4183012785685491,0.4592305254754443,-0.0409292469068951,433.4418097223625,431.0961849591028,2023-09-25,-0.0256970841461938,-1,0,0.39,2023
2023-09-19,431.5566101074219,432.1220145797145,428.85640660660175,431.5273671001471,66514600,SPY,47.3949800073634,0.2184201711943956,0.4110684546192346,-0.1926482834248389,433.262266901892,431.1142408472722,2023-09-26,-0.0380156714609397,-1,-1,0.42,2023
2023-09-20,427.5892028808594,433.2430695466763,427.3844720654377,432.823909827221,82562600,SPY,41.783866255332335,-0.2571592805333011,0.2774229075887274,-0.5345821881220286,432.72197509036505,430.9760040642756,2023-09-27,-0.0287022357688037,-1,-1,0.46,2023
2023-09-21,420.5218200683594,424.9864210648089,420.3658474474756,424.7232340007312,104095800,SPY,34.05038155322421,-1.1906134994876538,-0.0161843738265487,-1.174429125661105,431.5600555644598,430.56603606443576,2023-09-28,-0.0066528496822744,0,-1,0.53,2023
2023-09-22,419.5762939453125,423.1635752995273,419.15710447421105,421.55515026695025,100829700,SPY,33.16596106637556,-1.9838106153275703,-0.4097096221267531,-1.5741009932008172,430.4187449340648,430.1350657852545,2023-09-29,-0.0068305486288279,0,-1,0.43,2023
2023-09-25,421.3406677246094,421.37963856954656,417.91908703660135,418.3577619064053,70874500,SPY,36.48138869485917,-2.441906052861384,-0.8161489082736794,-1.6257571445877046,429.55416615221185,429.7901874299351,2023-10-02,-0.0113826894900377,0,-1,0.415,2023
2023-09-26,415.1506958007813,418.99143670491617,414.31234654188216,418.2798170809807,96168400,SPY,30.723142294632453,-3.266771679577971,-1.3062734625345378,-1.9604982170434333,428.1824070711232,429.2160897189879,2023-10-03,-0.0100733934946026,0,0,0.48,2023
2023-09-27,415.3164367675781,416.8956488163529,411.6511833269943,416.3302441973642,104705800,SPY,31.037020220024388,-3.862584253818568,-1.817535620791344,-2.045048633027224,426.9570765660237,428.6710052895209,2023-10-04,-0.0032626724683775,0,0,0.49,2023
2023-09-28,417.7241516113281,419.4105778926448,414.1661131466468,414.7607606962109,92258300,SPY,35.60166609131757,-4.093302502467793,-2.2726889971266337,-1.8206135053411592,426.0777503798622,428.2417169099839,2023-10-05,-0.0093811470424609,0,0,0.61,2023
2023-09-29,416.7103576660156,420.97025796891,415.1799040850308,420.7947999115168,115111300,SPY,34.56426262564888,-4.308289792602864,-2.67980915622188,-1.6284806363809836,425.18561774044827,427.7895067435538,2023-10-06,0.0048189038771446,0,0,0.6,2023
2023-10-02,416.544677734375,417.8021867949848,413.7664724952918,415.8720586844262,83798600,SPY,34.3879075274762,-4.4408464413284605,-3.0320166132431963,-1.4088298280852642,424.3626710732032,427.34853305691934,2023-10-09,0.0116541200245932,0,0,0.6,2023
2023-10-03,410.9687194824219,416.60310055780633,409.5942385779504,414.35129964481234,103760600,SPY,29.021174438483584,-4.938899215370952,-3.4133931336687477,-1.5255060817022046,423.0870566359859,426.7061874265469,2023-10-10,0.030717129305543,1,0,0.49,2023
2023-10-04,413.9613952636719,414.71198567409095,409.96468205177416,411.4366496118208,87453000,SPY,34.89403718344167,-5.0340957798301815,-3.737533662901035,-1.2965621169291466,422.2179460290989,426.2063916554538,2023-10-11,0.0274572498429193,1,0,0.615,2023
2023-10-05,413.805419921875,414.65349694142213,410.55932689037775,413.6689327124713,70142700,SPY,34.73273472683756,-5.063753847286819,-4.002777699778192,-1.0609761475086268,421.41675306650615,425.72007903845065,2023-10-12,0.0215783295878868,1,0,0.595,2023
2023-10-06,418.7184448242187,420.26838378364897,410.0036712419603,411.33915155455975,113273300,SPY,43.57985027203942,-4.637361413941505,-4.129694442610854,-0.507666971330651,421.1597713291454,425.4455051476965,2023-10-13,0.0045630041792736,0,-1,0.53,2023
2023-10-09,421.3991394042969,421.97427170928734,416.2521619177232,416.80777905217246,80374400,SPY,47.74221679891723,-4.036601262750878,-4.111075806638859,0.0744745438879812,421.1825682886837,425.28682413815136,2023-10-16,0.0086748601775714,0,-1,0.53,2023
2023-10-10,423.5924987792969,426.20497351561806,421.63312785268664,422.0328021572993,78607300,SPY,50.931933922453695,-3.344950239592947,-3.9578506932296778,0.6129004536367302,421.4120854782659,425.2203800064316,2023-10-17,0.0034059113653261,0,-1,0.625,2023
2023-10-11,425.32763671875,425.58106621387174,422.26672961556096,424.66477534883535,62451700,SPY,53.35738740422413,-2.62652375916133,-3.691585306416008,1.065061547254678,421.7849951202168,425.2245861520127,2023-10-18,-0.0140035226749598,0,-1,0.57,2023
2023-10-12,422.7346496582031,426.3219309417066,420.3658766706237,425.9417718227219,81154200,SPY,49.42554164630022,-2.2405700854860697,-3.4013822622300207,1.160812176743951,421.8754384095488,425.126941583628,2023-10-19,-0.0166720460889554,0,-1,0.645,2023
2023-10-13,420.6290588378906,425.4543635328608,419.049876864624,424.2455830882872,95143100,SPY,46.433344564159206,-2.080618525275611,-3.137229514839139,1.056610989563528,421.7567355932004,424.95055402497167,2023-10-20,-0.023893337187308,-1,-1,0.645,2023
2023-10-16,425.0547180175781,426.12701132779,422.6469443000413,422.8906459728739,75433200,SPY,52.889123006582494,-1.5785455617706248,-2.825492724225436,1.2469471624548114,422.0708291574268,424.9546388874268,2023-10-23,-0.0357306938523899,-1,-1,0.605,2023
2023-10-17,425.03521728515625,427.1018325299322,421.5551798879123,421.9060960293189,75324700,SPY,52.85889358791068,-1.1687500440978624,-2.494144188199922,1.3253941441020594,422.3531518362582,424.9577988245927,2023-10-24,-0.0284162603139072,-1,-1,0.57,2023
2023-10-18,419.3715515136719,424.2163416495345,418.2797728490387,423.2512926064637,93559800,SPY,44.84241244430423,-1.2861684887279807,-2.252549048305534,0.9663805595775532,422.0691899007738,424.73873030259585,2023-10-25,-0.0294275193645858,-1,-1,0.52,2023
2023-10-19,415.6867980957031,421.9158269506533,415.00445128095737,420.0929432509383,121323000,SPY,40.53522482170394,-1.6574462494729687,-2.133528488539021,0.4760822390660522,421.4613430621956,424.38375256899224,2023-10-26,-0.0325492751202627,-1,-1,0.51,2023
2023-10-20,410.5788269042969,415.7940485790275,410.47158270042024,415.24815921948914,123919900,SPY,35.45168330657722,-2.336918592966867,-2.1742065094245904,-0.162712083542277,420.4249129519196,423.84238293508264,2023-10-27,-0.0249532345655484,-1,0,0.375,2023
2023-10-23,409.8672180175781,413.7567169917276,407.27422861772504,409.0386263702724,92035100,SPY,34.79696754863599,-2.8994036895967383,-2.31924594545902,-0.5801577441377184,419.419418196268,423.2943372520433,2023-10-30,-0.0115827157664452,0,0,0.425,2023
2023-10-24,412.9573059082031,414.11732808926473,410.1401006831291,412.00198477417143,78564200,SPY,39.98046304804752,-3.0605527661703036,-2.467507309601277,-0.5930454565690266,418.803978930738,422.88896347385344,2023-10-31,-0.012817599451957,0,-1,0.545,2023
2023-10-25,407.0304870605469,411.2904169242442,406.51384074852336,411.2611739159688,94223200,SPY,34.34138347264128,-3.624725736903713,-2.6989509950617645,-0.9257747418419484,417.6826939907198,422.2670624380375,2023-11-01,0.0122382067204871,0,0,0.55,2023
2023-10-26,402.156494140625,406.8160689993284,401.2304456203667,405.9582640880993,115156800,SPY,30.52802965737652,-4.414242733376341,-3.04200934272468,-1.3722333906516608,416.2040082907108,421.47841270088406,2023-11-02,0.0441400821863087,1,0,0.425,2023
2023-10-27,400.33355712890625,404.1548119928044,398.90059027353647,403.75513772715857,107367700,SPY,29.221085267503383,-5.127924896979152,-3.4591924535755747,-1.6687324434035775,414.69253675149133,420.64920267845355,2023-11-03,0.058464125603268,1,1,0.445,2023
2023-10-30,405.1198425292969,406.1823780779263,401.8347492805906,403.14098646189825,86562700,SPY,36.86381155033363,-5.246827757924791,-3.8167195144454182,-1.4301082434793728,413.7808515874728,420.0402081628003,2023-11-06,0.0483650919810196,1,0,0.595,2023
2023-10-31,407.6641845703125,407.9858577003343,403.7746855057875,405.6950559452864,79665200,SPY,40.53946696798289,-5.077224904876061,-4.068820592531547,-1.0084043123445143,413.1983118715528,419.5548739042714,2023-11-07,0.0447869271181897,1,-1,0.465,2023
2023-11-01,412.0118103027344,412.8306443746203,408.1028258505703,408.6389873938074,98068100,SPY,46.29316817349215,-4.539665917082004,-4.1629896574416385,-0.3766762596403659,413.0853117221415,419.25906748852486,2023-11-08,0.0345194282147514,1,-1,0.61,2023
2023-11-02,419.90771484375,420.0636874749131,415.81351508474745,415.83300050786625,94938900,SPY,54.84002818913867,-3.4368946565118677,-4.017770657255684,0.5808760007438165,413.73506440038994,419.2845046397102,2023-11-09,0.0071501684359123,0,1,0.435,2023
2023-11-03,423.73870849609375,425.298405098458,422.1010404505435,422.2277700758668,100167800,SPY,58.30688295402335,-2.2281268572284603,-3.65984189725024,1.4317150400217793,414.6877924095046,419.4591793007448,2023-11-10,0.0136188726452224,0,0,0.48,2023
2023-11-06,424.7135009765625,425.1619036945749,422.7541301400226,424.499042329037,67831700,SPY,59.16587794265252,-1.1779335760747358,-3.163460233015139,1.985526656940403,415.64262179684346,419.6652311311691,2023-11-13,0.010328366462571,0,0,0.445,2023
2023-11-07,425.9222106933594,426.5655865740349,423.5631955462836,424.71346011382417,64256100,SPY,60.25922275430266,-0.2452875399155232,-2.579825694395216,2.334538154479693,416.6216302631783,419.9106028787059,2023-11-14,0.0270068273698664,1,0,0.515,2023
2023-11-08,426.2342224121094,427.0530564565,423.9141777452995,426.5266525176992,61746000,SPY,60.552841129316725,0.5131031672880795,-1.961239922058557,2.4743430893466365,417.5371152297432,420.1585879584473,2023-11-15,0.0284276124532938,1,0,0.595,2023
2023-11-09,422.9101257324219,427.42348541262743,422.48120841408235,427.3844848158496,83174400,SPY,55.82098236648484,0.8362664857512527,-1.4017386404965952,2.238005126247848,418.04883051571255,420.2664914005639,2023-11-16,0.0377788324495185,1,1,0.505,2023
2023-11-10,429.5095520019531,429.8214972756238,422.9003639783407,424.9962221149656,89462200,SPY,62.1455570585035,1.6063769762961329,-0.8001155171380496,2.4064924934341825,419.1403278001165,420.6289643653243,2023-11-17,0.0231043836406965,1,0,0.915,2023
2023-11-13,429.10009765625,430.21136165399025,427.37470077216653,428.16429169782634,52236100,SPY,61.55674740405465,2.1587705811820683,-0.208338297474026,2.3671088786560945,420.0888773102244,420.9611656708508,2023-11-20,0.0319635109132143,1,0,0.875,2023
2023-11-14,437.4250183105469,438.7214981235358,434.85151436015457,435.0757306092195,97176900,SPY,68.16175421222403,3.2310524539433914,0.4795398528094575,2.7515126011339337,421.73993835787417,421.60680695083886,2023-11-21,0.0101173171211053,0,0,0.825,2023
2023-11-15,438.3510437011719,440.00822689231774,437.4932090962841,438.7702034175982,77327600,SPY,68.80382363281356,4.1082091950575546,1.205273721259077,2.9029354737984776,423.3219483905691,422.2634436861461,2023-11-22,0.0118750586105278,0,0,0.44,2023
2023-11-16,438.8871765136719,439.2088495951082,436.8303191638532,437.90261234986747,66665800,SPY,69.19120765745672,4.791391490716137,1.922497275150489,2.868894215565648,424.8043510689599,422.9153547774216,2023-11-24,0.011261030264323,0,0,0.48,2023
2023-11-17,439.43310546875,440.0472384283699,437.9708954691745,438.8969439529958,83133200,SPY,69.6051019668401,5.31559541118753,2.6011169023578975,2.714478508829633,426.1975657737018,423.56310970649326,2023-11-27,0.008185650679642,0,0,0.64,2023
2023-11-20,442.8156433105469,443.6637202691442,439.1698464988808,439.1796040842049,69936200,SPY,72.10558153577213,5.935551981145295,3.2680039181153773,2.6675480630299178,427.7802398248299,424.3181110242993,2023-11-28,0.0014749641682672,0,0,0.795,2023
2023-11-21,441.8505859375,442.6889351000426,440.5735916452,441.76285691154857,49244600,SPY,70.32793409409283,6.27664668874786,3.869732472241874,2.406914216505986,429.12027278794136,425.0056590601111,2023-11-29,0.0029564404194892,0,0,0.885,2023
2023-11-22,443.5564880371094,444.8822404813006,442.45498156900504,443.5175171922335,59394900,SPY,71.65805773182095,6.608440753205912,4.417474128434682,2.19096662477123,430.49515043071926,425.7331425494051,2023-11-30,0.0030329302246474,0,0,0.73,2023
2023-11-24,443.8294982910156,444.0244715391571,443.2738810564203,443.605311779268,29737400,SPY,71.8753483209684,6.814862097429625,4.896951722233671,1.9179103751959543,431.765088322176,426.4428035588801,2023-12-01,0.0083461197704388,0,0,0.735,2023
2023-11-27,443.0301513671875,444.01468588647,442.6402048955527,443.1958518437672,50506000,SPY,70.17883034192437,6.8351604091236595,5.284593459611669,1.5505669495119907,432.83795146932,427.0932877866568,2023-12-04,0.0048626416697641,0,0,0.78,2023
2023-11-28,443.4687805175781,444.77501785393656,442.07481415289016,442.6401889183708,62115000,SPY,70.58906672640781,6.80816043844078,5.589306855377491,1.2188535830632885,433.8504113786779,427.7354639721832,2023-12-05,0.0036709691337868,0,0,0.845,2023
2023-11-29,443.1568908691406,446.7734454003551,442.75724627283944,445.632908391453,63146000,SPY,69.85322549226794,6.684540655398621,5.8083536153817175,0.8761870400169034,434.7367427587219,428.3402258112796,2023-12-06,0.0003299276617589,0,0,0.845,2023
2023-11-30,444.9017639160156,445.25270979103846,441.91885784764736,444.0049584274644,79752700,SPY,71.63470774344589,6.650702599427973,5.976823412190969,0.673879187237004,435.7048400117976,428.9896978938183,2023-12-07,0.0040096605003203,0,0,0.645,2023
2023-12-01,447.53375244140625,448.0698842155557,443.6930117448504,444.2876295398619,89183400,SPY,74.11912451031081,6.758359018007184,6.133130533354212,0.6252284846529719,436.8314031003317,429.7169157192139,2023-12-08,0.0023959435889484,0,0,0.52,2023
2023-12-04,445.1844482421875,447.55322124535616,442.89364668102655,444.1219125709975,72430900,SPY,68.36339033406955,6.578277996523184,6.222160025988007,0.3561179705351769,437.6269312090799,430.3234856220756,2023-12-11,0.0116051737465077,0,-1,0.495,2023
2023-12-05,445.09674072265625,446.06178982641745,443.4103144389596,443.790503327556,69793500,SPY,68.15061441249655,6.355226134867735,6.248773247763953,0.1064528871037815,438.3383416389443,430.9028289593533,2023-12-12,0.0164257901820576,0,-1,0.595,2023
2023-12-06,443.3031005859375,447.28029879816927,442.8644256752274,447.2510557873712,69124700,SPY,63.77883125613322,5.964963769275585,6.19201135206628,-0.2270475827906954,438.81117582437224,431.38911412118017,2023-12-13,0.0346116343511662,1,-1,0.67,2023
2023-12-07,446.6856689453125,447.3387727517631,444.7945416347511,445.39891700743266,66995400,SPY,67.95386888463281,5.861060374539306,6.125821156560885,-0.2647607820215789,439.5611275501761,431.9889790162442,2023-12-14,0.0300722907897221,1,-1,0.63,2023
2023-12-08,448.60601806640625,449.1421498074846,445.69132604578505,445.93502770059104,83194400,SPY,70.06354868310385,5.866052113399633,6.073867347928635,-0.2078152345290025,440.42254569457896,432.6406276064466,2023-12-15,0.0239740047600252,1,-1,0.585,2023
2023-12-11,450.3508911132813,450.52637891012574,447.89438919355985,448.1088478352707,65002200,SPY,71.87529442870282,5.942305575067735,6.047554993356456,-0.1052494182887207,441.368102401122,433.3351477439696,2023-12-18,0.0257443570544833,1,-1,0.59,2023
2023-12-12,452.4078063964844,452.5052930185976,448.9959828637036,450.0000325991152,68327600,SPY,73.88195901357975,6.098414143694924,6.05772682342415,0.0406873202707744,442.41950278163273,434.0830951421074,2023-12-19,0.0272896912064279,1,-1,0.59,2023
2023-12-13,458.64654541015625,458.9000046679178,452.42727399846257,452.7879477122068,93278000,SPY,78.81836967783161,6.648901016004061,6.175961661940132,0.4729393540639286,443.9649354129207,435.0463677016387,2023-12-20,-0.0007258667117352,0,-1,0.555,2023
2023-12-14,460.1185302734375,461.79519902487226,457.42805420169,460.5961760475195,119026000,SPY,79.78899112828375,7.121846491767201,6.365138627905546,0.7567078638616547,445.50337301868416,436.0295897632779,2023-12-21,0.005522126044394,0,-1,0.56,2023
2023-12-15,459.36090087890625,460.7018256606562,457.5012649448637,459.5175058870526,141553700,SPY,77.81257475921859,7.350789502653015,6.562268802855041,0.7885206997979743,446.82313757680055,436.9445431403614,2023-12-22,0.0092046830200065,0,-1,0.55,2023
2023-12-18,461.94488525390625,462.9334413995939,459.90907968158217,460.9759234045556,70375300,SPY,79.66287723178282,7.652520934228505,6.780319229129734,0.8722017050987709,448.2633040222392,437.9249487134416,2023-12-26,0.0077969823630954,0,-1,0.61,2023
2023-12-19,464.7538757324219,464.83219317180465,462.414657477173,462.4929450472045,55761800,SPY,81.47177758954709,8.025791000737854,7.029413583451358,0.996377417286496,449.8338346613042,438.97706349849966,2023-12-27,0.0035169614923578,0,-1,0.66,2023
2023-12-20,458.3136291503906,465.7913312403431,457.8829728663811,463.89253667976,102921000,SPY,66.8012249860689,7.713025188744268,7.16613590450994,0.5468892842343278,450.6414341364553,439.7353601907307,2023-12-28,0.0180028380570249,0,-1,0.74,2023
2023-12-21,462.6593627929687,462.9334141013397,458.88133775326304,461.3184379551816,86667500,SPY,70.64272089012431,7.726751237003441,7.278258971008641,0.4484922659948003,451.785998770409,440.63434068493615,2023-12-29,0.0055214162244296,0,-1,0.68,2023
2023-12-22,463.5891723632813,465.2824361058466,461.680610325519,463.7947033801027,67160400,SPY,71.40511966527328,7.723623961482133,7.36733196910334,0.356291992378793,452.9101105411587,441.5345301625183,2024-01-02,-0.0021112653702317,0,-1,0.685,2023
2023-12-26,465.5466613769531,466.4568999785943,463.92191803061615,464.00023546887513,55387000,SPY,72.99512494002877,7.789308279910927,7.451727231264858,0.3375810486460686,454.1135915731391,442.47618236700595,2024-01-03,-0.0144222565759116,0,-1,0.71,2023
2023-12-27,466.3883972167969,466.53520507295934,464.80281263154177,465.3411180605876,68000300,SPY,73.67303525600741,7.8191503253921155,7.52521185009031,0.2939384753018057,455.2826206820589,443.41391628268406,2024-01-04,-0.0193699834746867,0,-1,0.725,2023
2023-12-28,466.5645751953125,467.40629349897097,466.1437160434832,466.7505417729767,77158100,SPY,73.82116452542893,7.767477802896963,7.57366504065164,0.1938127622453223,456.357092540464,444.3217852596499,2024-01-05,-0.0183976230849191,0,-1,0.7,2023
2023-12-29,465.2138977050781,466.8973642343975,463.2465827268645,466.36882605664505,122283100,SPY,70.54409627611624,7.530729014793508,7.565077835480015,-0.0343488206865068,457.2005977942368,445.1410837869216,2024-01-08,-0.0014937553992097,0,-1,0.65,2023
2024-01-02,184.0814971923828,186.85799339797137,182.34618895522584,185.5788148528252,82488700,AAPL,35.42535932900982,0.7908466881722802,2.0997624005776774,-1.3089157124053972,190.89467134068457,187.1660627297942,2024-01-09,-0.0026934759840566,0,-1,0.555,2024
2024-01-03,182.70315551757812,184.31947592788424,181.8900324473893,182.67340858873573,58414500,AAPL,33.21003028262514,0.0684444064189051,1.693498801745923,-1.6250543953270178,190.11452697657916,186.99104676068768,2024-01-10,0.0105292177796649,0,0,0.52,2024
2024-01-04,180.3828125,181.552898769594,179.36146088139282,180.62078794157884,71983600,AAPL,29.828345451742024,-0.6834188687948881,1.218115267637761,-1.9015341364326488,189.18769702642876,186.7319003190921,2024-01-11,0.0202298882855471,1,0,0.83,2024
2024-01-05,179.658935546875,181.2256728170181,178.65742022872922,180.46214807824285,62379700,AAPL,28.84165422824789,-1.3224424582425058,0.7100037224617074,-2.032446180704213,188.28019593313792,186.45452915155417,2024-01-12,0.0261617675635936,1,0,0.725,2024
2024-01-08,184.00216674804688,184.04183940945515,179.9762540642685,180.56129720920063,59144500,AAPL,41.37264201303464,-1.461562810471321,0.2756904158751017,-1.7372532263464229,187.87276458217687,186.3583580769068,2024-01-16,-0.0104008154731587,0,0,0.62,2024
2024-01-09,183.5856781005859,183.59558869970448,181.1959073433652,182.37591925795493,42841800,AAPL,40.63368265970435,-1.5871284165964994,-0.0968733506192184,-1.4902550659772809,187.46447063154915,186.2496255288158,2024-01-17,-0.0132872364484775,0,0,0.55,2024
2024-01-10,184.6268768310547,184.8351053395885,182.3759299825551,182.8023278606972,46792900,AAPL,43.357421450908454,-1.5843605065250586,-0.3943707818003865,-1.189989724724672,187.19422360293063,186.18598832498205,2024-01-18,0.0131049454338025,0,0,0.62,2024
2024-01-11,184.0319366455078,185.47968635384467,182.0784739212565,184.97395820724128,49128400,AAPL,42.16694224520142,-1.6115961415665367,-0.6378158537536166,-0.97378028781292,186.89305341650945,186.1015157101007,2024-01-19,0.0321676563673618,1,0,0.725,2024
2024-01-12,184.359130859375,185.1722539181108,183.63526371659532,184.49795490224625,40477800,AAPL,43.09237700422628,-1.5884678711444735,-0.827946257231788,-0.7605216139126855,186.65172745868708,186.0331868924252,2024-01-22,0.0428679971130989,1,0,0.655,2024
2024-01-16,182.08839416503903,182.7130948998251,179.41104910197012,180.63073389939075,65603000,AAPL,38.48923116228352,-1.733386622115319,-1.0090343302084943,-0.7243522919068244,186.21712428786347,185.8784891384101,2024-01-23,0.0628980390661628,1,0,0.73,2024
2024-01-17,181.14633178710935,181.39423295178236,178.78632298828933,179.74818071767538,47317400,AAPL,36.73598252697688,-1.902323535535686,-1.1876921712739328,-0.7146313642617532,185.734191668744,185.69291434031985,2024-01-24,0.0647033771167944,1,0,0.65,2024
2024-01-18,187.04640197753903,187.55211493445296,184.26990575318283,184.52771753168437,78005800,AAPL,51.60459922201974,-1.5423417455539834,-1.2586220861299429,-0.2837196594240405,185.85916407910543,185.74599228687745,2024-01-25,0.0293696346948708,1,0,0.555,2024
2024-01-19,189.95181274414065,190.3385380102556,187.23482528040057,187.74053828049293,68903000,AAPL,56.96800137720256,-1.0109575270581956,-1.2090891743155934,0.1981316472573977,186.24894014244217,185.9109264224564,2024-01-26,0.0044893909250793,0,-1,0.47,2024
2024-01-22,192.26223754882812,193.69015075906108,190.64591702187175,190.68558968364889,60133900,AAPL,60.69808810353064,-0.3988025848193786,-1.0470318564163503,0.648229271596972,186.8216351335265,186.15999744702,2024-01-29,-0.0111402308140777,0,-1,0.63,2024
2024-01-23,193.54139709472656,194.10661903356933,192.20273983497617,193.38275184285897,42355600,AAPL,62.629495685029376,0.1873919642977455,-0.8001470922735314,0.9875390565712768,187.4616124631646,186.44946409987125,2024-01-30,-0.0365816459552872,-1,-1,0.645,2024
2024-01-24,192.8671112060547,194.73133285541883,192.70845082511164,193.7793857004472,53631300,AAPL,60.929712909609904,0.5907364892755425,-0.5219703759637166,1.112706865239259,187.97642186724937,186.70113653540787,2024-01-31,-0.051928050096604,-1,-1,0.615,2024
2024-01-25,192.53988647460935,194.62226243680655,191.48878789336808,193.581074455708,54822100,AAPL,60.07756774567374,0.873911719849076,-0.2427939568011581,1.116705676650234,188.4110375441408,186.9301071212589,2024-02-01,-0.0376474030483042,-1,-1,0.61,2024
2024-01-26,190.80458068847656,193.1249321296598,190.3286146537771,192.63905549468925,44594000,AAPL,55.63392883716585,0.9473845959647916,-0.0047582462479681,0.95214284221276,188.6389940340775,187.0820472611498,2024-02-02,-0.034143999685235,-1,0,0.4,2024
2024-01-29,190.12039184570312,190.58644733122568,187.9884474907554,190.39803999060732,47145600,AAPL,53.93989843729065,0.9395732425468566,0.1841080515109968,0.7554651910358597,188.78007953994663,187.2011980291715,2024-02-05,-0.0211234914400231,-1,0,0.495,2024
2024-01-30,186.4613342285156,190.18977744614463,185.89612743839433,189.33699683048337,55859400,AAPL,45.891780681868525,0.6308552127993607,0.2734574837686696,0.3573977290306911,188.5592466531437,187.1721837624791,2024-02-06,0.0067008567152184,0,0,0.565,2024
2024-01-31,182.85189819335935,185.52924295226455,182.80233006356883,185.4697339612798,55467800,AAPL,39.612982487099075,0.0938606600468574,0.2375381190243072,-0.1436774589774497,188.01568965697376,187.00276079898424,2024-02-07,0.0271691247095353,1,0,0.465,2024
2024-02-01,185.291259765625,185.38050055962896,182.2767880551107,182.4453590429028,64885400,AAPL,45.08163955283637,-0.1333382591089673,0.1633628433976523,-0.2967011025066196,187.75622014351197,186.93564311140153,2024-02-08,0.0078133955594088,0,0,0.575,2024
2024-02-02,184.2897491455078,185.75731994134992,177.74515173237538,178.35003123610636,102551700,AAPL,43.34603588205389,-0.3897161710596606,0.0527470405061897,-0.4424632115658503,187.42608004846392,186.83188256371943,2024-02-09,0.0174387107783633,0,0,0.575,2024
2024-02-05,186.10438537597656,187.66121220628375,184.27983613833493,186.5704408518845,69668800,AAPL,47.304638842255464,-0.4413835404302517,-0.0460790756810985,-0.3953044647491531,187.30020436536992,186.8033532622393,2024-02-12,-0.0015515879630423,0,-1,0.415,2024
2024-02-06,187.71078491210935,187.72069551270496,185.2020260688322,185.291266866256,43490800,AAPL,50.595622667378485,-0.3486878293290374,-0.1066008264106863,-0.242087002918351,187.3393072745832,186.83893881713615,2024-02-13,-0.0212566211779823,-1,-1,0.44,2024
2024-02-07,187.81982421875,189.44605509952288,187.02653754090557,189.03949359665845,53439000,AAPL,50.820142558257075,-0.2633910417048355,-0.1379588694695162,-0.1254321722353193,187.38507079307527,186.87740491131711,2024-02-14,-0.0265296986910348,-1,-1,0.41,2024
2024-02-08,186.739013671875,187.94875754592417,185.77715585449096,187.8000228857875,40962000,AAPL,48.46886747983216,-0.2797799720439684,-0.1663230899844066,-0.1134568820595617,187.32354154343716,186.87197780388803,2024-02-15,-0.022437418533292,-1,-1,0.415,2024
2024-02-09,187.50352478027344,188.63539609029752,186.6595791337662,187.304938639922,45155200,AAPL,50.22320597361997,-0.2284452852061349,-0.1787475290287523,-0.0496977561773826,187.34068280408823,186.89674435198157,2024-02-16,-0.034630859397093,-1,-1,0.445,2024
2024-02-12,185.8156280517578,187.3247948043087,185.45819421957455,187.0765772861258,41781900,AAPL,46.46231050171746,-0.3202694686169991,-0.2070519169464016,-0.1132175516705974,187.19543949434248,186.85434763432573,2024-02-20,-0.0298691541601789,-1,-1,0.41,2024
2024-02-13,183.72068786621097,184.8823592862032,182.2015977323704,184.44549399150463,56529500,AAPL,42.23495027034044,-0.5556794337418864,-0.2767774203054986,-0.2789020134363878,186.86451076785377,186.73145901596828,2024-02-21,-0.014699444425019,0,0,0.565,2024
2024-02-14,182.83702087402344,184.2071864451767,181.13922150541595,183.9986922104331,54630500,AAPL,40.55864325600338,-0.8042768652393875,-0.3822773092922764,-0.421999555947111,186.4809403017747,186.5787359515783,2024-02-22,0.0011945846940435,0,0,0.605,2024
2024-02-15,182.549072265625,183.17458519121217,180.05697410890977,182.24128500065143,65434500,AAPL,40.00149745856358,-1.0128516436895438,-0.5083921761717299,-0.5044594675178139,186.10647667928424,186.42070992467816,2024-02-23,-0.0072880626597353,0,0,0.77,2024
2024-02-16,181.01011657714844,183.53201471208476,180.3746804207065,182.11220281800783,49752500,AAPL,37.07053592057551,-1.2874881587219704,-0.6642113726817781,-0.6232767860401923,185.6211090505094,186.2085297934025,2024-02-26,-0.006307681426767,0,0,0.765,2024
2024-02-20,180.26547241210935,181.12926445278407,178.7165976564194,180.49382826711656,53665600,AAPL,35.70721769668309,-1.5473888015143586,-0.8408468584482943,-0.7065419430660643,185.11104841828083,185.97546871962632,2024-02-27,0.0058934077362233,0,0,0.695,2024
2024-02-21,181.0200958251953,181.5860239414673,179.3719277146552,180.64280031434973,41371400,AAPL,38.18810261326905,-1.6731827217292905,-1.0073140311044937,-0.6658686906247966,184.721433885606,185.7811403708251,2024-02-28,-0.0049365553508444,0,0,0.755,2024
2024-02-22,183.0554351806641,183.6412399886709,181.1590650140456,182.1717814956972,52292200,AAPL,44.41785698526036,-1.590308349134034,-1.1239128947104018,-0.4663954544236321,184.56276734227825,185.67424997121097,2024-02-29,-0.0196342817341504,0,0,0.59,2024
2024-02-23,181.21864318847656,183.72066477086588,180.9307023940782,183.6908798817894,45119700,AAPL,40.45524528304693,-1.6537798303904765,-1.229886281846417,-0.4238935485440596,184.24427932763044,185.4995202934567,2024-03-01,-0.0156695515329,0,0,0.705,2024
2024-02-26,179.8683624267578,181.4569455981047,179.36198894745647,180.94066402116508,40867400,AAPL,37.78648711695975,-1.7923764097411663,-1.342384307425367,-0.4499921023157993,183.8275253370711,185.278690573194,2024-03-04,-0.0334511297349907,-1,0,0.69,2024
2024-02-27,181.32785034179688,182.60864595739088,178.27973221361,179.80876047563007,54318900,AAPL,42.223082822676915,-1.7641111449587754,-1.4267296749320486,-0.3373814700267268,183.58946105180692,185.12375566215883,2024-03-05,-0.0684991680061988,-1,0,0.53,2024
2024-02-28,180.12648010253906,181.814356133641,178.84568442217187,181.2087048057168,48953900,AAPL,39.71261496949992,-1.8176979663383293,-1.5049233332133047,-0.3127746331250245,183.25965334235283,184.9277840715855,2024-03-06,-0.0677984465430877,-1,0,0.685,2024
2024-02-29,179.46127319335938,181.26830407372196,178.2499704416867,179.97756989489093,136682600,AAPL,38.35284067411716,-1.89203237508778,-1.5823451415882,-0.3096872334995799,182.8979028519725,184.7134110959688,2024-03-07,-0.0650069457351791,-1,0,0.67,2024
2024-03-01,178.3790283203125,179.24282037465971,176.11528592616577,178.26981201401622,73563100,AAPL,36.1822054491225,-2.0150428860594616,-1.6688846904824524,-0.3461581955770092,182.4675338489573,184.46500392829603,2024-03-08,-0.0497049335480308,-1,0,0.54,2024
2024-03-04,173.8515625,175.63871657984365,172.55088992856452,174.89406399657693,81510100,AAPL,28.830935495785525,-2.4496205554090977,-1.8250318634677816,-0.6245886919413162,181.64696514905657,184.0487905389511,2024-03-11,-0.0134209432436076,0,0,0.61,2024
2024-03-05,168.90704345703125,170.8133520831047,168.41060844555398,169.5424796657224,95132400,AAPL,23.270316045467496,-3.1566202991488126,-2.091349550603988,-1.0652707485448247,180.43363927362557,183.45499653573856,2024-03-12,0.0182812363927811,0,0,0.47,2024
2024-03-06,167.9141845703125,170.01907946057096,167.47731930724007,169.84035496658896,68587700,AAPL,22.338630945272016,-3.7537670147042377,-2.423833043424038,-1.3299339712802,179.24131025426243,182.84555292925128,2024-03-13,0.011885129108075,0,1,0.78,2024
2024-03-07,167.7950439453125,169.51270494606766,167.28868565722726,167.94396839769192,71765100,AAPL,22.223646467205754,-4.188343129288057,-2.7767350605968417,-1.4116080686912156,178.15118965341006,182.25533689066543,2024-03-14,0.0236685540351686,1,1,0.585,2024
2024-03-08,169.51271057128906,172.46153602621885,167.7354797306053,167.7950495135339,76267000,AAPL,27.979411022699296,-4.344070746000455,-3.090202197677564,-1.2538685483228904,177.3284773598747,181.75562605461147,2024-03-15,0.0110700289895253,0,1,0.535,2024
2024-03-11,171.518310546875,173.13669366515666,170.8233045037464,171.70695829072324,60139500,AAPL,34.1108120115524,-4.256583601543213,-3.323478478450694,-0.9331051230925188,176.775128139589,181.3541627013669,2024-03-18,0.0056150797322283,0,1,0.665,2024
2024-03-12,171.994873046875,172.7891721100731,169.79070034274764,171.91544162555573,59825400,AAPL,35.51562267301847,-4.10151508549788,-3.479085799860131,-0.6224292856377485,176.31986574980672,180.9871317345241,2024-03-19,0.0164522151454029,0,1,0.67,2024
2024-03-13,169.9098663330078,171.9551763303205,169.54249409126064,171.53817270319811,52488700,AAPL,32.273550620322695,-4.099607067645508,-3.6031900534172063,-0.4964170142283008,175.7093896148735,180.55272916975875,2024-03-20,0.0440598666590392,1,1,0.715,2024
2024-03-14,171.76651000976562,173.06716728584055,170.82328653971078,171.67715534575908,72913500,AAPL,37.725124310664235,-3.9032846855110392,-3.6632089798359737,-0.2400757056750659,175.33387727152987,180.20817155564137,2024-03-21,-0.009421874070014,0,1,0.71,2024
2024-03-15,171.38922119140625,171.38922119140625,169.0758321837892,169.94956266563446,121752700,AAPL,37.072083048041776,-3.7350860903117393,-3.6775844019311266,-0.0575016883806127,174.95819574008954,179.86233036488707,2024-03-22,-0.001969611554817,0,1,0.745,2024
2024-03-18,172.4813995361328,176.4429567936847,172.2828285408912,174.31821532960825,75604200,AAPL,40.29412591953539,-3.4736161424672787,-3.636790750038357,0.1631746075710785,174.72231038733176,179.5728820970928,2024-03-25,-0.0165209022393559,0,1,0.735,2024
2024-03-19,174.82456970214844,175.350789645184,171.7963128554373,173.09697026746844,55215200,AAPL,46.61012182663732,-3.042255843676571,-3.517883768766,0.4756279250894288,174.73204936969526,179.3866737678793,2024-03-26,-0.0361768384758611,-1,1,0.74,2024
2024-03-20,177.3960723876953,177.3960723876953,173.8415961439034,174.46710906124463,53423100,AAPL,52.54333352353461,-2.4644917959915063,-3.3072053742111014,0.8427135782195951,174.98576584760002,179.3086109686564,2024-03-27,-0.029999409074398,-1,0,0.51,2024
2024-03-21,170.1481475830078,176.22452301821235,169.62192763151074,175.78765774149878,106181300,AAPL,39.29001834466651,-2.561924315176384,-3.158149162404158,0.596224847227774,174.52504029859125,178.9493771103957,2024-03-28,0.0006418356877322,0,1,0.765,2024
2024-03-22,171.05165100097656,171.8161651814705,168.84747827799018,170.53535433298114,71160100,AAPL,41.27842586497045,-2.5369902690567585,-3.0339173837346785,0.4969271146779199,174.19424131786604,178.6396623610067,2024-04-01,-0.0130600771219302,0,1,0.765,2024
2024-03-25,169.63185119628906,170.7140758962492,168.24182406010684,169.3538487990515,54288300,AAPL,39.11061241068828,-2.6018038610001213,-2.947494679187767,0.3456908181876459,173.75972797295395,178.28641486435112,2024-04-02,-0.0117646921249298,0,1,0.845,2024
2024-03-26,168.49996948242188,170.19776864921857,168.37089153816484,168.7878951080797,57388400,AAPL,37.42328522163763,-2.7132261126488686,-2.9006409658799877,0.187414853231119,173.25879859290328,177.90263269251076,2024-04-03,-0.0003535330758989,0,1,0.82,2024
2024-03-27,172.0742950439453,172.3622358242069,168.8971141151568,169.19497814129184,60273300,AAPL,45.42971110749622,-2.484471409031073,-2.817407054510205,0.3329356454791319,173.14598873109776,177.67407043178272,2024-04-04,-0.0259071933724576,-1,1,0.885,2024
2024-03-28,170.25735473632812,171.00200728609337,169.29426955996547,170.5254338962422,65672700,AAPL,42.456016227734985,-2.4218756810602997,-2.738300779820224,0.3164250987599244,172.8708807315959,177.38321883588256,2024-04-05,-0.0110799565441289,0,1,0.88,2024
2024-04-01,168.8177032470703,170.02900599080004,168.2716216576847,169.9694362083208,46240500,AAPL,40.210102817931265,-2.4600777146301596,-2.6826561667822113,0.2225784521520517,172.48486382830774,177.04731626377227,2024-04-08,-0.0092925138451306,0,1,0.88,2024
2024-04-02,167.6361846923828,168.13261974429108,167.0305333230549,167.87447897129715,49329500,AAPL,38.41407915887555,-2.556225201537387,-2.6573699737332466,0.1011447721958593,172.02308486298156,176.67825228058052,2024-04-09,0.0049158922485061,0,1,0.91,2024
2024-04-03,168.44039916992188,169.46305411699578,167.37803608655156,167.5865303145986,47691700,AAPL,40.366542480869896,-2.5382697961876772,-2.633549938224133,0.0952801420364557,171.6818767017378,176.35519921741744,2024-04-10,-0.0110226462576468,0,1,0.885,2024
2024-04-04,167.6163330078125,170.69422114433502,167.6163330078125,169.0758380772312,53704400,AAPL,39.002072431937734,-2.561013491011437,-2.6190426487815937,0.0580291577701568,171.2946820642211,176.01249858174666,2024-04-11,0.0368439269018645,1,1,0.895,2024
2024-04-05,168.37091064453125,169.17513298848516,167.74539764368038,168.3808338913719,42104800,AAPL,40.96970472729487,-2.4894530587731367,-2.5931247307799024,0.1036716720067656,171.01622764329824,175.71282846656177,2024-04-12,0.0411015377789152,1,1,0.85,2024
2024-04-08,167.24896240234375,167.99361496437555,167.04046816897213,167.82482886831443,37425500,AAPL,38.95749404117579,-2.4945175023077013,-2.5734032850854622,0.0788857827777609,170.65744047749303,175.3809121503179,2024-04-15,0.0251706349191866,1,1,0.835,2024
2024-04-09,168.46026611328125,168.86734648560252,167.1496854743383,167.49718091534808,42373800,AAPL,42.255031046144225,-2.3734296050328396,-2.5334085490749376,0.159978944042098,170.44818577613955,175.10951426651255,2024-04-16,-0.0017091157307486,0,1,0.84,2024
2024-04-10,166.583740234375,167.88439761067826,165.91851910107465,167.59647195447172,49709300,AAPL,38.76165137593283,-2.401206911125854,-2.506968221485121,0.1057613103592669,170.08014334359055,174.77517018682087,2024-04-17,0.0013112298062365,0,1,0.82,2024
2024-04-11,173.79197692871094,174.208995705804,166.9610408919762,167.13975023930564,91070300,AAPL,54.36785881254067,-1.8205895438599669,-2.3696924859600905,0.5491029421001237,170.4336513040782,174.73661358846363,2024-04-18,-0.0457039389599188,-1,1,0.51,2024
2024-04-12,175.2912139892578,177.0883063929916,172.96790166012116,173.0175330436537,101670900,AAPL,56.83197959357483,-1.2253451795611738,-2.1408230246803073,0.9154778451191334,170.89627632171437,174.75836262378888,2024-04-19,-0.0654205713236161,-1,0,0.455,2024
2024-04-15,171.45872497558594,175.37063525095596,171.27007724910962,174.10968609239896,73531800,AAPL,49.476877287250765,-1.050747206576574,-1.9228078610595607,0.8720606544829868,170.94984286017834,174.6289650689574,2024-04-22,-0.0396664720368997,-1,1,0.46,2024
2024-04-16,168.17234802246094,172.52110890421707,167.0702615685236,170.52544539032877,73711200,AAPL,44.194979290162514,-1.164140720224509,-1.7710744328925505,0.6069337126680414,170.68531954230048,174.37576440046735,2024-04-23,-0.0146417727857666,0,1,0.42,2024
2024-04-17,166.8021697998047,169.43326939438705,166.8021697998047,168.4006911997193,50901200,AAPL,42.17348914167597,-1.349017197736373,-1.6866629858613151,0.3376457881249421,170.31549575730088,174.07876069063744,2024-04-24,0.0060714188028465,0,1,0.44,2024
2024-04-18,165.8489990234375,167.4375970919546,165.36250241682455,166.83194578270678,43122900,AAPL,40.77620776940349,-1.5545264406511876,-1.6602356768192896,0.105709236168102,169.89011511598056,173.7560249389825,2024-04-25,0.017061885642575,0,1,0.545,2024
2024-04-19,163.8235626220703,165.21357466916862,162.9101239696921,165.02494208062998,68149400,AAPL,37.902486676527936,-1.8593958289054344,-1.700067707236519,-0.1593281216689155,169.31234821179862,173.36651661282912,2024-04-26,0.0260605545222529,1,1,0.53,2024
2024-04-22,164.65756225585938,166.06743588145892,163.59519920100377,164.33985172403135,48116400,AAPL,39.78431224757782,-2.010534030353313,-1.7621609718598776,-0.2483730584934349,168.86903526361394,173.02498899098717,2024-04-29,0.0461892403279102,1,1,0.485,2024
2024-04-23,165.7100067138672,165.85894631264824,163.74412823991457,164.17107024309314,49537800,AAPL,42.166113628053594,-2.022079399163971,-1.8141446573206963,-0.2079347418432746,168.5681754017333,172.73812694090404,2024-04-30,0.0205511598511634,1,1,0.475,2024
2024-04-24,167.8148956298828,168.09289802448964,165.02493328758231,165.35256706337344,48251800,AAPL,46.706422951509765,-1.8401699096421569,-1.8193497077849885,-0.0208202018571681,168.49643447108087,172.5450590463542,2024-05-01,0.0016565864245019,0,1,0.455,2024
2024-04-25,168.67869567871094,169.39356334150216,166.9510963019663,168.3212618473153,50558300,AAPL,48.49346243010809,-1.607770506154225,-1.7770338674588355,0.169263361304611,168.51379268133135,172.39343695350544,2024-05-02,0.0184825637496746,0,1,0.41,2024
2024-04-26,168.0928955078125,170.1183436596222,167.97374080476908,168.66876193087458,44838400,AAPL,47.334269019279446,-1.454099528380311,-1.7124469996431309,0.2583474712628195,168.47370723623433,172.22478826936063,2024-05-03,0.0831660938100256,1,1,0.41,2024
2024-04-29,172.26296997070312,174.77493022282954,171.8658279731322,172.13389200399433,68169400,AAPL,55.490736632415555,-0.9844755911658184,-1.5668527179476683,0.58237712678185,168.83458940142182,172.22628559098192,2024-05-06,0.047319854880133,1,0,0.435,2024
2024-04-30,169.11553955078125,173.74231713050509,168.78789065093028,172.09414938579766,65934800,AAPL,49.28636504506739,-0.8563945844967691,-1.4247610912574886,0.5683665067607195,168.86134655850367,172.10429555018973,2024-05-07,0.0708625774102611,1,1,0.505,2024
2024-05-01,168.0928955078125,171.47858587357683,167.90424778215495,168.37089789825708,50383100,AAPL,47.43073990328059,-0.8278651771781256,-1.305381908441616,0.4775167312634905,168.78816074415212,171.9469857446063,2024-05-08,0.0793858209448394,1,1,0.385,2024
2024-05-02,171.7963104248047,172.18352915382397,169.67156903864844,171.2800137361139,94214900,AAPL,54.16139603822792,-0.5006496062461565,-1.1444354480025245,0.6437858417563678,169.07465118992857,171.94107690853565,2024-05-09,0.0666937091138051,1,1,0.42,2024
2024-05-03,182.0725250244141,185.6667099628623,181.3576573355521,185.31919936550048,163224100,AAPL,66.8460007752688,0.5811762889684928,-0.799313100608321,1.3804893895768138,170.31254393607003,172.3383885993544,2024-05-10,-0.0004457646699442,0,1,0.565,2024
2024-05-06,180.4144287109375,182.88666551151155,179.1336178251023,181.0498649554619,78569700,AAPL,63.77919776750557,1.2898677968055663,-0.3814769211255435,1.67134471793111,171.27462820034313,172.6550960547106,2024-05-13,0.0265404731537834,1,1,0.725,2024
2024-05-07,181.09950256347656,183.5816778461448,180.02721617336002,182.14201921219637,77305800,AAPL,64.50380812219817,1.885060849053616,0.0718306329102884,1.8132302161433276,172.21033052064155,172.98624925113282,2024-05-14,0.0289704619870165,1,1,0.615,2024
2024-05-08,181.4370880126953,181.7647369645701,180.15627709627628,181.5463043299869,45057100,AAPL,64.87669139432992,2.356827910449965,0.5288300884182238,1.8279978220317417,173.08906932940857,173.31765469276272,2024-05-15,0.0396044425116484,1,1,0.695,2024
2024-05-09,183.25404357910156,183.34339825305352,180.811576441112,181.25836496086745,48983000,AAPL,66.89255907198185,2.844529865155323,0.9919700437656436,1.8525598213896792,174.05716211509363,173.70731700203092,2024-05-16,0.0299477832029126,1,0,0.44,2024
2024-05-10,181.99136352539065,184.01955884654,181.07668601424152,183.83065525294157,50759500,AAPL,64.1376130645802,3.09348962748993,1.412273960510501,1.6812156669794291,174.81280034464572,174.03218157157443,2024-05-17,0.0372576105983524,1,1,0.4,2024
2024-05-13,185.2027130126953,186.01797810895252,183.55230940603695,184.36757450229416,72044800,AAPL,67.77287553193304,3.509466156767928,1.8317123997619864,1.6777537570059415,175.80231583684093,174.470241628089,2024-05-20,0.0255527419485732,1,0,0.62,2024
2024-05-14,186.34603881835935,187.2110177098357,185.2126323262415,186.4255779791011,52393600,AAPL,68.97853858243772,3.886585255010033,2.242686970811596,1.6438982841984369,176.8064799303189,174.93595916496236,2024-05-21,0.0262498511755371,1,0,0.78,2024
2024-05-15,188.622802734375,189.54741702859607,186.2863873072406,186.8232728469217,70400000,AAPL,71.28254174390095,4.319379558841888,2.658025488417654,1.661354070424233,177.93184400689566,175.47269812846875,2024-05-22,0.0062196721714629,0,0,0.82,2024
2024-05-16,188.7420959472656,189.99481870677727,188.5631442219314,189.36845732702145,52845200,AAPL,71.4023903452657,4.6187559841391135,3.0501715875619464,1.568584396577167,178.96139181074042,175.99306667038235,2024-05-23,-0.0155920229611746,0,0,0.795,2024
2024-05-17,188.7719268798828,189.706493039357,188.08591490450095,188.4140082479681,41282900,AAPL,71.43449475287366,4.803054443208794,3.400748158691316,1.4023062845174774,179.8957284839921,176.49419844330393,2024-05-24,0.0005792412263263,0,0,0.735,2024
2024-05-20,189.9351501464844,190.8100656899344,187.91689147556073,188.23504809883084,44361300,AAPL,72.72052693449979,4.98550489886739,3.717699506726531,1.267805392140859,180.85186388041993,177.0212945885267,2024-05-28,-0.0054960839809151,0,0,0.54,2024
2024-05-21,191.2375946044922,191.6153866469515,189.815856788038,189.98487181213304,42309400,AAPL,74.1251769557893,5.175534245120559,4.009266454405337,1.1662677907152226,181.84098109223635,177.57879654993712,2024-05-29,-0.0107096918226814,0,0,0.62,2024
2024-05-22,189.7959747314453,191.7048842739564,189.1696284842733,191.15806201805708,34648500,AAPL,69.83866244874605,5.1504361733081225,4.237500398185894,0.9129357751222288,182.59859953406576,178.05790157666294,2024-05-30,0.0020428559173961,0,0,0.645,2024
2024-05-23,185.7992248535156,189.89539287135,185.55067067436465,189.87550428926585,51005900,AAPL,59.55601231976936,4.753248962414432,4.340650111031602,0.41259885138283,182.90342099306105,178.36148288163756,2024-05-31,0.028734932704189,1,1,0.74,2024
2024-05-24,188.8812713623047,189.4778074092878,186.95248867034007,187.7279915996349,36327000,AAPL,63.962392795259674,4.633755581789558,4.399271205183194,0.234484376606364,183.47274007584613,178.7740236063696,2024-06-03,0.0213181330276641,1,1,0.69,2024
2024-05-28,188.89125061035156,191.8838376427625,188.00639828711084,190.40244918609352,52280100,AAPL,63.97607834751544,4.488125145739161,4.417041993294387,0.0710831524447739,183.98878869817997,179.17077760652575,2024-06-04,0.022948536885772,1,1,0.6,2024
2024-05-29,189.1894989013672,191.13817040866115,188.41401104911336,188.5134387924459,53068000,AAPL,64.41107516272591,4.346672386911877,4.402968072017885,-0.0562956851060088,184.48409443181689,179.56366863769605,2024-06-05,0.0293236650258257,1,1,0.54,2024
2024-05-30,190.18370056152344,191.06855279301288,189.52752908744432,189.6567669388692,49889100,AAPL,65.88971250955419,4.265622381952397,4.375498934004788,-0.1098765520523903,185.02691406321748,179.9801404778461,2024-06-06,0.0166762690812387,0,1,0.565,2024
2024-05-31,191.13815307617188,191.4563096895504,188.81168973037515,190.3328400080532,75158300,AAPL,67.29456665425363,4.22964924667744,4.346328996539318,-0.1166797498618787,185.608936826356,180.4177095993491,2024-06-07,0.0241353681775253,1,0,0.445,2024
2024-06-03,192.90786743164065,193.86232215027837,191.40660565779223,191.7843976924141,50080500,AAPL,69.77985049746205,4.294437830055784,4.335950763242612,-0.0415129331868273,186.3040730744783,180.90751971041936,2024-06-10,-0.0046900076804976,0,0,0.62,2024
2024-06-04,193.2260284423828,194.19041988861153,191.91365507081835,193.51434462038463,47471400,AAPL,70.21801599993277,4.321639019256935,4.333088414445477,-0.0114493951885421,186.96330691904063,181.39059848422187,2024-06-11,0.0658604446358643,1,0,0.605,2024
2024-06-05,194.7372283935547,195.76127042413225,193.74301165159252,194.269945311189,54156800,AAPL,72.27430287985136,4.414252607821339,4.3493212531206495,0.0649313547006897,187.7036803928039,181.91399573556825,2024-06-12,0.0878134887765911,1,0,0.435,2024
2024-06-06,193.35525512695312,195.36357706257476,193.04705038431933,194.55826398135935,41181800,AAPL,67.67273133909848,4.326265356992508,4.344710073895022,-0.0184447169025139,188.24192560558,182.3626725744461,2024-06-13,0.101604437594551,1,0,0.53,2024
2024-06-07,195.7513427734375,195.80105664694403,193.01724660656404,193.52429170702464,53103900,AAPL,71.10748330930099,4.399168202279299,4.355601699571877,0.0435665027074216,188.957108192995,182.8877184646026,2024-06-14,0.0792320536045572,1,0,0.58,2024
2024-06-10,192.0031280517578,196.15896182874013,191.03873662001607,195.76126603853865,97010200,AAPL,60.31211692486169,4.107149961361131,4.305911351929728,-0.1987613905685972,189.247205322401,183.24518550723616,2024-06-17,0.1219449839018425,1,0,0.57,2024
2024-06-11,205.9519805908203,205.9619324668351,192.51018190883104,192.53005531977516,172373300,AAPL,75.32529749475654,4.9442845909788105,4.433585999739544,0.5106985912392661,190.8381363003457,184.1356480595336,2024-06-18,0.0344677134315096,1,-1,0.56,2024
2024-06-12,211.83778381347656,218.9265393804105,205.7034527218097,206.1707358379729,198134300,AAPL,78.94463786893273,6.013336941449808,4.749536188081597,1.2638007533682103,192.8381027301677,185.2220063243941,2024-06-20,-0.0159103928610248,0,-1,0.62,2024
2024-06-13,213.00100708007812,215.4964857209176,210.37627540407073,213.4981154669776,97862700,AAPL,79.58206613832216,6.875178252214965,5.1746646009082715,1.700513651306694,194.75837933492107,186.3113789030484,2024-06-21,-0.0315067431350459,-1,-1,0.635,2024
2024-06-14,211.26112365722656,213.92561727783075,210.07800329190465,212.61325905037393,70122700,AAPL,75.88167796617118,7.333266319484807,5.606384944623579,1.726881374861228,196.33006927037871,187.28980026595735,2024-06-24,-0.0204715580674874,-1,-1,0.815,2024
2024-06-17,215.4169464111328,217.6837594401996,211.4897931914233,212.13602802573277,93728300,AAPL,78.45820928465905,7.940115864586346,6.073131128616133,1.8669847359702132,198.1478670933077,188.39282560498384,2024-06-25,-0.0350763038810163,-1,-1,0.815,2024
2024-06-18,213.05067443847656,217.3655861315708,211.76814166400055,216.33159234343563,79943300,AAPL,73.63469931612096,8.136319699943044,6.485768842881516,1.6505508570615284,199.56718207856187,189.3598000690424,2024-06-26,-0.0048531461689961,0,-1,0.86,2024
2024-06-20,208.4673614501953,213.00100258632773,207.64217489543017,212.6927826496957,86172500,AAPL,65.265088579552,7.831698652226379,6.754954804750489,1.07674384747589,200.41481820919364,190.10911620163665,2024-06-27,0.0210798224023407,1,-1,0.825,2024
2024-06-21,206.2900390625,210.66458669732776,205.91223184266303,209.17326157128963,241805100,AAPL,61.67847744540213,7.330095775911673,6.869982998982726,0.4601127769289466,200.97436305236567,190.74366219618028,2024-06-28,0.0150850361672212,0,-1,0.67,2024
2024-06-24,206.936279296875,211.46990537136972,205.39524025887107,206.5187100711235,80727000,AAPL,62.33999245380632,6.905120141929643,6.87701042757211,0.0281097143575337,201.5421645994618,191.3786667883644,2024-07-01,0.041366411006936,1,-1,0.69,2024
2024-06-25,207.8609161376953,210.1575545458077,207.40356972919952,207.94044013256496,55549700,AAPL,63.31574246106624,6.567231400135341,6.815054622084756,-0.2478232219494147,202.14395046024595,192.025029507946,2024-07-02,0.0535704021612093,1,-1,0.75,2024
2024-06-26,212.01670837402344,213.6173978459433,209.42180221570723,210.2768291728298,66213200,AAPL,67.40359468227902,6.559179699346771,6.763879637537159,-0.2046999381903882,203.08421311870097,192.80901691445885,2024-07-03,0.0389215275694154,1,-1,0.835,2024
2024-06-27,212.86181640625,214.49233130131697,211.1219370597224,213.4484006592916,49772700,AAPL,68.18012254227867,6.545538925523687,6.720211495134465,-0.1746725696107782,204.01541343180085,193.5954012082546,2024-07-05,0.0571695051623959,1,-1,0.83,2024
2024-06-28,209.4019317626953,214.82042530908265,209.08379028418835,214.52215724323335,82542700,AAPL,61.69968468852386,6.184256479589266,6.613020492025425,-0.4287640124361598,204.52841517760032,194.215265151566,2024-07-08,0.0816636444487193,1,-1,0.645,2024
2024-07-01,215.4964904785156,216.2520897818886,210.6944215345844,210.86343656939636,60402900,AAPL,67.55054020518648,6.316900198941539,6.553796433408649,-0.2368962344671095,205.5729937776875,195.0498230075248,2024-07-09,0.0550402335857718,1,-1,0.83,2024
2024-07-02,218.99610900878903,219.10547344874152,213.85601067210808,214.8999260337406,58046200,AAPL,70.35135858146602,6.628007722798429,6.568638691286606,0.0593690315118236,206.85138570445903,195.98889304679008,2024-07-10,0.0577018921722345,1,-1,0.855,2024
2024-07-03,220.2687225341797,220.2687225341797,217.76329209306175,218.72768354780237,37369800,AAPL,71.32076426208668,6.897739109922043,6.634458775013694,0.263280334908349,208.1292273072896,196.94104322276615,2024-07-11,0.0271722598912365,1,-1,0.86,2024
2024-07-05,225.0310211181641,225.14038557018992,220.3681420180832,220.3681420180832,60412400,AAPL,74.65976266062805,7.410358868813432,6.7896387937736415,0.6207200750397908,209.7389219559443,198.04261098337,2024-07-12,0.0185561303295247,0,-1,0.845,2024
2024-07-08,226.50245666503903,226.53228195249957,221.95887904834777,225.77666754871936,59085900,AAPL,75.60482798258937,7.844914975743251,7.000694030167564,0.844220945575687,211.33544907109615,199.1586833630433,2024-07-15,0.0288824523471165,1,-1,0.82,2024
2024-07-09,227.3574676513672,228.0733048889389,225.0608295018841,226.61180512644188,48076100,AAPL,76.16118171698864,8.164184426227337,7.233392109379519,0.9307923168478176,212.86135560255056,200.2645180410168,2024-07-16,0.0268498887155044,1,-1,0.82,2024
2024-07-10,231.63259887695312,231.73202661360727,227.92417489200207,227.97388876032915,62627700,AAPL,78.76847962247896,8.662321279488367,7.519177943401289,1.1431433360870784,214.64909305725556,201.49463885811235,2024-07-17,-0.0175979695755161,0,-1,0.78,2024
2024-07-11,226.25392150878903,231.04603853364384,224.46432825800636,230.0518217466028,64710600,AAPL,68.6023497833616,8.524815248776804,7.720305404476393,0.8045098443004113,215.75431481454447,202.4655911189232,2024-07-18,-0.0148966362253761,0,-1,0.79,2024
2024-07-12,229.20672607421875,231.29458734662404,227.357482286545,227.59609977127653,53046500,AAPL,70.82826844314961,8.555485073253266,7.887341338231767,0.6681437350214985,217.03549683927537,203.5142630779544,2024-07-19,-0.0270235076982725,-1,-1,0.81,2024
2024-07-15,233.04440307617188,235.8580383346859,231.7419815445035,235.11237576276483,62631300,AAPL,73.46159853608266,8.788155208560113,8.067504112297437,0.7206510962626762,218.56015457612264,204.67230778376685,2024-07-22,-0.0445391211224033,-1,-1,0.785,2024
2024-07-16,233.4619903564453,234.9036016458956,230.9863851256273,233.64094209406048,43234300,AAPL,73.73938527361378,8.903608514038154,8.23472499264558,0.6688835213925746,219.97937703139144,205.80131494347975,2024-07-23,-0.041776804367796,-1,-1,0.78,2024
2024-07-17,227.55633544921875,230.1214164943178,225.32928445945876,228.1230311101644,57345900,AAPL,63.60024717108955,8.421491384545192,8.272078271025503,0.1494131135196887,220.7009921188036,206.65445300252836,2024-07-24,-0.0451766268815967,-1,-1,0.75,2024
2024-07-18,222.8834991455078,229.10730558155055,220.9845567217071,228.94822726389444,66034600,AAPL,56.9300279469035,7.575031006617422,8.132668818143888,-0.5576378115264653,220.90884993087064,207.290886184606,2024-07-25,-0.0298420067840573,-1,-1,0.595,2024
2024-07-19,223.01275634765625,225.4883615119168,221.9887143107171,223.5198165983548,49151500,AAPL,57.06416848664434,6.835835775003602,7.873302209515831,-1.037466434512229,221.1092219705645,207.90743011256876,2024-07-26,-0.0283089767726619,-1,-1,0.63,2024
2024-07-22,222.6648101806641,226.46271062110856,221.79983121381875,225.69715940648985,48201800,AAPL,56.55356073615365,6.1510365599905015,7.528849079610765,-1.3778125196202635,221.2573732286692,208.4861508995529,2024-07-29,-0.0255403420962229,-1,-1,0.51,2024
2024-07-23,223.7086944580078,225.6275405798551,221.392167723929,223.0723963761116,39960300,AAPL,57.77430775018012,5.627688495594668,7.148616962807546,-1.5209284672128778,221.49083239336812,209.08311339204135,2024-07-30,-0.0275987139462026,-1,-1,0.595,2024
2024-07-24,217.2761077880859,223.499913948863,215.87427379105335,222.70453756630337,61777600,AAPL,48.69462840769381,4.640383941608775,6.646970358567792,-2.006586416959017,221.0894300500079,209.40440728992547,2024-07-31,0.0161985678195728,0,0,0.475,2024
2024-07-25,216.23220825195312,219.57277716709376,213.3787958392943,217.663867640833,51391200,AAPL,47.39293966182712,3.730698827294617,6.063716052313158,-2.3330172250185406,220.6268374978122,209.67216419039715,2024-08-01,0.0040001428269604,0,-1,0.47,2024
2024-07-26,216.69949340820312,218.2206438494584,214.76075857434793,217.4352041073067,41601300,AAPL,48.06223426240896,3.0127437920507987,5.453521600260686,-2.440777808209887,220.25280472737325,209.94774572835033,2024-08-02,0.0087171053326458,0,0,0.7,2024
2024-07-29,216.97787475585935,218.0317421116191,214.50226952108,215.70527849563507,36311800,AAPL,48.48273706945403,2.4381172047976065,4.85044072116807,-2.4123235163704635,219.94090663484812,210.22343706276249,2024-08-05,-0.041101594375529,-1,0,0.65,2024
2024-07-30,217.5346221923828,219.05577256608925,214.87011348402856,217.92236610782675,41643800,AAPL,49.36568152032909,2.004539278611958,4.281260432656848,-2.27672115404489,219.71173668794663,210.51015020510053,2024-08-06,-0.0528793171379292,-1,0,0.66,2024
2024-07-31,220.7956695556641,222.52561225525915,219.3540582246071,220.15937140820577,50036300,AAPL,54.30567556062748,1.902138251137217,3.8054359963529216,-1.903297745215705,219.81496838963403,210.91350390512264,2024-08-07,-0.0552053498031971,-1,0,0.435,2024
2024-08-01,217.09716796875,223.1817695634113,215.76492117798517,223.07240511518177,62501000,AAPL,48.52355130228303,1.5051955730925215,3.3453879117008416,-1.84019233860832,219.55613025431177,211.1560005350688,2024-08-08,-0.0231268906807012,-1,0,0.59,2024
2024-08-02,218.58848571777344,224.29529507499743,216.45092586682145,217.88258518105536,105568600,AAPL,50.79838983552919,1.2960128899529195,2.935512907351258,-1.6395000173983378,219.46397363178428,211.4474705422337,2024-08-09,-0.0164650029335974,0,0,0.52,2024
2024-08-05,208.0597381591797,212.2652706555635,194.866477978878,197.9386040162881,119548600,AAPL,38.02288052208429,0.277453855583019,2.40390109699761,-2.1264472414145907,218.3778559677267,211.31461829191787,2024-08-12,0.0406737519969155,1,1,0.595,2024
2024-08-06,206.0315399169922,208.7755879501992,199.9071760566775,204.11270880558044,69660500,AAPL,36.13747632792023,-0.6855179411557231,1.7860172893669433,-2.471535230522666,217.2020163438472,211.10743874780312,2024-08-13,0.0689866449007934,1,1,0.51,2024
2024-08-07,208.6065673828125,212.40446750854989,205.1963960152132,205.70344110024527,63516400,AAPL,40.192306374654194,-1.226755557382404,1.183462720017074,-2.410218277399478,216.383402157082,211.00936536094076,2024-08-14,0.0579384167054342,1,1,0.72,2024
2024-08-08,212.07638549804688,212.9612378528938,207.62229843313003,211.87754516998305,47161100,AAPL,45.23794182531462,-1.3600273950070516,0.674764697012249,-2.034792092019301,215.97321009431676,211.0512092878861,2024-08-15,0.054709605358453,1,1,0.67,2024
2024-08-09,214.9894256591797,215.5262960046125,210.7441160828828,210.8733691090516,42201600,AAPL,49.11890655323961,-1.21656449259973,0.2964988590898532,-1.513063351689583,215.8795163385894,211.2056491455839,2024-08-16,0.0465763022757226,1,1,0.525,2024
2024-08-12,216.52230834960935,218.49313190431408,214.60125621149956,215.06908018890428,38028100,AAPL,51.08345541994327,-0.9680195596525892,0.0435951753413647,-1.011614734993954,215.94073462535323,211.41414558495745,2024-08-19,0.0384314143348494,1,1,0.49,2024
2024-08-13,220.24496459960935,220.8620875715453,217.99542439436792,217.99542439436792,44155300,AAPL,55.56999460090995,-0.4652950303105001,-0.0581828657890082,-0.4071121645214919,216.3506612895681,211.760452212983,2024-08-20,0.0236814892419787,1,0,0.515,2024
2024-08-14,220.69290161132812,221.99683071433236,218.6822548419691,219.548234966672,41960600,AAPL,56.091849225906245,-0.0303871613120918,-0.0526237248936249,0.0222365635815331,216.76420798687855,212.1107443462515,2024-08-21,0.0211075872568764,1,0,0.495,2024
2024-08-15,223.6790008544922,224.3060872818483,221.72807374055304,223.55956160665437,46414000,AAPL,59.50638518430553,0.5489062615608589,0.0676822723972718,0.481223989163587,217.42275968855608,212.5644014642217,2024-08-22,-0.0008455540739504,0,1,0.595,2024
2024-08-16,225.0028381347656,225.77922361016536,222.6139468974481,222.88270038911833,44340200,AAPL,60.956010562032624,1.1021185410237422,0.2745695261225659,0.8275490149011763,218.1446719215284,213.05218329443912,2024-08-23,0.0034947611473541,0,1,0.775,2024
2024-08-19,224.84356689453125,224.94310972106825,222.00676340736013,224.67435623990076,40687800,AAPL,60.67458503442725,1.510281811569712,0.5217119832119952,0.9885698283577168,218.7826619189572,213.51459049444273,2024-08-26,0.0057106896966396,0,1,0.805,2024
2024-08-20,225.460693359375,226.11763957317405,224.4056062095116,224.72413110884565,30299000,AAPL,61.41786882041607,1.8620861225938936,0.789786811088375,1.0722993115055188,219.41866491328273,213.98306511659695,2024-08-27,0.0067105709122055,0,1,0.82,2024
2024-08-21,225.3511962890625,226.92387876417723,224.00745927475185,225.47065071716543,34765500,AAPL,61.19685295714345,2.107761117102513,1.0533816722912026,1.05437944481131,219.98366790145224,214.42887418218385,2024-08-28,0.0003975321722766,0,1,0.74,2024
2024-08-22,223.4898681640625,227.28221598709217,222.86278176595104,226.7347608131935,43695300,AAPL,57.41455424758734,2.127739440525488,1.2682532259380597,0.8594862145874285,220.31759173598655,214.78420727951243,2024-08-29,0.0234266143916226,1,1,0.535,2024
2024-08-23,225.78916931152344,227.16278137803025,223.29080225181497,224.61464290366072,38677300,AAPL,60.64996523172405,2.3025642647651523,1.4751154337034782,0.8274488310616741,220.83869436222815,215.21577441802268,2024-08-30,0.0095221303264463,0,1,0.64,2024
2024-08-26,226.12757873535156,226.2271215594374,222.8528263811224,225.70952621277567,30602200,AAPL,61.118181077417475,2.440290855859274,1.6681505181346374,0.7721403377246367,221.34239763585896,215.6436883128199,2024-09-03,-0.0194117249728515,0,1,0.6,2024
2024-08-27,226.97366333007812,227.7898720189865,223.84820980142857,224.9530683997657,35934600,AAPL,62.325183535781214,2.587880650103699,1.85209654452845,0.7357841055752492,221.878708654356,216.08800105859476,2024-09-04,-0.031487105902771,-1,1,0.54,2024
2024-08-28,225.44078063964844,228.7951641071056,224.6345202420592,226.864148811834,38052200,AAPL,58.76586751923523,2.5517409221400555,1.992025420050771,0.5597155020892846,222.21795360533625,216.45477672844,2024-09-05,-0.0181463491761169,0,0,0.48,2024
2024-08-29,228.72547912597656,231.84098409749413,227.81970629152008,229.03405579277157,51906300,AAPL,63.567249087664194,2.7563738815093757,2.144895112342492,0.6114787691668835,222.83771794063532,216.93598074402968,2024-09-06,-0.0390354664282993,-1,1,0.51,2024
2024-08-30,227.9391632080078,229.33267166766268,226.42620031745173,229.123652992766,52990800,AAPL,61.71463996095647,2.822561125376609,2.2804283149493156,0.5421328104272933,223.3235698708613,217.36747809555823,2024-09-09,-0.0353274998408444,-1,1,0.47,2024
2024-09-03,221.7380523681641,227.93918848340573,220.1454580764442,227.49127608514223,50190600,AAPL,49.46992355768288,2.347575780779323,2.293857808115318,0.0537179726640055,223.17256820393771,217.53887316507215,2024-09-10,-0.0119406887985508,0,0,0.745,2024
2024-09-04,219.8269195556641,220.75260404502964,216.47252073588623,220.6331648046219,43840200,AAPL,46.41351736132237,1.7962282262569147,2.194331891743637,-0.3981036654867225,222.85393499934025,217.62860047450715,2024-09-11,0.008195562346281,0,0,0.705,2024
2024-09-05,221.349853515625,224.43548398740057,220.4938367652657,220.60332780966417,36615400,AAPL,49.11164877114962,1.4652785410153797,2.0485212215979858,-0.5832426805826061,222.7106891437483,217.7745319663157,2024-09-12,0.0017537795773225,0,0,0.76,2024
2024-09-06,219.7970733642578,224.1965961864048,218.75193438162455,222.9125635200513,48423000,AAPL,46.538674523186565,1.0654206440245844,1.8519011060833055,-0.7864804620587214,222.43320192665396,217.8538473152546,2024-09-13,0.0076079752462767,0,0,0.73,2024
2024-09-09,219.8866424560547,220.24497537072617,215.7061019102892,219.79706302441255,67180000,AAPL,46.71209980755438,0.747145231835816,1.6309499312338078,-0.8838046993979918,222.19067245326357,217.93356477175655,2024-09-16,-0.0207776404010106,-1,0,0.665,2024
2024-09-10,219.09034729003903,220.45399594379384,215.72600018375593,217.905857501112,51591000,AAPL,45.305017231565365,0.4257475568281563,1.3899094563526777,-0.9641618995245214,221.89540339009932,217.97892879208135,2024-09-17,-0.0150833959858075,0,1,0.53,2024
2024-09-11,221.62852478027344,222.05652550259595,216.88061769002928,220.4340868524661,44587100,AAPL,50.43052725101211,0.3715641348114786,1.186240392044438,-0.8146762572329593,221.8699863796397,218.12205020338305,2024-09-18,-0.0088475127829268,0,1,0.45,2024
2024-09-12,221.7380523681641,222.5144379086487,218.80172088165384,221.4692988539641,37455600,AAPL,50.64546016291239,0.3336156301593291,1.0157154396674162,-0.682099809508087,221.85742123568963,218.26385420984505,2024-09-19,0.0273823831487098,1,0,0.43,2024
2024-09-13,221.4692840576172,223.00214343080088,220.8820208371711,222.54428285449177,36766600,AAPL,50.07171333614922,0.2786418011129399,0.8683007119565209,-0.589658910843581,221.82045579015892,218.3895573411302,2024-09-20,0.0256179271474006,1,0,0.505,2024
2024-09-16,215.3179168701172,216.21374159471785,212.92902562434276,215.5368837592455,59357400,AAPL,39.14215168025353,-0.2583116217993506,0.6429782452053466,-0.9012898670046972,221.20116636920255,218.2691008520709,2024-09-23,0.046921159443912,1,1,0.8,2024
2024-09-17,215.7857208251953,215.8952118613641,213.50633585708556,214.75054527350213,45519300,AAPL,40.21098168205943,-0.638740208897616,0.3866345543847541,-1.02537476328237,220.6854096507257,218.17171340003657,2024-09-24,0.0488030003112065,1,1,0.75,2024
2024-09-18,219.66766357421875,221.67831024616868,216.5322467283196,216.54221012404864,59894900,AAPL,48.3218753473104,-0.6198470568855896,0.1853382321306854,-0.805185289016275,220.58848145296312,218.2303781127496,2024-09-25,0.0257374546232531,1,0,0.475,2024
2024-09-19,227.8097686767578,228.75538000957175,223.58941994126667,223.94775287051627,66781300,AAPL,60.44299949323872,0.0515317120658096,0.1585769281177102,-0.1070452160519006,221.27622309332452,218.6060404878087,2024-09-26,-0.0058985618035838,0,1,0.505,2024
2024-09-20,227.1428680419922,232.01021467188832,226.5655530501552,228.90467282845125,318679900,AAPL,59.21782563655614,0.5237534124644867,0.2316122249870655,0.2921411874774211,221.8349511836738,218.9408180389532,2024-09-27,-0.001796717527535,0,1,0.665,2024
2024-09-23,225.42088317871097,228.38707413181643,224.7639369712135,226.2868480598011,54146000,AAPL,56.058144111818464,0.7503926654214865,0.3353683130739497,0.4150243523475367,222.1764685165345,219.19493824051233,2024-09-30,0.0288339351106663,1,0,0.46,2024
2024-09-24,226.31671142578125,228.28755007923567,224.6843092769655,227.59078065470555,43556100,AAPL,57.33357581180599,0.9908696307190894,0.4664685766029777,0.5244010541161117,222.5707773650342,219.47422346346409,2024-10-01,-0.0051017766310595,0,1,0.625,2024
2024-09-25,225.32135009765625,226.2370864319121,222.98224544035924,223.88801837861104,42308700,AAPL,55.4091507687244,1.0885835046406385,0.5908915622105099,0.4976919424301286,222.83273667290297,219.70352254715783,2024-10-02,0.0018112423527052,0,0,0.525,2024
2024-09-26,226.4660186767578,227.44147457763864,224.3657926365912,226.24703661091272,36636700,AAPL,57.18879465916963,1.244047041748047,0.7215226581180173,0.5225243836300296,223.17876353041297,219.96871847380885,2024-10-03,-0.0081311566071677,0,1,0.595,2024
2024-09-27,226.73475646972656,228.45675318264773,226.24703611440785,227.40166606122023,34026000,AAPL,57.61647384814308,1.3731095566787417,0.8518400378301623,0.5212695188485794,223.51742952463331,220.23405329717815,2024-10-04,-0.0043460356683283,0,1,0.67,2024
2024-09-30,231.920654296875,231.920654296875,228.58616671135624,228.9743594736852,54541900,AAPL,64.90286139101357,1.8722687946826968,1.0559257892006693,0.8163430054820273,224.3177366457992,220.69235137559767,2024-10-07,-0.0485408659641011,-1,1,0.855,2024
2024-10-01,225.16209411621097,228.5861456381701,222.70353511874544,228.45675818805825,63285000,AAPL,52.28683830402906,1.7028671713600545,1.1853140656325465,0.517553105727508,224.39815164298125,220.86763540464133,2024-10-08,-0.0019450776801082,0,0,0.385,2024
2024-10-02,225.72946166992188,226.31672490502265,221.98688498556473,224.84358511910924,32880600,AAPL,53.110836218873104,1.595999297869298,1.2674511120798968,0.3285481857894012,224.52494307411845,221.05829525818177,2024-10-09,0.0121702872212119,0,0,0.37,2024
2024-10-03,224.6245880126953,225.75930638603796,222.28548343692833,224.09704443839323,34044200,AAPL,51.25451614392455,1.405944811248844,1.2951498519136864,0.1107949593351576,224.53443306826864,221.1981498760058,2024-10-10,0.0149332276883149,0,0,0.575,2024
2024-10-04,225.74935913085935,226.9437971307691,223.09172964492672,226.8442543024003,37245100,AAPL,53.05342777698271,1.3307448917131524,1.3022688598735797,0.0284760318395727,224.6501403123249,221.37662867031375,2024-10-11,0.0033069252455777,0,-1,0.37,2024
2024-10-07,220.66302490234375,224.6444949275546,220.30469199255063,223.46000516495792,39505400,AAPL,44.97113284134934,0.850914932061869,1.2119980743112375,-0.3610831422493685,224.27041503518385,221.34864420882477,2024-10-14,0.0433488606751835,1,0,0.515,2024
2024-10-08,224.72413635253903,224.93315503301395,222.2158058701156,223.26094483680063,31855700,AAPL,51.34461605533387,0.7892460487943822,1.1274476692078663,-0.3382016204134843,224.31362658921768,221.48101644975475,2024-10-15,0.035788643587743,1,0,0.575,2024
2024-10-09,228.4766540527344,228.68568791487783,223.78848153487695,224.18662246797504,33591100,AAPL,56.37274791149637,1.0312818565201385,1.1082145066703208,-0.0769326501501825,224.71010539526688,221.75535517928336,2024-10-16,0.0097586086729801,0,1,0.45,2024
2024-10-10,227.9789581298828,228.43683384781116,226.11762582538967,226.7248005882391,28183500,AAPL,55.552760071366,1.1694563119579016,1.120462867727837,0.0489934442300645,225.02142470332555,221.99941804009117,2024-10-17,0.0135784968826027,0,0,0.44,2024
2024-10-11,226.4958953857422,228.3472796881356,226.28686151162023,228.2377886470439,31759200,AAPL,53.07527751075565,1.1460785146975354,1.1255859971217768,0.0204925175757586,225.1618504826033,222.17575048501868,2024-10-18,0.0327399589116816,1,0,0.37,2024
2024-10-14,230.228515625,230.65651637799863,227.54102629778745,227.64055393917852,39882100,AAPL,58.135710254655706,1.41246073234376,1.1829609441661737,0.2294997881775866,225.6443900199744,222.49154519639052,2024-10-21,0.022395099871052,1,1,0.67,2024
2024-10-15,232.76670837402344,236.3898456598821,231.29355345996072,232.52781469355563,64751400,AAPL,61.19989091237688,1.8075452448679812,1.307877804306535,0.4996674405614461,226.32270605369337,222.894492771984,2024-10-22,0.0085951784114417,0,1,0.715,2024
2024-10-16,230.70626831054688,231.04468960128423,228.77525301100687,230.52710945831015,34082200,AAPL,57.51940552170969,1.9321199975384784,1.432726242952924,0.4993937545855547,226.7401881733937,223.20083691075115,2024-10-23,-0.0044006554156382,0,1,0.65,2024
2024-10-17,231.07456970214844,232.76670668063704,229.4521309302649,232.348638945834,32993800,AAPL,58.00556001235082,2.0370830059688956,1.5535975955561183,0.4834854104127772,227.15298641422748,223.5096107457079,2024-10-24,-0.006805997185761,0,1,0.62,2024
2024-10-18,233.9113616943359,235.0858880500012,232.92594240501305,235.0858880500012,46431500,AAPL,61.64637759747533,2.3224011571818153,1.7073583078812578,0.6150428493005575,227.79664120280924,223.91752254761488,2024-10-25,-0.0152765089012346,0,1,0.66,2024
2024-10-21,235.3845062255859,235.75280253487685,233.36391138062547,233.36391138062547,36254500,AAPL,63.41996965918526,2.6369907122525547,1.893284788755517,0.7437059234970373,228.51929501450223,224.36720818204512,2024-10-28,-0.0130243698382728,0,1,0.64,2024
2024-10-22,234.7673797607422,235.125712669187,231.5224871701216,232.8065045656556,38846600,AAPL,62.12392568806511,2.8041833725939114,2.0754645055231964,0.728718867070715,229.1143507046203,224.77505804787637,2024-10-29,-0.0092851713423782,0,1,0.515,2024
2024-10-23,229.6910095214844,234.05072423456664,226.7049068825192,232.99563706556216,52287000,AAPL,52.601350649925,2.4982656557969847,2.160024735577954,0.3382409202190306,229.16927059194072,224.9678404586061,2024-10-30,-0.0028600886333183,0,0,0.51,2024
2024-10-24,229.5018768310547,229.7507186898619,227.3518795258155,228.9145985013122,31109500,AAPL,52.27981616498125,2.2150287609981945,2.171025540662002,0.0440032203361924,229.20094737661825,225.14564580654528,2024-10-31,-0.020210715837463,-1,0,0.54,2024
2024-10-25,230.3380126953125,232.13962556438537,228.5065400142299,228.6757506783198,38802300,AAPL,53.629304718635254,2.0345773167975096,2.1437358958891037,-0.1091585790915941,229.30923931173197,225.34926803747732,2024-11-01,-0.0367313767502646,-1,0,0.475,2024
2024-10-28,232.3187713623047,233.64261197661628,231.47271808946843,232.2391553268284,36087100,AAPL,56.7496062155467,2.02802115227729,2.1205929471667413,-0.0925717948894511,229.5958614117865,225.6225818933529,2024-11-04,-0.0488003377023276,-1,1,0.485,2024
2024-10-29,232.5875244140625,233.2444706163013,231.24378738741356,232.0201728307493,35417200,AAPL,57.17072075918955,2.0212121938643293,2.100716796506259,-0.0795046026419297,229.8807816977175,225.89571689416505,2024-11-05,-0.043736816775019,-1,1,0.485,2024
2024-10-30,229.03407287597656,232.38845656475567,228.48661770128336,231.5324398883544,47070900,AAPL,50.209607825785525,1.7093775630796415,2.0224489498209355,-0.313071386741294,229.80014276231364,226.0187896777655,2024-11-06,-0.0320730671339469,-1,0,0.63,2024
2024-10-31,224.8634796142578,228.76531846185907,224.32597264925337,228.27758291037028,64370100,AAPL,43.51298267527436,1.112885696851066,1.8405362992269616,-0.7276506023758955,229.3299843672607,225.9734834007652,2024-11-07,0.0069496784649811,0,0,0.72,2024
2024-11-01,221.87738037109375,224.30607958110733,219.2496106921502,219.9463649274566,65276700,AAPL,39.4554057859139,0.3946589595038858,1.5513608312823466,-1.1567018717784607,228.6202125581019,225.81285190940557,2024-11-08,0.0192889655948342,0,1,0.575,2024
2024-11-04,220.9815368652344,221.75792231303785,218.69220372782075,219.96627293386248,44944500,AAPL,38.30148470043426,-0.2440151338652185,1.1922856382528335,-1.4363007721180523,227.89271963497168,225.62338857434003,2024-11-11,0.0111107766019165,0,1,0.6,2024
2024-11-05,222.41488647460935,222.91257027302564,220.11558975602287,220.77253601507735,28111300,AAPL,41.26152048436052,-0.6272787409265845,0.8283727624169501,-1.4556515033435349,227.3710212387467,225.4975649625859,2024-11-12,0.0045946874154014,0,1,0.655,2024
2024-11-06,221.6882476806641,225.02273483375984,220.16533664224423,221.578756649688,54561100,AAPL,40.208371382267714,-0.9783735079027736,0.4670235083530054,-1.445397016255779,226.8298047094055,225.348179971138,2024-11-13,0.0118878944721365,0,1,0.675,2024
2024-11-07,226.42620849609375,226.82436463330757,223.52970043689453,223.5894200604507,42137700,AAPL,49.29589092677816,-0.8643412117626497,0.2007505643298744,-1.065091776092524,226.79136697480436,225.39045559956764,2024-11-14,0.0043568100099009,0,1,0.485,2024
2024-11-08,226.15716552734375,227.8511489598711,225.60910803907555,226.366414165256,38328800,AAPL,48.84193602429478,-0.7866117440686367,0.0032781026501722,-0.7898898467188089,226.73096683695096,225.42052265555887,2024-11-15,-0.0086358703704553,0,1,0.57,2024
2024-11-11,223.4368133544922,224.90161465065876,220.7164746065314,224.2040938441064,42005600,AAPL,44.390685760727216,-0.9337565026091568,-0.1841288184016936,-0.7496276842074632,226.41723793385967,225.3427301339484,2024-11-18,0.0169023683762139,0,1,0.805,2024
2024-11-12,223.4368133544922,224.79200315214243,222.5698957238352,223.75568869738083,40398300,AAPL,44.390685760727216,-1.0383997578462072,-0.3549830062905963,-0.6834167515556109,226.1333879739199,225.26798829945992,2024-11-19,0.0180618179620444,0,1,0.825,2024
2024-11-13,224.3236541748047,225.84824072641777,221.97200184604,223.2175800878685,48566200,AAPL,46.24299757487021,-1.0378064620913676,-0.4915476974507506,-0.546258764640617,225.96103237400416,225.2309555886891,2024-11-20,0.0172353078219407,0,1,0.695,2024
2024-11-14,227.41270446777344,228.06039910056816,224.2040935569292,224.22402706703753,44923900,AAPL,52.213804162196645,-0.7790948085755076,-0.5490571196757021,-0.2300376888998054,226.09928685912504,225.31651436826107,2024-11-21,0.0013145712154127,0,1,0.53,2024
2024-11-15,224.2041015625,226.11730807125568,223.47668806811177,225.59914322363005,47923700,AAPL,46.44350152553392,-0.8234788467421481,-0.6039414650889914,-0.2195373816531567,225.91879302135123,225.2728903366626,2024-11-22,0.0216444209116448,1,1,0.645,2024
2024-11-18,227.2134246826172,228.9273417095955,224.37349996104592,224.4532188000698,44633700,AAPL,51.82131494695466,-0.6088083274987639,-0.6049148375709459,-0.003893489927818,226.04209127480513,225.3489897227785,2024-11-25,0.0212699787161871,1,1,0.585,2024
2024-11-19,227.4724884033203,229.34584301691137,225.8582238051146,226.17708394083317,36211800,AAPL,52.265686953755846,-0.4130151358132821,-0.5665348972194132,0.1535197614061311,226.17831957275897,225.43226418083896,2024-11-26,0.029700347546697,1,1,0.655,2024
2024-11-20,228.18994140625,229.1166443503319,225.0909420304879,227.25326410482543,35169600,AAPL,53.54362159602404,-0.1976764681813847,-0.4927632114118075,0.2950867432304228,226.36990260452,225.54040838575705,2024-11-27,0.0258951459665806,1,1,0.43,2024
2024-11-21,227.7116546630859,229.3458528412815,224.91159698015457,228.07038183414417,42108300,AAPL,52.5339101887626,-0.0648650417913359,-0.4071835774877132,0.3423185356963773,226.4976885148596,225.62555529859347,2024-11-29,0.0385523695110288,1,1,0.58,2024
2024-11-22,229.0568695068359,229.90386885981255,227.2532745036032,227.2532745036032,38168300,AAPL,55.0986142255616,0.1472392831358036,-0.2962990053630098,0.4435382884988134,226.741420037905,225.76011664009317,2024-12-02,0.0422847301240498,1,0,0.47,2024
2024-11-25,232.04624938964844,232.42491005721112,228.92733167542056,230.64124862727573,90152800,AAPL,60.239938391777144,0.5502089952189237,-0.1269974052466231,0.6772064004655469,227.24664188092817,226.0066316498797,2024-12-03,0.0419976928311729,1,1,0.545,2024
2024-11-26,234.22850036621097,234.73670603206307,232.50462429580293,232.50462429580293,45986200,AAPL,63.52344108400719,1.0337385171156086,0.1051497792258232,0.9285887378897854,227.9115807842884,226.3290578740495,2024-12-04,0.0338211404146562,1,1,0.66,2024
2024-11-27,234.0989532470703,234.85627456038557,232.98291999142185,233.6405889619916,33498400,AAPL,63.18982633966091,1.3904574490733808,0.3622113131953348,1.028246135878046,228.5008543521724,226.6337596533837,2024-12-05,0.0345209973543709,1,1,0.82,2024
2024-11-29,236.490478515625,236.96877632211965,233.14236346053607,233.97938842310504,28481400,AAPL,66.66983686473566,1.844869369334447,0.6587429244231572,1.1861264449112894,229.2617709391679,227.0202976479814,2024-12-06,0.023216617716135,1,1,0.79,2024
2024-12-02,238.7424774169922,239.93822952974793,236.3210805290228,236.4306920263062,48137100,AAPL,69.5857077505664,2.359512588231098,0.9988968571847454,1.3606157310463527,230.16469536562735,227.47999097225636,2024-12-09,0.0298843932150543,1,1,0.64,2024
2024-12-03,241.79165649414065,241.90126799408412,238.0549215480856,238.96170621081689,38861000,AAPL,73.02656423581907,2.9790734116037925,1.394932168068555,1.5841412435352376,231.27202499691433,228.0412327574283,2024-12-10,0.0211003897625516,1,1,0.55,2024
2024-12-04,242.15037536621097,243.24649032811607,240.39660663197557,242.01087120786053,44383900,AAPL,73.40771818727572,3.459150509036988,1.8077758362622416,1.6513746727747465,232.30805836541876,228.59453246757664,2024-12-11,0.0143204915420818,0,0,0.54,2024
2024-12-05,242.18028259277344,243.67497660990784,241.2735131113704,243.1269343008096,40033900,AAPL,73.44141398217775,3.798244532118815,2.205869575433556,1.592374956685259,233.2482701965954,229.12730698229024,2024-12-12,0.0202436098303584,1,0,0.7,2024
2024-12-06,241.98098754882812,243.7646642163996,241.22368140458013,242.05074723300527,36870600,AAPL,72.7796017079311,4.0047334694081655,2.565642354228478,1.4390911151796877,234.0799575634747,229.63137288686036,2024-12-13,0.0217839480817374,1,0,0.77,2024
2024-12-09,245.8771514892578,246.36542364679892,240.89483838917155,240.97455722335047,44649200,AAPL,77.12038333833307,4.431679663735736,2.9388498161299297,1.492829847605806,235.2034998421207,230.2684622438171,2024-12-16,0.0173859619127823,0,0,0.78,2024
2024-12-10,246.8935546875,247.33200068563025,244.4721425450312,246.0166626912396,36914800,AAPL,78.10145819031007,4.79675879289789,3.310431611483522,1.486327181414368,236.31683839882348,230.92042665337337,2024-12-17,0.0230455137865428,1,0,0.72,2024
2024-12-11,245.6180877685547,249.91283942191657,245.38889040813984,247.08288910248365,45205800,AAPL,73.82350600660779,4.926378882976309,3.63362106578208,1.292757817194229,237.2026716721312,231.49680552063535,2024-12-18,0.0063288249292856,0,0,0.78,2024
2024-12-12,247.0828857421875,247.8601253939288,244.81093690846672,246.01666340683192,32777500,AAPL,75.48429473935245,5.0886419955158715,3.924625251728838,1.1640167437870337,238.143644440708,232.10802435285308,2024-12-19,0.0073801209721047,0,0,0.775,2024
2024-12-13,247.25228881835935,248.4081739675946,245.36897496771653,246.94338782137353,33155300,AAPL,75.67649646720756,5.171294628276911,4.173959127038453,0.9973355012384584,239.0111343814367,232.70191707699055,2024-12-20,0.0256316277919315,1,0,0.81,2024
2024-12-16,250.15196228027344,250.49077111704125,246.7739547032778,247.1127635400456,51694800,AAPL,78.74784038618958,5.408431814686537,4.42085366456807,0.9875781501184672,240.07216560989735,233.38623257515857,2024-12-23,0.0168499872422518,0,0,0.8,2024
2024-12-17,252.58334350585935,252.93211150871377,248.8964348112852,249.1953766416157,51356400,AAPL,80.9230445839845,5.726544844089119,4.68199190047228,1.0445529436168393,241.26370636189372,234.13906045479388,2024-12-24,0.0186208165597414,0,0,0.795,2024
2024-12-18,247.1725616455078,253.38051965426092,246.86366065893745,251.26802371656945,56774100,AAPL,64.98303422265724,5.478889606537848,4.841371441685394,0.6375181648524544,241.8264544841427,234.65017814854735,2024-12-26,0.0442248424734799,1,0,0.675,2024
2024-12-19,248.90638732910156,251.10857637552832,246.21594133746913,246.62449465453676,60882300,AAPL,67.21179817559755,5.360731117614421,4.9452433768712,0.4154877407432211,242.5007338027102,235.2092451752358,2024-12-27,0.0232194924464801,1,0,0.745,2024
2024-12-20,253.5897674560547,254.0979578981185,244.82089371115717,247.1625716512524,147495300,AAPL,72.33413842680059,5.580668823113825,5.072328466119725,0.5083403569941005,243.55683224588583,235.93004997056204,2024-12-30,-0.0089984156333323,0,0,0.73,2024
2024-12-23,254.3670196533203,254.7456651132031,252.55345036958025,253.8687883386418,40858800,AAPL,73.0856269025012,5.751390348023563,5.208140842500493,0.5432495055230699,244.58637390373676,236.65306838949377,2024-12-31,-0.018999475531093,0,0,0.71,2024
2024-12-24,257.2866516113281,257.2965955586333,254.38692663500535,254.58623131585568,23234700,AAPL,75.75025241315747,6.052508732018737,5.377014420404142,0.675494311614595,245.7959241616026,237.4622285158402,2025-01-02,-0.0555770772511973,-1,0,0.655,2024
2024-12-26,258.1037292480469,259.1799258751944,256.7186620602343,257.27667867815336,27237100,AAPL,76.45285551112923,6.28463321777005,5.558538179877323,0.7260950378927271,246.9680960745973,238.27169913278948,2025-01-03,-0.0604585752623427,-1,0,0.57,2024
2024-12-27,254.6858673095703,257.78488174803636,252.16481819720389,256.91793375888693,42355300,AAPL,67.62624457687662,6.122227424132433,5.671276028728346,0.4509513954040871,247.7031219064995,238.91539200246717,2025-01-06,-0.0414334759263518,-1,-1,0.6,2024
2024-12-30,251.307861328125,252.60326573181473,249.86299361835324,251.33775398934145,35557500,AAPL,60.225562928232286,5.6557468816043865,5.668170199303554,-0.0124233176991674,248.04643042284476,239.40137119170865,2025-01-07,-0.0396113787539211,-1,-1,0.425,2024
2024-12-31,249.5341796875,252.38406352835983,248.54767617168991,251.5470385357527,39480700,AAPL,56.71593187596792,5.084327443829096,5.551401648208663,-0.4670742043795668,248.1881208290024,239.7987362307593,2025-01-08,-0.0308282546972288,-1,0,0.415,2024
2024-01-02,366.10552978515625,371.0709095466851,362.0581953380122,369.0571084332548,25258600,MSFT,50.07774305124404,2.2275123722707235,2.9651859032296857,-0.7376735309589622,367.6340249893172,359.03848572675616,2024-01-09,0.0132661517740189,0,0,0.73,2024
2024-01-03,365.8390197753906,368.4648511739828,363.77587298911,364.2694496401492,23083500,MSFT,49.69789958090158,1.8470099807381075,2.74155071873137,-0.8945407379932626,367.4630721118004,359.3051733365065,2024-01-10,0.0328386837532417,1,0,0.595,2024
2024-01-04,363.2132263183594,368.3069415042415,362.4531290415486,365.9081659597394,20901500,MSFT,45.99610200996846,1.318382019509329,2.456916978886962,-1.1385349593776328,367.05832489337746,359.45843031618705,2024-01-11,0.045360644226813,1,0,0.555,2024
2024-01-05,363.025634765625,367.2802631804361,361.7916931110851,364.22996302547705,21004600,MSFT,45.734011480569905,0.8742259485904924,2.140378772827668,-1.2661528242371758,366.67425916692486,359.59832068675325,2024-01-12,0.0563425676534496,1,1,0.475,2024
2024-01-08,369.8764343261719,370.3798920975342,364.2694113892701,364.5556641264341,23134000,MSFT,55.66868463347327,1.062780263115485,1.9248590708852316,-0.8620788077697465,366.97922822971026,360.0013839667305,2024-01-16,0.0415811373344683,1,0,0.465,2024
2024-01-09,370.96234130859375,371.1597538902258,366.421430173672,367.2309030972876,20830000,MSFT,57.01209349419057,1.2850216048526022,1.7968915776787058,-0.5118699728261036,367.35857233246105,360.4312254311173,2024-01-17,0.0364033513841333,1,1,0.565,2024
2024-01-10,377.8526916503906,379.2347304946399,371.4855703702305,371.53491598944055,25514200,MSFT,64.3867607559364,1.994155770461191,1.836344416235203,0.157811354225988,368.358012267502,361.1144201848143,2024-01-18,0.0289991250639967,1,0,0.485,2024
2024-01-11,379.6888122558594,385.66107820004805,375.4934103589662,381.0412075766554,27850800,MSFT,66.0577782052702,2.673490953975829,2.003773723783328,0.669717230192501,369.43713607591695,361.8428277170122,2024-01-19,0.0365025744590163,1,0,0.51,2024
2024-01-12,383.47943115234375,383.6867249034369,379.7084984391716,380.53770356907125,21661200,MSFT,69.26411295214021,3.4776520387398477,2.2985493867746323,1.1791026519652157,370.7744975117671,362.6913219693782,2024-01-22,0.0206966434593303,1,0,0.73,2024
2024-01-16,385.2563171386719,388.9680232792621,382.6403668536405,388.6027813692521,27202300,MSFT,70.66310997295604,4.209807303048535,2.680800970029413,1.5290063330191224,372.1537184286152,363.57622374072304,2024-01-23,0.022112741848336,1,0,0.87,2024
2024-01-17,384.4666137695313,385.09837624388496,379.8664755752944,382.99576492837696,22234100,MSFT,69.15652608186906,4.6724619302187875,3.0791331620672877,1.5933287681514998,373.32637512775005,364.39545472224495,2024-01-24,0.0336097166881432,1,0,0.82,2024
2024-01-18,388.8100891113281,388.9285426944519,385.1082640110595,386.68771541228006,23392100,MSFT,72.61490713309725,5.328181258769348,3.5289427814076997,1.7992384773616483,374.8010145547575,365.3528913649541,2024-01-25,0.0279278827433304,1,0,0.86,2024
2024-01-19,393.5484313964844,393.5484313964844,388.44483542424194,390.6758115906089,29331100,MSFT,75.80244137969615,6.1591888778597195,4.054992000698104,2.1041968771616153,376.58648282539815,366.458598817171,2024-01-26,0.0131937581203795,0,0,0.865,2024
2024-01-22,391.4161682128906,395.4733538528461,388.5336672952226,394.8810558423085,27016900,MSFT,71.75490026951904,6.569977967881869,4.557989194134858,2.011988773747011,377.9988338146832,367.43732702876787,2024-01-29,0.0333157257663676,1,0,0.815,2024
2024-01-23,393.775390625,394.2492349883436,388.8692382007486,390.6658641872122,20525900,MSFT,73.44446886196751,7.005149806695613,5.047421316647009,1.957728490048604,379.50136303471334,368.4701922678358,2024-01-30,0.0242919758398516,1,0,0.825,2024
2024-01-24,397.388427734375,400.4189955779341,395.3055487437025,396.38154221940175,24867000,MSFT,75.82906275000245,7.554485121537482,5.548834077625104,2.005651043912378,381.20489300610967,369.604240717504,2024-01-31,-0.0123708072049999,0,0,0.79,2024
2024-01-25,399.6687316894531,401.781254105668,397.35879669846423,399.1258094519165,21021200,MSFT,77.2194284703068,8.080689628197206,6.055205187739524,2.0254844404576815,382.96335383309474,370.7832403634628,2024-02-01,-0.0026922015264564,0,0,0.77,2024
2024-01-26,398.7408142089844,400.9520580251764,397.260084299944,399.1751640590117,17803300,MSFT,75.3207497023745,8.326848577956468,6.509533865782914,1.8173147121735544,384.465969106989,371.87961580838527,2024-02-02,0.0180477652620296,0,0,0.53,2024
2024-01-29,404.45648193359375,404.71315145121497,399.1357107830947,400.8434969667129,24510200,MSFT,78.78157965182731,8.88076599436971,6.983780291500274,1.8969857028694364,386.3698274714275,373.15713997015814,2024-02-05,-0.009933729362578,0,0,0.495,2024
2024-01-30,403.3409729003906,407.7436682887795,401.22848045302675,406.9638388534664,33477600,MSFT,76.52605072909122,9.124555090114598,7.411935251223139,1.7126198388914586,387.9861270360907,374.3408196929123,2024-02-06,-0.0075870810794573,0,-1,0.56,2024
2024-01-31,392.472412109375,409.98453286629814,392.1071701932433,401.7319152692152,47871100,MSFT,58.847853558797624,8.344566710687161,7.598461543115944,0.7461051675712174,388.4133922811654,375.05186253277367,2024-02-07,0.0414255673324968,1,-1,0.52,2024
2024-02-01,398.5927429199219,402.75853089052634,396.6381686159988,396.6677820088373,30657700,MSFT,63.90456828821515,8.126601444333915,7.704089523359539,0.4225119209743759,389.38285424676127,375.9750343126618,2024-02-08,0.0255831693028305,1,0,0.455,2024
2024-02-02,405.9371948242187,407.3488168603616,398.375596677948,398.6223850112119,28256700,MSFT,68.85097277631603,8.44910229702856,7.853092078093344,0.5960102189352163,390.95945811128104,377.15002099938954,2024-02-09,0.0226885184280263,1,-1,0.605,2024
2024-02-05,400.438720703125,405.8779448983845,398.800042648597,404.63412212946537,25352300,MSFT,62.00079101719354,8.166863122989525,7.91584628707258,0.2510168359169453,391.8622450247899,378.06330334071254,2024-02-12,0.0236903707298574,1,-1,0.47,2024
2024-02-06,400.2807922363281,402.72894332826615,397.7339499122829,400.6657964934495,18382600,MSFT,61.81057035790349,7.84006761751084,7.900690553160232,-0.0606229356493921,392.6640114258888,378.9345774150504,2024-02-13,0.0020468267171764,0,0,0.47,2024
2024-02-07,408.7308044433594,408.97759276390855,402.16624114185635,402.2057357082919,22340500,MSFT,67.5476199737422,8.168760800759287,7.954304602680043,0.2144561980792438,394.1941821894574,380.10305690635664,2024-02-14,-0.0091842998110024,0,-1,0.495,2024
2024-02-08,408.7900085449219,410.22139277488515,407.23031970083616,408.730781761319,21225300,MSFT,67.58436335601556,8.337915493163962,8.031026780776827,0.3068887123871349,395.5842608899778,381.2280354019867,2024-02-15,-0.016416215591952,0,-1,0.635,2024
2024-02-09,415.1473083496094,415.4138590210017,409.757459765656,409.9154079087516,22032800,MSFT,71.3371779343504,8.882560145499781,8.201333453721418,0.6812266917783631,397.4474082670856,382.5582029685601,2024-02-16,-0.0374337663552013,-1,-1,0.55,2024
2024-02-12,409.9252624511719,415.3348429045064,409.4218046606071,415.1571625521398,21202900,MSFT,64.71002774979968,8.79147682257701,8.319362127492537,0.472114695084473,398.6357753322366,383.6314209874861,2024-02-20,-0.0282356187052068,-1,-1,0.645,2024
2024-02-13,401.10009765625,404.8019221765738,398.2077459944963,399.7378214126868,27824900,MSFT,55.35150788023443,7.915925724708359,8.238674846935702,-0.3227491222273428,398.8704726964283,384.3164671313592,2024-02-21,-0.0083585122946778,0,-1,0.49,2024
2024-02-14,404.9768981933594,405.3230467916911,400.1111396506927,403.5725652715375,20401200,MSFT,58.21065474369206,7.449003104270616,8.080740498402685,-0.6317373941320685,399.4520370294694,385.1266801141827,2024-02-22,0.0052748686670811,0,-1,0.55,2024
2024-02-15,402.0792236328125,404.6209064246705,399.8342525934749,403.6418270582009,21825500,MSFT,55.35723981220752,6.767138087937951,7.818020016309739,-1.0508819283717878,399.70224527740686,385.7914857423643,2024-02-23,0.0092974507207863,0,-1,0.52,2024
2024-02-16,399.6067810058594,403.7901722944783,398.99361896429224,403.4637923812322,22296500,MSFT,52.97127428948409,5.958563086804247,7.446128630408641,-1.4875655436043935,399.6931534420214,386.3332620272072,2024-02-26,0.008612592564025,0,-1,0.8,2024
2024-02-20,398.3507690429687,400.0320148509245,393.62345170797335,398.7957913827642,24307900,MSFT,51.75099105606466,5.1569656149526395,6.988296027317441,-1.831330412364801,399.5653073087783,386.8045368121391,2024-02-27,0.011643848944447,0,-1,0.87,2024
2024-02-21,397.74749755859375,397.8563009238514,392.8421710254568,395.7596706387702,18518900,MSFT,51.14159699958311,4.422040347768871,6.475044891407727,-2.053004543638856,399.3921825706655,387.23367252768634,2024-02-28,0.0137749273212879,0,-1,0.77,2024
2024-02-22,407.1130981445313,408.28008583103167,404.0670568612319,405.66919761409457,27009900,MSFT,59.178303542275465,4.542964013123935,6.088628715750969,-1.5456647026270334,400.1275078634146,388.013257845994,2024-02-29,0.0048343805625699,0,-1,0.515,2024
2024-02-23,405.8175354003906,411.2766872182918,404.46263934607134,411.0888090231092,16295900,MSFT,57.76285210558069,4.48258337233824,5.767419647068423,-1.284836274730183,400.66941524788854,388.7114648089115,2024-03-01,0.012574984984391,0,-1,0.495,2024
2024-02-26,403.0484313964844,407.61750865515694,402.87039227350954,406.9252114178632,16193500,MSFT,54.74865652214349,4.163295845800349,5.446594886814808,-1.2832990410144598,400.8959882144215,389.27369879273795,2024-03-04,0.0181086054453627,0,-1,0.5,2024
2024-02-27,402.9891052246094,403.8198438215264,399.3991072363776,403.4934639055569,14835800,MSFT,54.68282021744648,3.860964261772949,5.129468761806437,-1.2685045000334876,401.09533269158226,389.8115578684976,2024-03-05,-0.0118534083717507,0,0,0.46,2024
2024-02-28,403.2264404296875,404.7890136651283,400.8528973289445,403.6813622301974,13183100,MSFT,54.916387073108375,3.5990279172930286,4.823380592903756,-1.224352675610727,401.29829533330656,390.33763169442665,2024-03-06,-0.013808525652611,0,0,0.73,2024
2024-02-29,409.0812377929687,409.6350635504339,401.4463196436388,404.13634340042967,31947300,MSFT,60.34600945246532,3.819841933733869,4.622672861069779,-0.8028309273359095,402.0395279485125,391.0726750708401,2024-03-07,-0.0108790345887218,0,0,0.815,2024
2024-03-01,410.9206848144531,411.2866021355908,406.3516076606767,406.7372936922519,17823400,MSFT,61.898582854759255,4.0960499205938845,4.5173482729746,-0.4212983523807159,402.8853524119354,391.85102839411906,2024-03-08,-0.0223344898336426,-1,0,0.745,2024
2024-03-04,410.3470764160156,412.7502875361098,407.7757256286011,408.8833770001061,17596000,MSFT,61.095268145949554,4.220015623009488,4.457881742981578,-0.2378661199720904,403.5959927932764,392.576363610664,2024-03-11,-0.0250651240907039,-1,0,0.665,2024
2024-03-05,398.2123107910156,409.6844709938999,396.22448391124544,409.39765868898735,26919200,MSFT,47.15345873401657,3.3010329112495356,4.2265119766351695,-0.925479065385634,403.08326117401344,392.7973811471484,2024-03-12,0.0313672226360164,1,0,0.7,2024
2024-03-06,397.6584777832031,400.69464990996806,393.9992743713947,398.52878394681863,22344100,MSFT,46.630444810266205,2.4992331915978525,3.8810562196277063,-1.3818230280298538,402.5666151367934,392.9880123877781,2024-03-13,0.0323560011981145,1,0,0.735,2024
2024-03-07,404.6308288574219,405.26375963919287,397.80685051788544,401.6440933577291,18718500,MSFT,53.60694713481045,2.3987601842118806,3.5845970125445414,-1.1858368283326608,402.7632069197104,393.4445934258033,2024-03-14,0.0393017754130173,1,0,0.8,2024
2024-03-08,401.7429809570313,405.89670410960423,399.87379648400184,403.4637944607813,18002200,MSFT,50.6534732041378,2.0623360845568186,3.280144826946997,-1.2178087423901784,402.6660425423124,393.7700203878123,2024-03-15,0.0251094739915804,1,0,0.7,2024
2024-03-11,400.0616760253906,401.2088950055716,396.83762579993305,399.3100726931067,16120800,MSFT,48.962139482530965,1.6411323528494108,2.95234233212748,-1.3112099792780691,402.41800763593886,394.0167519814429,2024-03-18,0.031642536196468,1,0,0.7,2024
2024-03-12,410.703125,410.98993730983005,402.3067044386273,403.1275435831552,22457000,MSFT,58.42444732447128,2.1413175826446036,2.790137382230905,-0.6488197995863012,403.2070664325161,394.6711195507981,2024-03-19,0.014761122075328,0,0,0.92,2024
2024-03-13,410.5251159667969,413.571157465626,406.9153492946695,413.4920524394339,17115900,MSFT,58.22996635558573,2.4945979670703196,2.731029499198788,-0.2364315321284684,403.90402353101905,395.29284490044506,2024-03-20,0.0244037969721724,1,0,0.965,2024
2024-03-14,420.5335388183594,423.1048895650832,413.3832117005198,415.6084138538168,34157300,MSFT,65.23664860395012,3.5413488322911917,2.893093365817269,0.6482554664739228,405.48778689171814,396.2826760344809,2024-03-21,0.0097597663519628,0,0,0.95,2024
2024-03-15,411.8305358886719,417.94241719453214,408.2405382709743,414.66890001382535,45079900,MSFT,56.38015117320258,3.626838890910335,3.0398424708358824,0.5869964200744526,406.0918582247614,396.8923960287629,2024-03-22,0.0295854800452586,1,0,0.7,2024
2024-03-18,412.72064208984375,416.09306343618266,409.2196486698743,409.6844699154105,20106000,MSFT,57.02278853728514,3.7234924071195223,3.1765724580926107,0.5469199490269117,406.7231709738168,397.51311156057,2024-03-25,0.0132751849855405,0,0,0.84,2024
2024-03-19,416.76556396484375,417.0227081134529,410.970132443708,413.2250029233721,19837900,MSFT,59.91305430316601,4.079456965037082,3.357149359481505,0.7223076055555766,407.67958935391465,398.2681096940709,2024-03-26,0.000569542551448,0,0,0.545,2024
2024-03-20,420.5434875488281,421.2654227938467,416.0238469576272,417.3490749958178,17860100,MSFT,62.45287987968376,4.613229859392504,3.608365459463706,1.004864399928799,408.904722515335,399.14165392366925,2024-03-27,-0.00893640801636,0,1,0.44,2024
2024-03-21,424.6378479003906,426.07187931857345,422.45221307253894,425.092769724827,21296200,MSFT,65.03818869052444,5.3054712165262,3.947786610876205,1.3576846056499958,410.4031154091498,400.1415046678544,2024-03-28,-0.0201458431986183,-1,0,0.66,2024
2024-03-22,424.0147399902344,425.12239136221154,421.3741836269024,424.9641813215602,17648500,MSFT,64.3124294157207,5.737657731800482,4.3057608350610606,1.4318968967394214,411.6994606073483,401.0777099746144,2024-04-01,-0.0097260602780385,0,0,0.685,2024
2024-03-25,418.1995849609375,422.6994568687827,416.96336138975573,420.5533594694659,18060500,MSFT,57.827016137059424,5.546991976680545,4.554007063384958,0.9929849132955866,412.3185200695949,401.7491560525095,2024-04-02,-0.0033581045047843,0,0,0.565,2024
2024-03-26,417.0029296875,421.2950943120244,416.70624810241935,420.9192775167625,16725600,MSFT,56.56295728678905,5.2389367110938,4.690992992926727,0.5479437181670725,412.7646543189192,402.34734325388166,2024-04-03,-0.0028460186037362,0,0,0.485,2024
2024-03-27,416.7853393554687,419.7720747256789,414.3920274982848,419.7621752794236,16705000,MSFT,56.32187304789208,4.920522254747368,4.736898845290855,0.183623409456513,413.1475767033525,402.9135391794341,2024-04-04,-0.0084236750343518,0,0,0.415,2024
2024-03-28,416.0831604003906,417.2204799799258,414.5007882900106,416.3205056535144,21871200,MSFT,55.49978019604386,4.55896363578313,4.70131180338931,-0.1423481676061806,413.4271561030704,403.42999491358927,2024-04-05,0.0114090193544724,0,0,0.425,2024
2024-04-01,419.8907470703125,423.1741640135649,417.56664079478026,419.27758502766966,16316000,MSFT,58.99494644582095,4.527476319542416,4.6665447066199315,-0.1390683870775158,414.0427361951887,404.0755146060098,2024-04-08,4.7023834615744775e-05,0,1,0.455,2024
2024-04-02,416.7952270507813,417.72486953541625,413.2348973416725,415.4798683479255,17912000,MSFT,55.19912006922232,4.204275528114408,4.574090870918827,-0.3698153428044186,414.3048781814357,404.5743268587459,2024-04-09,0.0114844204075901,0,0,0.5,2024
2024-04-03,415.8161315917969,418.5951594920779,414.4711047843507,415.1040656775575,16502300,MSFT,54.015303400987605,3.825039081941384,4.424280513123338,-0.5992414311819543,414.4488070776605,405.0151819463166,2024-04-10,0.0066832958263509,0,0,0.495,2024
2024-04-04,413.27447509765625,423.9455650411732,412.96789407723793,420.3061000373158,19370900,MSFT,50.959974288233795,3.28157309658161,4.195739029814993,-0.9141659332333828,414.3369659367077,405.33907579538874,2024-04-11,0.0240498980296965,1,0,0.525,2024
2024-04-05,420.8302612304687,421.809370796235,413.7096317572202,415.3810083958257,16554800,MSFT,58.47892521227297,3.421124587631425,4.040816141378279,-0.6196915537468541,414.955375012304,405.9465732634311,2024-04-12,-0.0085072509569777,0,0,0.87,2024
2024-04-08,419.9104919433594,422.5708472466926,418.63470088049553,420.48411653092035,14272400,MSFT,57.326673836241795,3.4181007176858316,3.91627305663979,-0.4981723389539585,415.4272909104997,406.4941779175459,2024-04-15,-0.0257894345537128,-1,0,0.885,2024
2024-04-09,421.5818786621094,423.0257792491063,416.9732338650976,421.74011889073387,12496900,MSFT,58.91104059753719,3.5101088687378024,3.8350402190593926,-0.3249313503215902,416.0134421249387,407.0858524565484,2024-04-16,-0.0274468045831902,-1,0,0.925,2024
2024-04-10,418.59515380859375,419.35665657798455,415.0743918863348,417.5369393065771,16216600,MSFT,54.98253868942145,3.303936533028093,3.728819481853133,-0.4248829488250401,416.2593194281439,407.537197607609,2024-04-17,-0.0269809571315652,-1,0,0.77,2024
2024-04-11,423.2136840820313,424.6378159464607,417.7050650079003,421.1269533333631,17966400,MSFT,59.4821027123225,3.473183567797207,3.677692299041948,-0.2045087312447409,416.9216398713713,408.15196178307656,2024-04-18,-0.0552894006907768,-1,0,0.895,2024
2024-04-12,417.2501525878906,420.4940018672189,415.1436229002307,419.3764509864425,19253800,MSFT,52.22369384770587,3.090480771370949,3.5602499935077483,-0.4697692221367995,416.9529267967541,408.50875357934376,2024-04-19,-0.0539938224691648,-1,0,0.565,2024
2024-04-15,409.0812377929687,422.1159721682041,408.8735304979892,421.8983956076828,20273500,MSFT,44.25693017343642,2.1037719213409787,3.2689543790743945,-1.1651824577334158,416.20324212972696,408.5312039406624,2024-04-22,-0.0306547503150743,-1,0,0.515,2024
2024-04-16,410.01080322265625,413.7887093494547,409.1701954171728,410.0009339582446,16765600,MSFT,45.279896964674435,1.3808881908214516,2.891341141423806,-1.5104529506023543,415.61348604333926,408.5892274419171,2024-04-23,-0.0169086001777117,0,0,0.57,2024
2024-04-17,407.3010559082031,414.2634756329666,405.80768815023976,412.6514352391037,15855500,MSFT,42.81338227772297,0.5826274972008605,2.429598412579217,-1.8469709153783564,414.82182603046914,408.5387109111832,2024-04-24,-0.0067502639842337,0,0,0.635,2024
2024-04-18,399.814453125,407.3504970183281,399.49800284316774,406.1043740582622,21029900,MSFT,36.84215050666525,-0.6466519291927852,1.8143483442248165,-2.4610002734176017,413.39255242042447,408.1965831548623,2024-04-25,-0.0129368328814635,0,0,0.665,2024
2024-04-19,394.7212219238281,401.0111429150955,393.3860944801934,399.5771115531844,30565800,MSFT,33.426534599985644,-2.0086909838203724,1.049740478615779,-3.0584314624361513,411.61433046836765,407.6681376163904,2024-04-26,0.0180395810340394,0,0,0.555,2024
2024-04-22,396.54095458984375,398.4101391191041,391.38838318863185,395.6706483655049,20286900,MSFT,35.719523875876845,-2.9077606745294133,0.2582402479867403,-3.1660009225161536,410.1787708608892,407.2317774977023,2024-04-29,0.0032172902666136,0,0,0.605,2024
2024-04-23,403.0780944824219,403.70115595190015,398.61779046162303,399.78477819553336,15734500,MSFT,43.27773923811424,-3.0575418860811965,-0.404916178826847,-2.6526257072543493,409.5025159677018,407.0688879676913,2024-04-30,-0.0447531178493015,-1,0,0.615,2024
2024-04-24,404.5516662597656,407.9240875957352,402.2967957988556,405.04615566067775,15065300,MSFT,44.851864227056005,-3.0224981706019776,-0.9284325771818732,-2.0940655934201047,409.0310064717079,406.9701733909099,2024-05-01,-0.0345181769128136,-1,0,0.435,2024
2024-04-25,394.6421203613281,395.4827584021969,383.7534537964164,389.6873267702122,40586500,MSFT,37.34605451552776,-3.7511029304796466,-1.492966647841428,-2.258136282638219,407.66063636595743,406.48672033092635,2024-05-02,-0.0030071994774364,0,0,0.575,2024
2024-04-26,401.8418273925781,408.4481977790185,401.2880017422918,407.6273587484551,29694700,MSFT,44.59997463922771,-3.704863900193118,-1.935346098311766,-1.7695178018813518,407.1064640827785,406.3045676666774,2024-05-03,0.000836829743537,0,0,0.435,2024
2024-04-29,397.8167419433594,401.84189310161,394.7904690804274,400.7836784898605,19582100,MSFT,41.69368065365587,-3.947505506029472,-2.3377779798553076,-1.6097275261741646,406.22172864092903,405.97171175595906,2024-05-06,0.028067012185575,1,-1,0.475,2024
2024-04-30,385.0390930175781,397.72770759660574,384.880882973138,397.0650785379098,28781400,MSFT,34.09760420419296,-5.1119231399404725,-2.892607011872341,-2.2193161280681317,404.20433477203846,405.1508247466108,2024-05-07,0.051396053296828,1,0,0.495,2024
2024-05-01,390.5872802734375,397.29255516859246,386.0083037107917,388.2829428234783,23562500,MSFT,39.27126738245408,-5.523370187238754,-3.4187596469456234,-2.1046105402931308,402.9074724388384,404.5797053555059,2024-05-08,0.0394996735622283,1,-1,0.645,2024
2024-05-02,393.4553527832031,395.5223150142754,390.3005077512401,393.2773438288502,17709400,MSFT,41.81421573903549,-5.553992486340292,-3.8458062148245578,-1.7081862715157343,402.0072705668731,404.1434562350235,2024-05-09,0.0363965160250978,1,-1,0.545,2024
2024-05-03,402.1781005859375,402.6626905136215,397.4309844950286,397.8463688482122,17446700,MSFT,48.83185256145112,-4.8188592209015155,-4.040416816039949,-0.7784424048615666,402.0235400924983,404.06638346447113,2024-05-10,0.0198692240707112,0,-1,0.46,2024
2024-05-06,408.9822692871094,409.3679552945795,401.8912785681901,404.254952201575,16996600,MSFT,53.53911010888559,-3.645201646793055,-3.96137378219057,0.3161721353975153,402.6862762062708,404.25916330065303,2024-05-13,0.0004353980153462,0,0,0.385,2024
2024-05-07,404.8285827636719,410.0998567263718,404.5813380609886,410.08995728026827,20018200,MSFT,50.48573422190309,-3.015476812574377,-3.772194388267332,0.7567175756929547,402.89030540221376,404.2814934756734,2024-05-14,0.0176381107485226,0,-1,0.47,2024
2024-05-08,406.0153503417969,407.68672686794355,402.2275447730789,403.6714754994307,11792300,MSFT,51.33962285609958,-2.393067328677091,-3.496368976349284,1.1033016476721929,403.1879287297931,404.34948786258025,2024-05-15,0.0324039328304939,1,-1,0.53,2024
2024-05-09,407.7757568359375,408.1713423301442,404.59124380852967,406.0450438901993,14689700,MSFT,52.644218341027475,-1.737721860807028,-3.144639553240833,1.406917692433805,403.6248647399021,404.4838513517315,2024-05-16,0.0228689635889727,1,-1,0.565,2024
2024-05-10,410.1690673828125,410.8020283165112,407.2614672287658,408.3889175739522,13402300,MSFT,54.43285843893611,-1.0135520989267093,-2.7184220623780084,1.7048699634512992,404.248122134465,404.7068010000092,2024-05-17,0.0150165694226818,0,-1,0.515,2024
2024-05-13,409.1603393554687,413.73931635314705,406.2923066683535,413.4030671590533,15440200,MSFT,53.515395751167425,-0.5151005087638509,-2.277757751655177,1.762657242891326,404.7159523459892,404.8814495629684,2024-05-20,0.029940929486075,1,-1,0.51,2024
2024-05-14,411.968994140625,412.8887371535048,407.01420084343874,407.479022072728,15109300,MSFT,55.751709457016354,0.1053465662054122,-1.8011368880830592,1.9064834542884712,405.4067182311926,405.1593924875823,2024-05-21,0.0318175622620264,1,1,0.545,2024
2024-05-15,419.1718444824219,419.8951120945601,413.4155159621218,414.0397012631118,22239500,MSFT,60.94128934981135,1.1648376457553695,-1.2079419813153736,2.3727796270707433,406.7176826360716,405.70890040894864,2024-05-22,0.0175854067253697,0,0,0.775,2024
2024-05-16,417.1011657714844,421.49026736821406,416.4670933867512,417.9036811134131,17530100,MSFT,58.80603026290267,1.8164663989946348,-0.6030603052533718,2.419526704248007,407.70658579182515,406.15565591336184,2024-05-23,0.0142759090111914,0,0,0.885,2024
2024-05-17,416.3283996582031,419.0133884349042,414.1685441563578,418.63689375857393,15352200,MSFT,57.98943315355621,2.244656115156829,-0.0335170211713317,2.2781731363281605,408.5277109219564,406.55458704061056,2024-05-24,0.0236785005170334,1,0,0.82,2024
2024-05-20,421.4109802246094,422.8277635518379,416.1103940213331,416.32836301288194,16272100,MSFT,61.75145867799957,2.9600002842262256,0.5651864399081797,2.394813844318046,409.75468895078046,407.137190694885,2024-05-28,0.0117084075764757,0,0,0.96,2024
2024-05-21,425.0768432617187,428.9705334710034,420.9255450713884,422.88723589418726,21453300,MSFT,64.23888858030315,3.7791564392012447,1.2079804397667928,2.571175999434452,411.2139417422984,407.84070648181967,2024-05-29,0.0003029668205383,0,0,0.845,2024
2024-05-22,426.5431518554687,428.41570789414305,423.1844819845772,426.11713114590145,18073700,MSFT,65.21338876471377,4.494848625772022,1.8653540769678387,2.629494548804183,412.6738665149813,408.57413571215886,2024-05-30,-0.0368159298663243,-1,1,0.47,2024
2024-05-23,423.0556640625,429.5947037930371,421.4902723328989,428.9705184673677,17211700,MSFT,60.958600934181256,4.726148621785512,2.4375129859313738,2.2886356358541384,413.6626091385545,409.1420387847213,2024-05-31,-0.0277985770147896,-1,1,0.43,2024
2024-05-24,426.1864318847656,427.078112153027,420.48954709195647,423.2438658345312,11855300,MSFT,63.27506227451101,5.103255184292664,2.970661425603632,2.1325937586890316,414.8553541620031,409.810446357272,2024-06-03,-0.0386832284100057,-1,0,0.48,2024
2024-05-28,426.3450317382813,426.8404131108432,422.6593931169931,425.66140302529135,15718000,MSFT,63.39355558574817,5.353204129736355,3.447169966430177,1.906034163306178,415.9496091692677,410.4588614702528,2024-06-04,-0.0331149823549293,-1,0,0.475,2024
2024-05-29,425.20562744140625,426.95926647856015,421.75776247263485,421.75776247263485,15517100,MSFT,61.8496186798124,5.39713524986621,3.837163023117384,1.559972226748826,416.8311347189952,411.0371660181412,2024-06-05,-0.0120232786038579,0,0,0.525,2024
2024-05-30,410.8395690917969,420.38058819244,410.4135181651845,420.38058819244,28394500,MSFT,46.479151036271006,4.224038051140212,3.91453802872195,0.3095000224182622,416.2605094211668,411.02941711906885,2024-06-06,0.0237537299280641,1,0,0.445,2024
2024-05-31,411.2953186035156,412.9003493168409,400.7734237177811,412.9003493168409,47995300,MSFT,46.92973381594385,3.293163704912047,3.7902631639599695,-0.4970994590479227,415.7876341052,411.03984462826287,2024-06-07,0.0210055036886029,1,0,0.505,2024
2024-06-03,409.7001647949219,412.58328776743826,405.14268074171713,411.6916074194493,17484700,MSFT,45.486311698393735,2.399068529205465,3.5120242370090686,-1.1129557078036036,415.2078751232688,410.9873081642103,2024-06-10,0.0347020552243546,1,0,0.67,2024
2024-06-04,412.22662353515625,412.5932008783865,405.89563568095855,408.62023297171766,14348900,MSFT,48.20362051093692,1.8727676667850233,3.18417292296426,-1.3114052561792366,414.9239464005914,411.03590876699246,2024-06-11,0.0399211806001285,1,0,0.63,2024
2024-06-05,420.09326171875,420.16259212196985,412.4544602663816,413.9505214749818,16988000,MSFT,55.621323294874294,2.066619693303153,2.9606622770320388,-0.8940425837288859,415.41626214517794,411.3910990788262,2024-06-12,0.0402112771415388,1,0,0.75,2024
2024-06-06,420.5985412597656,421.3812522043053,416.69493407447,420.09327287817626,14861300,MSFT,56.05662528380596,2.235254039934773,2.815580629612586,-0.5803265896778127,415.9098125370434,411.7521752427846,2024-06-13,0.040186551133845,1,0,0.73,2024
2024-06-07,419.9347839355469,422.3423300829449,419.0926295783837,422.2630823692291,13621700,MSFT,55.28940423464364,2.2889526840539816,2.710255040500865,-0.4213023564468834,416.2931431464247,412.07306185818703,2024-06-14,0.04416644749947,1,0,0.82,2024
2024-06-10,423.9176025390625,424.12565422580445,419.9743866143219,420.7769019274312,13982900,MSFT,58.92239703794769,2.6226570638118005,2.692735445163052,-0.0700783813512515,417.01928213619976,412.5375536495939,2024-06-17,0.0479117599884586,1,0,0.985,2024
2024-06-11,428.6831970214844,428.8219183123646,421.3218374300627,421.5497237355039,14551100,MSFT,62.81575462551147,3.2343799176179573,2.801064339654033,0.4333155779639241,418.1301311728935,413.1707161347661,2024-06-18,0.0315706647020368,1,0,0.985,2024
2024-06-12,436.9857482910156,439.30412913800126,429.2478948330182,431.2987806638546,22366200,MSFT,68.4297975928006,4.339102711558439,3.1086720140349144,1.2304306975235249,419.9259042317623,414.104638964423,2024-06-20,0.0105201782591968,0,0,0.53,2024
2024-06-13,437.5009460449219,439.2942542105389,435.3113691126584,436.7777086804944,15960600,MSFT,68.74513929377679,5.196276200438149,3.5261928513155616,1.6700833491225873,421.5997177377775,415.0221412028739,2024-06-21,0.0185697840636644,0,0,0.71,2024
2024-06-14,438.4818115234375,439.0465534624952,432.6858442612151,434.23143149971776,13582000,MSFT,69.37238456692165,5.886879727613689,3.998330226575187,1.8885495010385016,423.20753619355463,415.94212827426855,2024-06-24,0.0115237345432668,0,0,0.805,2024
2024-06-17,444.2282409667969,446.774508213362,436.64891280244507,438.5016341053226,20790000,MSFT,72.81453542969469,6.819268546636124,4.562517890587375,2.256750656048749,425.20950807672057,417.0513875955442,2024-06-25,0.0057542793167382,0,0,0.925,2024
2024-06-18,442.2170104980469,445.9819268194956,440.7804227549636,445.55587588842855,17112500,MSFT,69.85539802786938,7.311620107660701,5.1123383340020405,2.1992817736586607,426.82927021208496,418.0382747681914,2024-06-26,0.013039448352849,0,0,0.895,2024
2024-06-20,441.5829162597656,442.4052359389207,437.1938148300054,442.17734964919055,19877400,MSFT,68.90463532297986,7.563459310450526,5.602562529291738,1.9608967811587872,428.2343793594831,418.9615940423708,2024-06-27,0.0160421827851118,0,0,0.925,2024
2024-06-21,445.625244140625,446.4178422030527,442.3854610099622,443.24741971766383,34187100,MSFT,71.56190191359048,7.9970408608478465,6.08145819560296,1.9155826652448864,429.8906521957824,420.00722737955726,2024-06-28,-0.0062919764134946,0,0,0.87,2024
2024-06-24,443.5347595214844,448.5678208280709,442.2863888206815,445.64505871404725,15913700,MSFT,68.31081155186371,8.078844831161064,6.4809355227145815,1.5979093084464822,431.19009098870634,420.92987569884855,2024-07-01,0.0202380019412751,1,0,0.855,2024
2024-06-25,446.7844543457031,447.2501140269302,442.6232388864113,444.1093829453472,16413400,MSFT,70.55058515314406,8.31010456788357,6.84676933174838,1.4633352361351903,432.6752684512775,421.94378074382325,2024-07-02,0.0184719737725485,0,0,0.62,2024
2024-06-26,447.9832763671875,449.40997710686634,444.0499471482649,444.8524625348744,16507000,MSFT,71.35492536153743,8.492221450871398,7.175859755572984,1.316361695298414,434.1331739670785,422.9649374349355,2024-07-03,0.019041772221918,0,0,0.565,2024
2024-06-27,448.6668701171875,451.9562093572158,447.5968295279366,448.00304584092294,14806300,MSFT,71.8274423639792,8.592659861179584,7.459219776694304,1.1334400844852794,435.51733550518406,423.9728563636513,2024-07-05,0.0324831130853964,1,0,0.56,2024
2024-06-28,442.8213806152344,451.17350253784576,442.2863603157035,448.8848432243285,28362300,MSFT,62.35529766810763,8.107122018830125,7.588800225121469,0.5183217937086564,436.2129588489984,424.7120141774389,2024-07-08,0.043159130803754,1,0,0.495,2024
2024-07-01,452.5110168457031,453.1450891922846,441.5432675183624,444.5155553424217,17662800,MSFT,69.52863296623356,8.407288456812182,7.752497871459612,0.6547905853525702,437.7651548486845,425.80217114482184,2024-07-09,0.0061523962864282,0,0,0.61,2024
2024-07-02,455.0374450683594,455.3445790550665,448.9244265313974,449.0136217726639,13979800,MSFT,71.07622475415282,8.748190470636132,7.951636391294916,0.7965540793412158,439.41013486960594,426.9486524751567,2024-07-10,0.0151759810610752,0,0,0.555,2024
2024-07-03,456.513671875,456.7613625247601,453.6503836863243,453.9575176731728,9932800,MSFT,71.97197668864285,9.033346147288457,8.167978342493624,0.8653678047948308,441.0390431558339,428.1080650006407,2024-07-11,-0.0131734389372579,0,0,0.51,2024
2024-07-05,463.240966796875,464.0236777303131,454.7303195449201,455.36439189726417,16000300,MSFT,75.66983224785952,9.690464905985664,8.472475655192033,1.2179892507936303,443.1535120740283,429.48582585539503,2024-07-12,-0.0299640699154384,-1,0,0.59,2024
2024-07-08,461.93316650390625,463.3797017370924,460.1696102030399,462.24030050538414,12962300,MSFT,73.63591715060001,9.990542942494756,8.776089112652578,1.214453829842178,444.9420505911595,430.7582705867092,2024-07-15,-0.0263383662911403,-1,0,0.565,2024
2024-07-09,455.2950439453125,463.0130626647768,453.7692611079128,462.6861243174569,17207200,MSFT,64.20285095912573,9.582257633746565,8.937322816871376,0.6449348168751889,445.9280499582217,431.720496992929,2024-07-16,-0.0218043866965772,-1,0,0.5,2024
2024-07-10,461.9430847167969,462.1511364069266,454.6213342335764,456.9595498058476,18196100,MSFT,68.54835042489584,9.68350450315063,9.086559154127228,0.596945349023402,447.4532913638003,432.9056965115121,2024-07-17,-0.048750702833087,-1,0,0.565,2024
2024-07-11,450.4998168945313,460.4866917201194,447.3788901655864,458.703330934161,23111200,MSFT,55.95665813592791,8.739622372239182,9.01717179774962,-0.2775494255104362,447.74343665244135,433.5956620167285,2024-07-18,-0.0315154242879918,-1,0,0.555,2024
2024-07-12,449.3603820800781,452.1444226722039,446.4871764788712,450.1331757277914,16324300,MSFT,54.87574296388801,7.809621659150025,8.7756617700297,-0.9660401108796748,447.89743145507344,434.21388633293833,2024-07-19,-0.0362473353340159,-1,0,0.6,2024
2024-07-15,449.7666015625,453.0361364302562,447.2599732817251,449.1126945889487,14429400,MSFT,55.20794081486852,7.024395057359982,8.425408427495757,-1.4010133701357752,448.0754476557807,434.8237967340976,2024-07-22,-0.0242752860098879,-1,0,0.615,2024
2024-07-16,445.36761474609375,450.1034589951911,442.53404808528967,450.0242112870306,17175700,MSFT,50.84285043515115,5.978222616958021,7.93597126538821,-1.9577486484301891,447.8175588072391,435.2372797933916,2024-07-23,-0.010388859492856,0,0,0.485,2024
2024-07-17,439.4230346679687,440.7407659095282,435.12312844393387,438.5016326704633,21778000,MSFT,45.59629299647021,4.616232435288907,7.27202349936835,-2.655791064079443,447.0180803177848,435.40142704337507,2024-07-24,-0.0329635070845822,-1,0,0.52,2024
2024-07-18,436.3021240234375,440.5425867682437,430.3872700554187,440.23545277919766,20794800,MSFT,43.08271458824115,3.2475779402830653,6.467134387551294,-3.2195564472682285,445.99751305165654,435.4367484935736,2024-07-25,-0.0498898071085815,-1,0,0.395,2024
2024-07-19,433.072265625,437.0650682985173,428.0094827838992,429.0993277918271,20940400,MSFT,40.58893866123417,1.880608330471205,5.549829176135276,-3.6692208456640714,444.7665371062606,435.3440236751982,2024-07-26,-0.0270871244920692,-1,1,0.44,2024
2024-07-22,438.848388671875,440.49305821693935,434.85561660140024,437.7090177284673,15808800,MSFT,46.54772976624589,1.2489626589393763,4.689655872696096,-3.440693213756719,444.20290392203344,435.4814497534993,2024-07-29,-0.0365962633023332,-1,0,0.47,2024
2024-07-23,440.7407531738281,444.2480612797599,439.00691860605986,439.7995165999123,13107100,MSFT,48.374598455201465,0.8908082308701637,3.9298863443309098,-3.039078113460746,443.8731752793472,435.68769694645334,2024-07-30,-0.0492974301063556,-1,0,0.465,2024
2024-07-24,424.9381103515625,437.4019218843712,423.64021365061654,436.3814375263218,26805800,MSFT,37.00167380009261,-0.6605584348448588,3.011797388495756,-3.672355823340615,442.0698357624153,435.26614453096744,2024-07-31,-0.024597805919003,-1,0,0.34,2024
2024-07-25,414.53509521484375,425.8297836093588,413.65333216081086,424.83902093903856,29943800,MSFT,31.715509356236012,-2.698359070629351,1.8697660966707348,-4.568125167300086,439.44747951978945,434.45316220484494,2024-08-01,-0.0030832291504552,0,0,0.355,2024
2024-07-26,421.3415832519531,424.9578907866001,413.41548276733306,414.3369149277823,23583800,MSFT,37.96055662848927,-3.721208282934697,0.7515712207496485,-4.472779503684345,437.7231084466622,433.9389826380649,2024-08-02,-0.0394570797379006,-1,0,0.43,2024
2024-07-29,422.7881774902344,428.15809438761096,420.77693042040073,427.5933523925366,15125800,MSFT,39.232573377933896,-4.364781107949909,-0.271699244990263,-4.093081862959647,436.3007340698596,433.5016961616794,2024-08-05,-0.0740047421946837,-1,0,0.575,2024
2024-07-30,419.0133666992187,425.0867165408092,413.5046983714735,423.7690154776861,32687600,MSFT,37.09522141066203,-5.120388243550565,-1.2414370447023235,-3.8789511988482417,434.6543181297985,432.93352637883777,2024-08-06,-0.0551168480061877,-1,1,0.445,2024
2024-07-31,414.4855651855469,417.8838738554688,408.4022679352166,416.61569885909415,42891400,MSFT,34.65634977136412,-6.015228276880464,-2.196195291137952,-3.819032985742512,432.7334845160603,432.21007692027734,2024-08-07,-0.0476157063283586,-1,1,0.525,2024
2024-08-01,413.2569885253906,423.5113878535516,409.2741336141255,416.9030180044247,30296400,MSFT,34.00308555789901,-6.745770278426221,-3.106110288595606,-3.6396599898306152,430.8785801359965,431.4668185518505,2024-08-08,-0.0345710866621792,-1,1,0.52,2024
2024-08-02,404.7166748046875,411.1665501217745,400.6050153506058,408.6797258901986,29437900,MSFT,29.79821572064978,-7.9225359578879875,-4.0693954224540825,-3.853140535433905,428.38697010444326,430.4177933068637,2024-08-09,-0.0060467859610748,0,1,0.755,2024
2024-08-05,391.4998474121094,397.3354538191348,382.01824178124633,385.57510623229217,40709200,MSFT,24.706311572630497,-9.808551869604855,-5.217226711884237,-4.591325157720618,424.87391080041147,428.89159935020666,2024-08-12,0.0295078202591119,1,1,0.665,2024
2024-08-06,395.9186706542969,401.92272047285906,394.8189385631437,396.30508262297985,24946500,MSFT,29.07028662789179,-10.821922574626171,-6.338165884432624,-4.483756690193547,422.1162688817339,427.5985433229161,2024-08-13,0.0360351742630322,1,1,0.575,2024
2024-08-07,394.7495422363281,406.2919206772892,393.79841858999345,404.865250325625,20650900,MSFT,28.598006450745757,-11.585811034128938,-7.387694914371887,-4.19811611975705,419.50991396312384,426.3103472018734,2024-08-14,0.046256661981501,1,1,0.535,2024
2024-08-08,398.9702453613281,402.1109462771406,396.24564785929977,398.7225546793256,20203000,MSFT,32.83998492900305,-11.715572842467225,-8.253270499990956,-3.462302342476269,417.5537550486671,425.2381863453815,2024-08-15,0.0474280827175246,1,0,0.5,2024
2024-08-09,402.2694396972656,404.2806866644843,398.5441926988125,400.2978317019802,19276700,MSFT,36.03875348139375,-11.420543681546746,-8.886725136302115,-2.533818545244632,416.0981059675812,424.3374511827103,2024-08-16,0.032521252218534,1,0,0.525,2024
2024-08-12,403.0521545410156,404.98415381866863,400.5058872530212,403.29984520555183,16762900,MSFT,36.807735713789214,-10.99680804164842,-9.308741717371376,-1.6880663242770453,414.8556344031464,423.5027336673498,2024-08-19,0.0380514798996578,1,0,0.51,2024
2024-08-13,410.1856689453125,411.11698828818714,405.7866802044894,405.806484573348,19414300,MSFT,43.47743020186387,-9.970446399315222,-9.441082653760146,-0.5293637455550755,414.4108757881146,422.980495835113,2024-08-20,0.0279115396782552,1,1,0.375,2024
2024-08-14,413.00933837890625,413.8614100518675,408.6401013336294,410.968369567713,18267000,MSFT,45.91101159698056,-8.827443603362212,-9.31835484368056,0.4909112403183471,414.2773960348567,422.5894700525167,2024-08-21,0.019297756897888,0,-1,0.385,2024
2024-08-15,417.89263916015625,417.972029702109,414.5477559984779,416.671793760154,20752100,MSFT,49.92631045981651,-7.441779884913387,-8.943039851927125,1.5012599670137377,414.6217049039328,422.4052806057574,2024-08-22,-0.0130157316906276,0,0,0.485,2024
2024-08-16,415.3517456054687,418.2003547729734,414.1904506066069,417.4658786225156,22775600,MSFT,47.93244310816851,-6.474031672429589,-8.449238216027618,1.9752065435980288,414.6912325897934,422.1286713900599,2024-08-23,-0.0040146959871261,0,0,0.42,2024
2024-08-19,418.3888854980469,418.60724733659873,413.35665832562813,415.8380290863667,15234000,MSFT,50.47825179912793,-5.3997672789396916,-7.839344028610033,2.4395767496703415,415.04339000962705,421.9820131197849,2024-08-26,-0.0190732636083458,0,0,0.45,2024
2024-08-20,421.6345825195313,422.68668148594463,418.4981559756192,418.557706461252,16387600,MSFT,53.11644711066839,-4.237655330429561,-7.119006288973939,2.8813509585443775,415.6711226296179,421.9683883903632,2024-08-27,-0.0258003656887222,-1,0,0.54,2024
2024-08-21,420.9794921875,423.22263097030424,418.57751173597626,420.9199114166435,16067300,MSFT,52.50842708684446,-3.331134310870766,-6.361431893353305,3.0302975824825387,416.1766816351305,421.9296081471137,2024-08-28,-0.0319234491965584,-1,0,0.52,2024
2024-08-22,412.4534606933594,423.6097249060729,411.5204628076481,421.1978093601494,19361900,MSFT,45.24862651003333,-3.263074664756232,-5.74176044763389,2.4786857828776583,415.8220891644856,421.5579945214763,2024-08-29,-0.0058475317742332,0,0,0.42,2024
2024-08-23,413.6842346191406,416.1358302513444,409.0192452654988,413.8728212285542,18493800,MSFT,46.40067573056841,-3.0743841483391066,-5.208285187774933,2.133901039435827,415.6184839696908,421.2492196233455,2024-08-30,0.0008398739857056,0,0,0.43,2024
2024-08-26,410.4088439941406,414.17061105594456,408.274870910172,413.26738834241513,13152800,MSFT,43.76167534341384,-3.152798703586825,-4.7971878909373125,1.6443891873504874,415.1223277815432,420.82410685357274,2024-09-03,-0.0097946376327614,0,0,0.435,2024
2024-08-27,410.7562561035156,411.2723704046003,407.19301072311185,409.7835476962891,13492900,MSFT,44.12467128847089,-3.1505914922371403,-4.467868611197278,1.3172771189601375,414.70651143125485,420.4292891770999,2024-09-04,-0.0119370019794703,0,0,0.46,2024
2024-08-28,407.5403747558594,411.9075816112939,404.2748820734033,411.7884806509906,14882700,MSFT,41.45714598352341,-3.3694955624487193,-4.248194001447566,0.878698438998847,414.0240222240743,419.92384155273754,2024-09-05,-0.0053823181671378,0,0,0.49,2024
2024-08-29,410.0416259765625,418.905076693097,407.5404146945572,411.8480714919877,17045200,MSFT,44.27871184998222,-3.3030727786273815,-4.05916975688353,0.7560969782561484,413.6447463909779,419.5363036870052,2024-09-06,-0.0276433652142666,-1,1,0.475,2024
2024-08-30,414.03167724609375,414.37904497336154,409.0589997914285,412.50314414345024,24308300,MSFT,48.539556250909726,-2.8950955928374356,-3.826354924074311,0.9312593312368757,413.6815969486081,419.32043598344006,2024-09-09,-0.0273769642345133,-1,0,0.48,2024
2024-09-03,406.3890380859375,416.7512462836699,403.99699269665393,414.79592463376775,20313600,MSFT,41.92636213436731,-3.15213202594515,-3.691510344448479,0.5393783185033292,412.9870675331156,418.8133223404008,2024-09-10,0.01162560349688,0,1,0.485,2024
2024-09-04,405.8530578613281,408.1756176150405,401.356814564364,402.8853476688359,15135800,MSFT,41.49934353639883,-3.360348371500436,-3.6252779498588703,0.2649295783584349,412.3076380405644,418.3050766745548,2024-09-11,0.0345805881693448,1,1,0.45,2024
2024-09-05,405.3468627929687,410.021757358501,403.1036936763924,404.5825811257243,14195500,MSFT,41.07386369046272,-3.5255665010040502,-3.6053356600879063,0.0797691590838565,411.6447070646029,417.7969114242965,2024-09-12,0.0455691536608653,1,1,0.43,2024
2024-09-06,398.7066955566406,407.5899853655918,397.813377784307,406.01183707940055,19609500,MSFT,35.87743529274273,-4.144533458914793,-3.713175219853284,-0.4313582390615091,410.4125154924161,417.0482755079179,2024-09-13,0.0719192402253348,1,0,0.525,2024
2024-09-09,402.6967468261719,405.6049064318399,399.1533416913916,404.2054095225525,15295100,MSFT,40.72986701959988,-4.263953242512798,-3.823330824385187,-0.440622418127611,409.6776803813452,416.4854704615749,2024-09-16,0.0631470402143385,1,-1,0.435,2024
2024-09-10,411.1135559082031,413.2276585385216,404.6619913629379,405.1582655587275,19594300,MSFT,49.42434904297277,-3.637497325767867,-3.786164124661723,0.1486667988938559,409.8144304315221,416.2748071457564,2024-09-17,0.0505794177265874,1,-1,0.35,2024
2024-09-11,419.8876953125,420.83059814465895,406.527971667463,412.4038716868024,19266900,MSFT,56.57561918815475,-2.4052999761147476,-3.5099912949523286,1.104691318837581,410.7737889916152,416.4164890346483,2024-09-18,0.0183669746374703,0,0,0.53,2024
2024-09-12,423.8181762695313,424.18541433930886,416.6222002087488,420.1556701684846,17395700,MSFT,59.34857725685849,-1.098949725812986,-3.02778298112446,1.9288332553114744,412.016111589512,416.7067512791536,2024-09-19,0.0273770827281802,1,0,0.545,2024
2024-09-13,427.3813781738281,428.6121283997888,422.28960043746287,422.6568384700369,15874600,MSFT,61.734190265668715,0.2213117301886313,-2.377964038861842,2.5992757690504735,413.4794703118278,417.1253640985526,2024-09-20,0.0108687727664518,0,1,0.675,2024
2024-09-16,428.1258544921875,430.29953807017074,425.0291081044238,427.3913783153956,13834700,MSFT,62.232883199855074,1.3125709620796897,-1.6398570386735358,2.9524280007532253,414.87436404329065,417.5567558786952,2024-09-23,0.0050307837547085,0,0,0.665,2024
2024-09-17,431.9074401855469,438.5575267353336,429.0488958810436,436.949603136594,18874200,MSFT,64.7461392354362,2.4542530257143653,-0.8210350257959557,3.275288051510321,416.49656177112456,418.1195278122973,2024-09-24,-0.0137423536907297,0,0,0.885,2024
2024-09-18,427.5997619628906,432.78086567930353,427.2027486718979,431.7585420671652,18898000,MSFT,59.85950310194066,2.977132128740891,-0.0614015948885864,3.0385337236294774,417.5540094084356,418.4913017005558,2024-09-25,0.0030175021548233,0,0,0.85,2024
2024-09-19,435.4210815429687,438.21014026162374,433.64441133789575,437.9421630848395,21706600,MSFT,65.02151064387681,3.976790741446053,0.7462368723783414,3.230553869067711,419.2556353260102,419.1552146355524,2024-09-26,-0.0168229641436519,0,0,0.505,2024
2024-09-20,432.0264892578125,435.96690723520663,430.98432565496967,433.961970566144,55167100,MSFT,61.33483152780649,4.443885817069315,1.485766661316536,2.958119155752779,420.471907129039,419.659970503092,2024-09-27,-0.0166562781404971,0,0,0.425,2024
2024-09-23,430.2796630859375,433.2076626680782,427.1829169494896,431.0439144432746,15128900,MSFT,59.46631866863907,4.619852967256236,2.112583922504476,2.5072690447517596,421.4059791249341,420.07642903575265,2024-09-30,-0.0074047101565427,0,0,0.42,2024
2024-09-24,425.9720153808594,430.1208604741096,422.9248844858402,429.7734624718136,17015800,MSFT,55.01541230812332,4.361441054692705,2.562355348942122,1.799085705750583,421.8408397207365,420.3076285002667,2024-10-01,-0.0197590658027284,0,0,0.57,2024
2024-09-25,428.8900451660156,429.89252867410806,425.3764458799475,426.6270361808483,13396400,MSFT,57.34450420261464,4.342055851874022,2.918295449528502,1.42376040234552,422.5121926202869,420.6441938597078,2024-10-02,-0.0346669660859938,-1,0,0.53,2024
2024-09-26,428.0960083007813,432.05626635685144,425.9322602589796,431.8478396934189,14492000,MSFT,56.48744574322159,4.214043924782288,3.1774451445792593,1.036598780203029,423.0439845898578,420.9364218770048,2024-10-03,-0.034244378147756,-1,0,0.68,2024
2024-09-27,424.8305358886719,428.6320130497984,424.2846464096371,428.30445513023994,14896100,MSFT,52.9805326753544,3.80523286156739,3.3030026879768855,0.5022301735905046,423.214132332602,421.0891322304035,2024-10-04,-0.0279424807987617,-1,0,0.625,2024
2024-09-30,427.0935668945313,427.21269814697155,422.20031052363777,425.01914436125503,16807300,MSFT,55.06267058250287,3.62210150639271,3.3668224516600507,0.2552790547326591,423.58360229088095,421.3246002564478,2024-10-07,-0.0482453664529666,-1,0,0.835,2024
2024-10-01,417.5552062988281,425.28716713975047,415.6892103822864,425.257391898111,19092900,MSFT,45.84728829803996,2.676450152038626,3.2287479917357658,-0.5522978396971396,423.0094693392568,421.1767808855608,2024-10-08,-0.0142148529112002,0,0,0.685,2024
2024-10-02,414.021728515625,419.66933146547984,413.6048448503053,419.4310992466512,16582300,MSFT,42.97774352024578,1.6231814882630715,2.907634691041227,-1.2844532027781557,422.1534940227205,420.8961905965437,2024-10-09,0.0007910566665467,0,0,0.475,2024
2024-10-03,413.4361267089844,416.4236768512481,411.2028927674364,414.5180008502912,13686400,MSFT,42.50295176298157,0.7327585279289792,2.4726594584187778,-1.7399009304897983,421.3232685642694,420.6036390715414,2024-10-10,-0.0016806083790521,0,0,0.545,2024
2024-10-04,412.959716796875,416.62222309915006,411.87784259208183,415.1234652064613,19169700,MSFT,42.09551663586342,-0.0112210325914361,1.9758833602167352,-1.9871043928081713,420.5267398245176,420.30387741371135,2024-10-11,0.0006248954319967,0,0,0.495,2024
2024-10-07,406.48828125,414.0018496365578,405.95229663138974,412.90013544904184,20919800,MSFT,36.91841230277964,-1.1102229993300057,1.358662088307387,-2.4688850876373927,419.1897437698016,419.76208932885993,2024-10-14,0.0234409535032336,1,0,0.63,2024
2024-10-08,411.6197204589844,412.5626535137651,405.1284760161441,407.83811364378505,19229300,MSFT,42.913652301434595,-1.5492667343847302,0.7770763237689636,-2.326343058153694,418.4687891687714,419.4427807457276,2024-10-15,0.0097176332512971,0,0,0.545,2024
2024-10-09,414.3492431640625,417.247497795826,411.2127866111198,412.7611596791307,14974300,MSFT,45.86109667969794,-1.6578517043571992,0.290090718143731,-1.9479424225009303,418.0764514540372,419.2430341738976,2024-10-16,-0.0032098938559352,0,-1,0.575,2024
2024-10-10,412.7413024902344,414.24006019253727,410.0713450038319,412.1358625356339,13848400,MSFT,44.40654765422987,-1.852301273565672,-0.1383876801981495,-1.7139135933675225,417.5683420289131,418.98806430395,2024-10-17,0.0021162750512819,0,0,0.525,2024
2024-10-11,413.2177734375,414.0217352499605,410.1706424598083,413.03912198810315,14144900,MSFT,44.9635860651728,-1.9455298773111167,-0.499816119620743,-1.4457137576903736,417.15400216306426,418.7617783876187,2024-10-18,0.0044196887518168,0,0,0.55,2024
2024-10-14,416.0167541503906,420.8802352901763,414.40880028614094,414.65693738807056,16653100,MSFT,48.24429635414734,-1.773120437310581,-0.7544769831587107,-1.0186434541518703,417.0456928285239,418.6541303783157,2024-10-21,-0.0008589325278386,0,0,0.54,2024
2024-10-15,415.61968994140625,419.3318413994773,412.16564103956983,419.03405871782695,18900200,MSFT,47.808912681644905,-1.6495099532711492,-0.9334835771811985,-0.7160263760899508,416.9098830297508,418.5351327141231,2024-10-22,0.0209439353445686,1,0,0.49,2024
2024-10-16,413.0192260742187,413.25742799200697,407.4212689749873,412.0763232895253,15508900,MSFT,44.94795852732548,-1.7413107092748987,-1.0950490035999385,-0.6462617056749602,416.53934427208105,418.3188226498132,2024-10-23,0.0203788082206537,1,0,0.46,2024
2024-10-17,413.6147766113281,419.351705237047,412.49319205621896,419.2127339196968,14820000,MSFT,45.748649742923625,-1.745882076867133,-1.2252156182533775,-0.5206664586137555,416.260814018676,418.1343502561471,2024-10-24,0.0192215506610959,0,0,0.5,2024
2024-10-18,415.0440673828125,416.52295489433874,413.1582313681452,414.0316788587722,17145300,MSFT,47.714103571753824,-1.615550043188648,-1.3032825032404318,-0.3122675399482162,416.144933386689,418.01316269248696,2024-10-25,0.0238903001463806,1,0,0.5,2024
2024-10-21,415.659423828125,415.8380752730999,410.6669065146117,413.01924141063614,14206100,MSFT,48.57786390388477,-1.445938960843648,-1.331813794761075,-0.114125166082573,416.09869438111144,417.92085920761,2024-10-28,0.0186494040378468,0,0,0.5,2024
2024-10-22,424.3244018554687,427.3715026073368,414.9249667270413,415.3715953599656,25482200,MSFT,58.8792396568556,-0.6053515299208811,-1.1865213417930365,0.5811698118721551,416.882095092955,418.1719785271339,2024-10-29,0.0103856644818689,0,0,0.83,2024
2024-10-23,421.4360656738281,427.86776005710016,419.3814831724278,427.6493981928425,19654400,MSFT,54.92909909652951,-0.1702816252556545,-0.98327339848556,0.8129917732299055,417.3158065768477,418.29998194465134,2024-10-30,0.0186763325876453,0,0,0.415,2024
2024-10-24,421.5650939941406,422.80577949754775,419.2524392532927,422.1605988036373,13581600,MSFT,55.074099474471424,0.1828184979714251,-0.750055019194163,0.932873517165588,417.7205006165899,418.4280255544352,2024-10-31,-0.0432745553464658,-1,0,0.465,2024
2024-10-25,424.9595947265625,429.29702642206786,423.3913815699701,423.5799681906594,16899100,MSFT,58.82695169656592,0.7281668751890606,-0.4544106403175182,1.182577515506579,418.409938150873,418.6841655219697,2024-11-01,-0.0415274573725845,-1,0,0.76,2024
2024-10-28,423.4112243652344,428.72136443906953,423.12337684387694,428.44345209470936,14882400,MSFT,56.508171652552406,1.023619200308474,-0.1588046721923198,1.1824238725007938,418.88625112366935,418.8695403785683,2024-11-04,-0.0424998264782199,-1,0,0.545,2024
2024-10-29,428.7312927246094,429.94220298203743,422.62709584345464,424.8107144355948,17644100,MSFT,62.044089870473755,1.6678266836961484,0.2065215989853738,1.4613050847107745,419.8238741332827,419.25627576468753,2024-11-05,-0.047436101944761,-1,0,0.74,2024
2024-10-30,429.3069458007813,435.2324607886903,428.8801572707895,434.1803619383898,29749100,MSFT,62.598837433004284,2.1994621176837654,0.6051097027250522,1.5943524149587134,420.7270238159016,419.6504196876716,2024-11-06,-0.0285529158281517,-1,0,0.79,2024
2024-10-31,403.3220520019531,413.05894946974416,403.2724064074055,412.2648925685448,53971000,MSFT,36.59692158966606,0.518051489503307,0.5876980600807031,-0.0696465705773961,419.0694074526684,419.0100915431336,2024-11-07,0.0469545493031695,1,0,0.56,2024
2024-11-01,407.3121032714844,412.4038816750557,404.46349406157685,405.962251916477,24230400,MSFT,40.6720441859889,-0.4869020522652363,0.3727780376115153,-0.8596800898767516,417.9496641973176,418.55134690502973,2024-11-08,0.0296560906757969,1,0,0.545,2024
2024-11-04,405.4163208007813,407.3617375208185,402.5478716062057,406.7463320541696,19672300,MSFT,39.37704883681338,-1.4199405849062146,0.0142343131079693,-1.434174898014184,416.7560124452665,418.036247842118,2024-11-11,0.0233805370726976,1,0,0.64,2024
2024-11-05,408.3939514160156,411.8083202953773,405.039133016745,405.3269805306338,17626000,MSFT,42.47514397099369,-1.897240234222636,-0.3680605963581517,-1.5291796378644842,415.9596256805759,417.6581185705062,2024-11-12,0.0281194056038247,1,0,0.71,2024
2024-11-06,417.0489807128906,417.31698816741806,407.4609595048601,409.346825702744,26681800,MSFT,50.40834850255192,-1.5591422920933835,-0.6062769355051982,-0.9528653565881856,416.0633737788916,417.634230811384,2024-11-13,0.0119473628481951,0,-1,0.43,2024
2024-11-07,422.2598571777344,423.66928922885575,416.75122569160607,418.14078738908074,19901800,MSFT,54.47872383874903,-0.8608002856274197,-0.6571816055296426,-0.2036186800977771,416.6535150549719,417.81562792379,2024-11-14,0.0034319097357005,0,0,0.42,2024
2024-11-08,419.3913879394531,423.3218709209174,418.6370415012291,422.15067113853826,16891400,MSFT,51.95092075823117,-0.5326803020126931,-0.6322813448262528,0.0996010428135596,416.9142648534939,417.87742243420814,2024-11-15,-0.0178444178426859,0,-1,0.525,2024
2024-11-11,414.8951721191406,421.6444892164841,412.90014011467326,419.3715448677772,24503300,MSFT,48.17744379974642,-0.6282082970743659,-0.6314667352758754,0.0032584382015095,416.721970307365,417.7604714414604,2024-11-18,-0.0053826013945276,0,-1,0.52,2024
2024-11-12,419.8777465820313,421.27724345465793,414.09120276331856,415.1333664626366,19401200,MSFT,52.311299154239215,-0.2984227714126177,-0.5648579425032239,0.2664351710906061,417.02252042876177,417.8435018391299,2024-11-19,-0.012386766807035,0,-1,0.49,2024
2024-11-13,422.0316162109375,426.1308158963339,415.09368189625457,418.4981461257373,21502200,MSFT,54.01882318855995,0.1351756908438233,-0.4248512158338144,0.5600269066776378,417.49957716992134,418.0077416184165,2024-11-20,-0.0228364296472114,-1,0,0.42,2024
2024-11-14,423.7090148925781,424.9794756745813,416.87034165331505,421.83308381585454,30246900,MSFT,55.35937369577398,0.6071587035021935,-0.2184492319666129,0.8256079354688064,418.09095219112675,418.2313209625012,2024-11-21,-0.0309063671911827,-1,0,0.625,2024
2024-11-15,411.9075927734375,419.64945830467593,410.5577414665236,416.69168340974903,28247600,MSFT,45.34327274737965,0.0286027899156238,-0.1690388275901655,0.1976416175057893,417.5020608180135,417.9833316217536,2024-11-22,0.0068305808501616,0,-1,0.5,2024
2024-11-18,412.6619567871094,415.282268966584,409.0292257942814,411.77857411978533,24727000,MSFT,46.0156403516882,-0.3648305292102236,-0.2081971679141772,-0.1566333612960464,417.041098529356,417.7746502556891,2024-11-25,0.0093040234040449,0,-1,0.485,2024
2024-11-19,414.67681884765625,414.82569505476647,408.48329602030253,410.03166915459735,18133500,MSFT,47.8605645266391,-0.5081886572656344,-0.2681954657844687,-0.2399931914811657,416.81592903586073,417.6531666710604,2024-11-26,0.0264646423017735,1,-1,0.535,2024
2024-11-20,412.3939208984375,414.18052617467214,407.52050466835993,413.76364252316546,19191700,MSFT,45.94467012991431,-0.7968264725485597,-0.3739216671372868,-0.4229048054112728,416.3947854037252,417.4469217388007,2024-11-27,0.0200887657248505,1,-1,0.475,2024
2024-11-21,410.61370849609375,417.48594978990576,408.047821251109,417.2074811714516,20780200,MSFT,44.45036565835552,-1.155897813227284,-0.5303168963552863,-0.6255809168719978,415.8442066506174,417.1789525920279,2024-11-29,0.0256497403565516,1,0,0.65,2024
2024-11-22,414.7211608886719,415.1189688817136,408.81361962204943,409.1219230929671,24814600,MSFT,48.6039151987159,-1.096388868616316,-0.6435312908074923,-0.4528575778088236,415.73724991138454,417.082568603661,2024-12-02,0.0335251640907598,1,0,0.48,2024
2024-11-25,416.5013732910156,418.778836873561,412.58290247238904,416.09361024787086,27691100,MSFT,50.33713610075466,-0.8952593458012075,-0.6938769018062354,-0.201382443994972,415.8100235665875,417.0597766306161,2024-12-03,0.0296329469178335,1,-1,0.515,2024
2024-11-26,425.6510925292969,426.69537265560376,416.5610569682543,417.2970032728635,23458900,MSFT,58.14893453270248,0.0024152833418611,-0.5546184647766161,0.5570337481184773,416.7472682297027,417.396690979584,2024-12-04,0.0220332548618109,1,0,0.885,2024
2024-11-27,420.6784057617187,424.8952553598379,419.71370546967114,422.78681538537654,18332400,MSFT,53.24684574012387,0.3090125266147652,-0.3818922664983399,0.6909047931131052,417.12166228037086,417.5253856769226,2024-12-05,0.0464077436072656,1,0,0.41,2024
2024-11-29,421.1458435058594,422.5580967644444,415.5167709497141,417.7942649272981,16271900,MSFT,53.64246470898158,0.5829910127388302,-0.1889156106509059,0.7719066233897361,417.5049176351793,417.6673644153123,2024-12-06,0.0474897767097022,1,0,0.65,2024
2024-12-02,428.624755859375,430.6337058704027,419.0075879189551,419.26617676175783,20207200,MSFT,59.5414326998045,1.3876111424584678,0.1263897399709688,1.261221402487499,418.56394984700745,418.0970660405697,2024-12-09,0.0348971775077791,1,0,0.805,2024
2024-12-03,428.8435363769531,430.1065849956101,425.4024231657053,427.4909528928622,18302000,MSFT,59.70297400317489,2.019650873499131,0.5050419666766014,1.51460890682253,419.5429580879547,418.5184962498397,2024-12-10,0.0281308208701109,1,0,0.83,2024
2024-12-04,435.0295715332031,437.2672755840065,430.2657397446011,430.6635477279166,26009400,MSFT,64.07119208869588,2.9852956225508933,1.0010926978514598,1.9842029246994335,421.0178736541688,419.1659893982069,2024-12-11,0.0264505579742306,1,0,0.885,2024
2024-12-05,440.2011413574219,442.2300015529848,433.7864078777922,435.5268443828614,21697800,MSFT,67.26586821210347,4.120381316502915,1.6249504215817507,2.4954308949211637,422.8448515306691,419.9908973181761,2024-12-12,0.015679422338823,0,0,0.77,2024
2024-12-06,441.1459655761719,443.66213830194334,439.35578408835863,439.8828865059849,18821000,MSFT,67.82868386070588,5.038108150394066,2.307581967344214,2.7305261830498524,424.58781477309793,420.8205078380975,2024-12-13,0.0083413401057634,0,0,0.725,2024
2024-12-09,443.5825500488281,445.8799237829371,438.09272702914495,440.1812568830996,19144400,MSFT,69.29487743378212,5.89408197362161,3.024881968599693,2.869200005021917,426.39683718031034,421.7131369444007,2024-12-16,0.0124882759662623,0,0,0.835,2024
2024-12-10,440.9072570800781,447.16289170564096,439.1867306857862,441.9614922675205,18469500,MSFT,65.75161386214708,6.284134025952369,3.676732380070229,2.6074016458821405,427.7787819326692,422.4658475379567,2024-12-17,0.0251053995013306,1,0,0.75,2024
2024-12-11,446.5363464355469,447.8889300799693,441.62334015579273,441.62334015579273,19200200,MSFT,69.30778048799922,6.967160465383358,4.334817997132855,2.6323424682505037,429.56521664722897,423.40978867119554,2024-12-18,-0.0258357940755338,-1,0,0.92,2024
2024-12-12,447.1032409667969,453.66717934055725,446.6556879875928,446.6556879875928,20834800,MSFT,69.64956759921634,7.468119655859084,4.961478328878101,2.506641326980983,431.235504677664,424.3389436631799,2024-12-19,-0.027871745739566,-1,0,0.835,2024
2024-12-13,444.8257141113281,448.9629838704377,443.14494732322726,445.98933356109154,20177800,MSFT,66.44805242328547,7.593819219403997,5.487946506983281,2.105872712420716,432.52981033801296,425.1423464258524,2024-12-20,-0.0238557101447723,-1,0,0.865,2024
2024-12-16,449.12213134765625,449.7089034526842,442.8466168869823,444.82573215231423,23598800,MSFT,69.31361862018815,7.948496671581836,5.980056539902993,1.9684401316788431,434.1100313865504,426.0827301482761,2024-12-23,-0.0361832578936475,-1,0,0.87,2024
2024-12-17,451.9764099121094,452.80189103583194,447.11314908926647,448.545282051395,22733500,MSFT,71.08069434768284,8.363488444992868,6.456742920920968,1.9067455240718996,435.8115912461275,427.0981685703872,2024-12-24,-0.0332922292316535,-1,0,0.67,2024
2024-12-18,434.9997253417969,450.1763104473289,434.6317218572595,448.85359210839096,24444500,MSFT,51.927278048852735,7.239048604364086,6.613204057609592,0.625844546754494,435.7342706838103,427.40803354181503,2024-12-26,0.0016461262189588,0,-1,0.49,2024
2024-12-19,434.6416931152344,440.7580781855559,433.9355816606558,439.2066057877418,22963700,MSFT,51.61141828702815,6.2470199635261565,6.539967238792905,-0.2929472752667488,435.6302156772792,427.6917064662629,2024-12-27,-0.0148731890176184,0,-1,0.485,2024
2024-12-20,434.2140808105469,441.3150464611244,426.2876339353125,430.7431322726768,64263700,MSFT,51.21076128674158,5.364486913338737,6.304871173702072,-0.9403842603633344,435.4953456899714,427.94748585231326,2024-12-30,-0.0269584048778187,-1,0,0.505,2024
2024-12-23,432.8714294433594,435.2583077630068,430.4646409959487,434.35327712310794,19152500,MSFT,49.90087718959364,4.504803794432348,5.944857697848128,-1.440053903415779,435.24544890457975,428.1405816794131,2024-12-31,-0.0315910563564824,-1,0,0.62,2024
2024-12-24,436.9291076660156,437.1976515770788,431.817212852652,432.2746905166954,7164500,MSFT,53.75098715703199,4.103615524795259,5.576609263237554,-1.4729937384422946,435.4057973580498,428.48522975731913,2025-01-02,-0.0472309954123311,-1,0,0.705,2024
2024-12-26,435.7157897949219,438.5303413291557,434.24389716434194,436.6804901261448,8194200,MSFT,52.45292818422556,3.645740491632864,5.190435508916616,-1.544695017283752,435.4353204472757,428.7687811313428,2025-01-03,-0.0336901292835213,-1,0,0.725,2024
2024-12-27,428.17718505859375,432.84155699312345,424.0200357250834,432.2249501021284,18117700,MSFT,45.15622516090665,2.6440894127058527,4.681166289674464,-2.0370768769686114,434.74406945787746,428.7455812853526,2025-01-06,-0.0062247915435718,0,0,0.695,2024
2024-12-30,422.50836181640625,425.21349868579347,419.59438106008827,423.7316509986102,13158700,MSFT,40.58427628980005,1.376974155905316,4.0203278629206345,-2.6433537070153186,433.57876396821354,428.5009844434332,2025-01-07,-0.0057905687598349,0,0,0.495,2024
2024-12-31,419.1965637207031,424.3979934566231,418.3611578407939,423.77143145899026,13246500,MSFT,38.153874892291846,0.1043390022771859,3.237130090791945,-3.132791088514759,432.20903061130775,428.1361051994046,2025-01-08,0.0072597050443159,0,0,0.54,2024
2024-01-02,462.61041259765625,463.60876584488506,460.49628967743104,462.1308302694638,123623700,SPY,64.59198120202936,7.051736377199688,7.462409543823949,-0.4106731666242611,457.7158182517053,445.8261555049897,2024-01-09,0.0026023796842207,0,0,0.745,2024
2024-01-03,458.8324279785156,461.18144354323624,458.2256021934761,460.4375771644892,103585900,SPY,57.06730556533556,6.294717886649664,7.228871212389093,-0.9341533257394286,457.822162035211,446.33620540591227,2024-01-10,0.0165745694668468,0,0,0.55,2024
2024-01-04,457.3544616699219,460.9562872853515,457.1293363679507,458.3527850038454,84232200,SPY,54.39751455109745,5.511977108619817,6.885492391635238,-1.3735152830154211,457.77761914327874,446.7682938868538,2024-01-11,0.0194101513813247,0,0,0.48,2024
2024-01-05,457.98089599609375,460.44735777003535,456.5225248654525,457.5600069515087,86118900,SPY,55.350964022422446,4.885876079389391,6.485569129186069,-1.599693049796678,457.7969788435468,447.2080037734907,2024-01-12,0.0187210495712768,0,0,0.475,2024
2024-01-08,464.51898193359375,464.66578979536183,458.3527829151725,458.48002635182195,74879100,SPY,63.846951337198384,4.8612182984608125,6.160698963041018,-1.299480664580205,458.4371696140275,447.8868656621222,2024-01-16,0.0006952730498817,0,1,0.39,2024
2024-01-09,463.8143005371094,464.8419854969099,461.3380415641875,461.8469854701935,65931400,SPY,62.467262631661846,4.730287124527081,5.874616595338231,-1.14432947081115,458.9492773209877,448.5114709513374,2024-01-17,-0.0033553825577613,0,-1,0.41,2024
2024-01-10,466.4373779296875,467.3084877606908,463.8045138793646,464.0883623474768,67310600,SPY,65.45935102180772,4.783047653479457,5.656302806966476,-0.873255153487019,459.66242975991145,449.2144476955864,2024-01-18,-0.0001470143716852,0,-1,0.48,2024
2024-01-11,466.2317810058594,467.9641734056313,462.2286609208608,467.44543241342734,77940700,SPY,65.02181535546978,4.753475690461812,5.475737383665543,-0.7222616932037313,460.28808225952554,449.8817940999109,2024-01-19,0.0127637517253333,0,-1,0.52,2024
2024-01-12,466.5547790527344,468.4340092581526,465.1355965882976,467.69014294589425,58026400,SPY,65.4129473012086,4.701902336389992,5.320970374210433,-0.6190680378204414,460.8849105255454,450.5356366470805,2024-01-22,0.0142024495313894,0,-1,0.565,2024
2024-01-16,464.8419494628906,466.4862572188479,463.01167512948393,465.1649566213452,85014900,SPY,61.48645779730973,4.4712769511166925,5.151031689591686,-0.6797547384749931,461.26177137672113,451.0966685222103,2024-01-23,0.0209084318275654,1,-1,0.545,2024
2024-01-17,462.2580261230469,462.7474055485689,459.8894165610062,461.79800826828216,68843900,SPY,56.02311871126928,4.033507884819699,4.927526928637288,-0.8940190438175897,461.3566527811331,451.53436882028234,2024-01-24,0.0277372735986567,1,0,0.56,2024
2024-01-18,466.3688049316406,466.92670465681095,462.385279026975,463.9415020477,91856200,SPY,61.8333322469217,3.972485895844443,4.73651872207872,-0.7640328262342768,461.834000604991,452.11611141288466,2024-01-25,0.0242188623157493,1,0,0.455,2024
2024-01-19,472.1826477050781,472.4664961487431,466.417773331442,467.50418137026986,110834500,SPY,68.22699610250629,4.343188480188246,4.657852673700625,-0.314664193512379,462.81958604309455,452.9030344047354,2024-01-26,0.0103227788743123,0,0,0.455,2024
2024-01-22,473.1809997558594,474.9133922471176,472.5252181536667,473.7291023475349,75844900,SPY,69.18172271556773,4.663770571913744,4.659036253343249,0.0047343185704953,463.80638734907217,453.69824873223047,2024-01-29,0.0161754818304444,0,0,0.445,2024
2024-01-23,474.5610656738281,474.8057554193274,472.63293915387334,473.72914443461354,49945300,SPY,70.50126974968838,4.971881223309708,4.721605247336541,0.2502759759731674,464.8306424276204,454.5163984162147,2024-01-30,0.0124365796750016,0,0,0.54,2024
2024-01-24,475.0798034667969,478.3879835049079,474.58062686260826,477.4483833111571,81765000,SPY,71.00383200316406,5.197999634830467,4.816884124835326,0.3811155099951406,465.80675300278006,455.322806457414,2024-01-31,-0.0051711218593453,0,0,0.57,2024
2024-01-25,477.6637268066406,477.93777811650847,475.0798187235087,477.22327333358226,72525000,SPY,73.43191339383242,5.522046410170901,4.957916581902441,0.5641298282684604,466.93598860314773,456.1989209809131,2024-02-01,0.0023973163958668,0,0,0.555,2024
2024-01-26,477.056884765625,478.7305541413174,476.2053692914894,477.2330542010976,76641600,SPY,71.90896086966359,5.664590855839037,5.0992514366897606,0.5653394191492769,467.8998834757646,457.01688034501944,2024-02-02,0.0142385588720717,0,0,0.55,2024
2024-01-29,480.8349304199219,480.98176816761713,476.82204235495857,477.3701450136664,61322800,SPY,75.33823289890545,6.013099794459265,5.2820211082436614,0.7310786862156036,469.1317927085415,457.9509215244274,2024-02-05,0.0026053568548716,0,0,0.545,2024
2024-01-30,480.4629821777344,481.177457075331,479.69952154301166,480.13997500622065,58618400,SPY,74.37559145059039,6.187951669563176,5.463207220507565,0.7247444490556116,470.2109536103694,458.83374743240023,2024-02-06,0.0062946639793883,0,0,0.59,2024
2024-01-31,472.62310791015625,478.6913952391512,472.6035136155435,478.24117450333114,126011100,SPY,57.65363486636797,5.629022836181775,5.496370343642407,0.1326524925393686,470.4406825913015,459.37450666682207,2024-02-07,0.0315191909763301,1,0,0.46,2024
2024-02-01,478.808837890625,478.8381994611378,473.52351624352735,474.3359028099636,91891600,SPY,64.44587718552698,5.620415767602083,5.521179428434342,0.0992363391677404,471.2376497626656,460.13663730304967,2024-02-08,0.0186425945122401,0,0,0.525,2024
2024-02-02,483.8494873046875,485.5133595788127,478.9067367427997,479.24930834520416,99228200,SPY,68.83293322952787,5.951725102826913,5.607288563312856,0.3444365395140565,472.4387771476201,461.0665529893884,2024-02-09,0.0138565782685096,0,0,0.5,2024
2024-02-05,482.0876770019531,483.87882248887064,479.8169790887864,483.2132736155175,75757100,SPY,65.77786896850776,6.00292874470432,5.6864165995911495,0.3165121451131707,473.3577199908899,461.89091079380273,2024-02-12,0.0171150953573671,0,0,0.545,2024
2024-02-06,483.4873352050781,483.82010964884154,481.59830781553234,483.0370846023235,55918600,SPY,67.029835498826,6.086289759590272,5.766391231590974,0.3198985279992978,474.322445249384,462.73782939816647,2024-02-13,0.000202361775262,0,0,0.575,2024
2024-02-07,487.5198059082031,487.9406650595183,484.83798625590816,485.7482547183874,70556500,SPY,70.39067717718038,6.403920243187883,5.893897033910356,0.5100232092775272,475.5793367407001,463.7096716142464,2024-02-14,0.0009435964797352,0,0,0.67,2024
2024-02-08,487.7350769042969,488.11677729212096,486.6975949987736,487.5197487803573,52343600,SPY,70.56318813854625,6.596969502182787,6.034511527564843,0.5624579746179448,476.7370262800903,464.65184437071895,2024-02-15,0.0074050955622047,0,0,0.7,2024
2024-02-09,490.5539855957031,490.9944091907351,487.9015274006516,488.2440989985779,63979400,SPY,72.79813438780437,6.897909990998301,6.207191220251534,0.6907187707467664,478.0529271672915,465.667614614836,2024-02-16,-0.0033718057195405,0,0,0.86,2024
2024-02-12,490.3386535644531,492.8051152852079,489.6143516538678,490.5246201484485,56502300,SPY,72.34627346170227,7.0379034314121895,6.373333662483666,0.6645697689285237,479.2229963479735,466.6351063383504,2024-02-20,-0.0084235070266739,0,0,0.905,2024
2024-02-13,483.5851745605469,486.53124834920015,480.29655905918094,484.02562800453546,113099200,SPY,59.80776895068345,6.52864180827487,6.404395291641907,0.1242465166329624,479.63844189202814,467.2998148960836,2024-02-21,0.0063349896589821,0,0,0.565,2024
2024-02-14,487.9798278808594,488.46920732678694,483.89839015930903,486.2376382481313,68387800,SPY,64.16060218563473,6.405817817884213,6.404679796890369,0.001138020993844,480.43285960525014,468.1107957974474,2024-02-22,0.0179112443350184,0,0,0.71,2024
2024-02-15,491.3468017578125,491.5327683522928,488.20496394750006,488.6845761555904,61683000,SPY,67.1004178907177,6.505177931632716,6.424779423838839,0.0803985077938769,481.472282667399,469.02201171746174,2024-02-23,0.0116331516655556,0,0,0.845,2024
2024-02-16,488.8999328613281,492.1885488663702,488.1560664399878,491.0434175275754,75532900,SPY,63.052625637789085,6.313699271953965,6.402563393461865,-0.0888641215078998,482.1796779239636,469.8015380368291,2024-02-26,0.0129725005310459,0,0,0.56,2024
2024-02-20,486.2082824707031,487.82322868764055,483.9473517931204,487.14788265466376,71736700,SPY,58.84718672688515,5.87701084050957,6.297452882871406,-0.4204420423618362,482.5633545474626,470.44493977933394,2024-02-27,0.0204726654215054,1,1,0.48,2024
2024-02-21,486.648681640625,486.8052866416535,483.07621779587754,484.89672479715273,59293400,SPY,59.3252066879883,5.5030331047505,6.138568927247225,-0.6355358224967249,482.95243331824,471.08038063663946,2024-02-28,0.0182017324925889,0,1,0.495,2024
2024-02-22,496.72015380859375,497.6891155849243,492.3353030771788,493.3042947228613,76402500,SPY,68.3728862619629,5.950740258455312,6.101003193488843,-0.1502629350335311,484.2636447935118,472.08586193750045,2024-02-29,0.0011428114328573,0,1,0.58,2024
2024-02-23,497.0627136230469,499.29428272154865,496.3286444476272,498.4525345350048,61321800,SPY,68.62849479892003,6.261019976517105,6.133006550094496,0.1280134264226085,485.4826037296579,473.0653463173258,2024-03-01,0.0098453739868691,0,0,0.66,2024
2024-02-26,495.2421875,497.9435715199019,495.114944068722,497.5031180838397,50386700,SPY,65.59440937669841,6.287538811604293,6.1639130023964555,0.1236258092078372,486.4120878982619,473.9350263637052,2024-03-04,0.0124707174520042,0,0,0.665,2024
2024-02-27,496.1622619628906,496.38738727191105,494.0285746437228,495.9371665232225,48854500,SPY,66.40282888742685,6.310059066201177,6.1931422151574,0.1169168510437765,487.340675904417,474.8066826617125,2024-03-05,0.0004931036529465,0,0,0.695,2024
2024-02-28,495.5065307617187,496.0937622542225,494.2341261661355,494.5962622096307,56506600,SPY,65.22652491026471,6.20348459359866,6.195210690845653,0.0082739027530065,488.1183763670171,475.6184414107324,2024-03-06,0.0068936175559184,0,0,0.58,2024
2024-02-29,497.2878112792969,498.91255464581906,494.61581858519605,497.2780440014064,83924800,SPY,66.93980942278728,6.1913875455989,6.194446061796303,-0.0030585161974032,488.9916558824724,476.4682206212643,2024-03-07,0.0132459231523631,0,0,0.66,2024
2024-03-01,501.95648193359375,502.3871382425429,497.7576277253672,498.16871960912823,76844800,SPY,70.97610280368582,6.483782246276974,6.252313298692438,0.2314689475845357,490.2264012206744,477.4677602805714,2024-03-08,-0.0022032926579406,0,0,0.825,2024
2024-03-04,501.418212890625,503.27787884582466,501.124597144727,501.1539885886704,49799300,SPY,69.91624808884895,6.596038316072509,6.321058302168453,0.2749800139040559,491.292288046384,478.40699371625976,2024-03-11,-0.0019910566172414,0,0,0.815,2024
2024-03-05,496.4069213867187,499.852171759294,494.1851494829937,499.4019211687458,72855600,SPY,60.8117385944373,6.209058554876265,6.2986583527100155,-0.0895997978337508,491.77939598355874,479.1128732327484,2024-03-12,0.018928196287506,0,0,0.5,2024
2024-03-06,498.92236328125,501.1930911616405,497.6206270502209,499.7053584754905,68382400,SPY,63.388893925007835,6.035772812706455,6.246081244709304,-0.210308432002849,492.45967858333887,479.8897159797485,2024-03-13,0.0122020189020672,0,1,0.465,2024
2024-03-07,503.8748474121094,504.9319237100217,498.981053101571,502.2403368392256,58652100,SPY,67.86912702447752,6.226293853494269,6.242123766466297,-0.0158299129720278,493.54683751941224,480.83030936925286,2024-03-14,0.0002720615280591,0,0,0.685,2024
2024-03-08,500.85052490234375,507.2124281294098,500.2730607132988,504.5111036412887,86532500,SPY,62.81398028150091,6.0633510629792795,6.206369225768894,-0.1430181627896143,494.24242679397713,481.6154158607466,2024-03-15,-0.0005979208950595,0,1,0.485,2024
2024-03-11,500.41986083984375,501.007122167377,497.698912229313,499.6368656493673,62557200,SPY,62.10459777960596,5.832236346758407,6.131542649966796,-0.2993063032083896,494.8307538459644,482.3528450756132,2024-03-18,0.0062069460959235,0,1,0.54,2024
2024-03-12,505.8030090332031,506.3902404266579,500.00871383719493,502.5437254527857,73114400,SPY,67.10531479197007,6.014124258628158,6.108058971699069,-0.0939347130709116,495.8757305304634,483.27245934845985,2024-03-19,0.0010302185577748,0,1,0.515,2024
2024-03-13,505.0102233886719,506.30219236269954,503.56167926871893,506.1260229215192,55104100,SPY,65.72965440473982,6.024849844619041,6.091417146283064,-0.0665673016640227,496.7456822312451,484.12492068337014,2024-03-20,0.0118752067826211,0,1,0.485,2024
2024-03-14,504.0119323730469,506.1456197116887,500.9484120857823,505.9889848262863,110171800,SPY,63.951812096608,5.884958073483745,6.0501253317232,-0.1651672582394558,497.43770605427386,484.90480349473,2024-03-21,0.0172296108198721,0,1,0.59,2024
2024-03-15,500.5510559082031,502.38704698505336,498.87218638115144,500.9241446835828,107646300,SPY,58.08613702549688,5.4322098957864,5.926542244535841,-0.4943323487494409,497.7342155641719,485.51838202074856,2024-03-22,0.0223212247098032,1,0,0.39,2024
2024-03-18,503.52593994140625,506.09825117976385,503.11360071503674,504.6452063372979,88893300,SPY,61.366332402065034,5.25289982307919,5.791813760244511,-0.5389139371653213,498.28580836200376,486.2245607627352,2024-03-25,0.0134734075584419,0,0,0.405,2024
2024-03-19,506.3240966796875,506.6087971053069,501.8176083387377,502.82889109663125,60755300,SPY,64.2040101798124,5.275767399674862,5.688604488130582,-0.4128370884557197,499.05135963035457,487.0127778575176,2024-03-26,0.0060110680173883,0,0,0.48,2024
2024-03-20,511.00732421875,511.1447906219439,505.7056393496241,506.3830838518504,69594600,SPY,68.38899041541006,5.607151687591795,5.672313928022825,-0.0651622404310297,500.19002292448744,487.9537404599189,2024-03-27,0.0051680867389107,0,0,0.545,2024
2024-03-21,512.6958618164062,514.5710730467603,512.4111015260332,513.8642059623243,60256100,SPY,69.76166341736547,5.937582243606528,5.725367591139566,0.2122146524669617,501.38105519990825,488.9240197288008,2024-03-28,0.0016661886909883,0,0,0.49,2024
2024-03-22,511.7239685058594,513.0984524678242,511.48828618374193,512.6075524976269,79070800,SPY,67.93313004137366,6.051271876752708,5.790548448262195,0.2607234284905129,502.36609456237977,489.8181353671168,2024-04-01,0.0018224408613198,0,0,0.565,2024
2024-03-25,510.3101501464844,511.4686668306378,510.1530286058104,510.33957298266705,48512100,SPY,65.25364967688395,5.95860135693988,5.824159029997732,0.1344423269421479,503.12267128467545,490.6217437898371,2024-04-02,-0.0017891568531052,0,0,0.475,2024
2024-03-26,509.3676452636719,512.0872503842495,508.96513363854143,511.7435844366355,65463700,SPY,63.45675956131063,5.742906385159188,5.807908501030023,-0.0650021158708353,503.71743071124655,491.3568771809679,2024-04-03,0.001156434450531,0,0,0.42,2024
2024-03-27,513.6482543945312,513.6875647434284,510.03523783042095,512.2148648432812,82999800,SPY,67.79441061791272,5.849941464600022,5.816315093744024,0.0336263708559982,504.66322344298794,492.2310488364018,2024-04-04,-0.0193052484709075,0,0,0.525,2024
2024-03-28,513.5501098632812,515.0620602218481,513.2654094489675,513.6875762388729,96294900,SPY,67.5962963868163,5.859305664351666,5.824913207865552,0.0343924564861142,505.509593578254,493.067090445299,2024-04-05,-0.0088706864329175,0,0,0.52,2024
2024-04-01,512.6565551757812,514.8361818838076,511.4882110214252,514.2962039808019,62477500,SPY,65.71344629654605,5.728588858153046,5.805648337923051,-0.0770594797700052,506.1902565875423,493.8353047484552,2024-04-08,-0.0065878194363502,0,0,0.52,2024
2024-04-02,509.3971252441406,509.5345316981204,507.0800317613507,508.80800930472697,74230300,SPY,59.23223530736575,5.300880837574198,5.704694837853281,-0.4038140002790831,506.4956726500755,494.44557221887425,2024-04-09,0.0009251778929033,0,0,0.41,2024
2024-04-03,509.9566955566406,511.46870586053615,508.248373198387,508.2974512119765,59155800,SPY,59.962312201195054,4.9500111502252935,5.553758100327684,-0.6037469501023907,506.8252938792722,495.0538515654534,2024-04-10,-0.0101846404433778,0,-1,0.445,2024
2024-04-04,503.7321472167969,514.3355755271747,503.4277916052951,513.9919694873339,96858100,SPY,49.37076466244492,4.12215769684218,5.267438019630584,-1.1452803227884036,506.530708482846,495.3941768851139,2024-04-11,0.0096087583555244,0,0,0.555,2024
2024-04-05,508.99456787109375,510.96799546310194,504.65502864084795,505.0968506266331,74546500,SPY,56.38498598103608,3.846372647989142,4.983224945302296,-1.1368522973131538,506.7653617579171,495.9275255512307,2024-04-12,-0.0146211337143454,0,0,0.595,2024
2024-04-08,509.2792663574219,510.71271592770194,508.46441550433593,509.7014930900916,48401800,SPY,56.734212320912846,3.6091794246006543,4.708415841161968,-1.0992364165613138,507.00478124358426,496.4511232299049,2024-04-15,-0.0275099033362948,-1,0,0.62,2024
2024-04-09,509.868408203125,511.2723750810802,504.9888308031069,511.02692506903946,68049200,SPY,57.492709200119094,3.4292110985306863,4.452574892635712,-1.023363794105026,507.27750762068337,496.9772912680704,2024-04-16,-0.0304052080495264,-1,0,0.685,2024
2024-04-10,504.7629699707031,506.7658202343314,502.76994729416265,504.1346036402,82652800,SPY,49.4089615384715,2.841859518555907,4.130431817819751,-1.2885722992638442,507.0380278444947,497.282612001507,2024-04-17,-0.0263946235303798,-1,0,0.525,2024
2024-04-11,508.5723876953125,510.0254324843754,502.7601486147457,506.2946045595045,70099000,SPY,54.54461349934651,2.6531830904127673,3.8349820723383545,-1.1817989819255872,507.1841573540965,497.7253483032249,2024-04-18,-0.0356757016243721,-1,0,0.515,2024
2024-04-12,501.552490234375,506.4320369876864,499.8146852171386,505.0084151327042,92561100,SPY,45.398784639023674,1.9151321530701464,3.4510120884847133,-1.535879935414567,506.6478081045992,497.87543230052495,2024-04-19,-0.0307135340025769,-1,-1,0.56,2024
2024-04-15,495.26904296875,505.9215494503559,494.41485176434617,505.7546602220936,92101400,SPY,39.081952405956464,0.813818592332268,2.9235733892542246,-2.109754796921957,505.5641161868992,497.7732209541808,2024-04-22,-0.0093766852572829,0,-1,0.59,2024
2024-04-16,494.3657531738281,497.2817003745105,493.06976998193414,495.75009477032967,73484000,SPY,38.257834569776485,-0.1303655040496778,2.312785610593444,-2.443151114643122,504.4976054237496,497.639594766716,2024-04-23,0.0042101619093128,0,-1,0.65,2024
2024-04-17,491.43994140625,497.00676017491,490.0359747017538,496.8398410039947,75910300,SPY,35.63655839953833,-1.1020233216594306,1.6298238241428693,-2.7318471458023,503.2540183744639,497.3964711055213,2024-04-24,0.0097092533401426,0,-1,0.69,2024
2024-04-18,490.4287109375,494.9548243860695,489.4861913543406,492.8439604399473,74548100,SPY,34.75034171580738,-1.9314029788703808,0.9175784635402192,-2.8489814424106,502.03256052332455,497.12322560873616,2024-04-25,0.007947671142316,0,-1,0.82,2024
2024-04-19,486.1480407714844,491.3515682426223,484.8716829276253,490.3501431336925,102212600,SPY,31.21191003027488,-2.900669527206503,0.1539288653908748,-3.054598392597378,500.5197491183874,496.6928262033538,2024-04-26,0.0264562072087561,1,-1,0.755,2024
2024-04-22,490.62506103515625,493.23665243811826,486.4131309562078,488.76944479009535,67961000,SPY,38.28931549485253,-3.269869114958055,-0.5308307306789112,-2.7390383842791444,499.5773978723654,496.4548746281304,2024-04-29,0.0206915529593509,1,-1,0.64,2024
2024-04-23,496.4471130371094,496.879107389729,490.4385024479616,492.6475522211574,64633600,SPY,46.06131687702453,-3.0574273887961,-1.036150062302349,-2.0212773264937507,499.2792755071029,496.45457025201193,2024-04-30,-0.0072579330950229,0,-1,0.56,2024
2024-04-24,496.2114562988281,498.1357755786415,493.9729538821034,497.3405201123152,55928100,SPY,45.809827510189855,-2.874940791708241,-1.4039082081835277,-1.471032583524713,498.987102249172,496.44503637149495,2024-05-01,-0.0100115271616472,0,-1,0.51,2024
2024-04-25,494.3264770507813,495.09227985948104,488.435676995503,490.0949214080457,69122400,SPY,43.75207415627468,-2.849572818999718,-1.6930411303467656,-1.1565316886529524,498.5432331826586,496.36195561381993,2024-05-02,0.0030585704857795,0,-1,0.495,2024
2024-04-26,499.0096740722656,500.60018526711485,496.4962684869457,497.1344324900181,64306100,SPY,49.78699295329349,-2.4236354960014523,-1.8391600034777031,-0.5844754925237492,498.5876561245259,496.4657877102296,2024-05-03,0.0059615147164344,0,-1,0.495,2024
2024-04-29,500.77685546875,501.4542997979017,498.01800014192,500.8063082673151,46415400,SPY,51.88482341779849,-1.9213324050894585,-1.8555944838000544,-0.065737921289404,498.7961513001663,496.6348491909559,2024-05-06,0.012763311593023,0,-1,0.49,2024
2024-04-30,492.8439331054687,500.28596329273006,492.8439331054687,499.3041633757631,77483600,SPY,43.166420245678616,-2.1387202870003534,-1.9122196444401145,-0.2265006425602391,498.2292733768618,496.48618581505445,2024-05-07,0.0302004828629476,1,-1,0.525,2024
2024-05-01,491.2436218261719,498.9409300087414,490.7723470533853,492.2548745985235,80242800,SPY,41.64612766099415,-2.412325706367369,-2.0122408568255654,-0.4000848495418037,497.563973229177,496.2805950703924,2024-05-08,0.033656247152044,1,-1,0.545,2024
2024-05-02,495.8384094238281,496.6827729302825,490.4581351081365,494.9744207054676,62550200,SPY,47.37678186791086,-2.232662272652476,-2.0563251399909475,-0.1763371326615286,497.3996338191438,496.2632544568016,2024-05-09,0.0299785205635798,1,-1,0.54,2024
2024-05-03,501.9845275878906,503.2215752067193,499.30420281647224,501.85688879465766,72756700,SPY,53.89860133882558,-1.5761682499859262,-1.9602937619899432,0.3841255120040172,497.83629036854825,496.4876181090012,2024-05-10,0.0186782453845755,0,-1,0.555,2024
2024-05-06,507.1684265136719,507.2076769404012,503.9579213801593,504.3997433592057,47264700,SPY,58.56323473784527,-0.6303286512534214,-1.694300739842639,1.0639720885892177,498.7250652395124,496.90647334055694,2024-05-13,0.0084014009355013,0,0,0.675,2024
2024-05-07,507.7280578613281,509.1320246468493,507.0506134757241,508.1403970755998,52561300,SPY,59.04500554347475,0.1625399584070805,-1.322932600192695,1.485472558599776,499.5824931082568,497.3308492041166,2024-05-14,0.0119115360108257,0,0,0.76,2024
2024-05-08,507.7770385742187,508.31701647682195,505.76436097853207,505.8821721600344,42047200,SPY,59.08983810816266,0.7857882996718786,-0.9011884202197806,1.6869767198916592,500.36292600977697,497.74050368921866,2024-05-15,0.0243432864722885,1,0,0.66,2024
2024-05-09,510.7029113769531,510.74222173022105,507.3059215811445,507.9637108308726,43643700,SPY,61.78123869676419,1.4985363883490663,-0.4212434585060113,1.9197798468550775,501.3476865209366,498.2488334024632,2024-05-16,0.0163790678692845,0,0,0.59,2024
2024-05-10,511.3607177734375,513.1279457174053,510.1334678228607,512.3130349714144,52233200,SPY,62.38046097047747,2.092354502122305,0.0814761336196519,2.010878368502653,502.3013085449843,498.76302494642295,2024-05-17,0.016530769261986,0,0,0.65,2024
2024-05-13,511.4293518066406,513.1573291923936,510.2806627198221,513.0493455868614,36716400,SPY,62.44661959831213,2.539227197873913,0.5730263464705042,1.9662008514034088,503.1706459984754,499.25974364682367,2024-05-20,0.0175654564183691,0,0,0.755,2024
2024-05-14,513.77587890625,514.2962616201814,511.08575675127395,511.62573471479726,57535900,SPY,64.73035036117878,3.0475914181852204,1.0679393608134475,1.9796520573717729,504.1806681801682,499.8290038530757,2024-05-21,0.0154024185217251,0,0,0.82,2024
2024-05-15,520.1380004882812,520.432528485142,515.621684813936,516.2598787440616,59504900,SPY,70.04865560485419,3.9186717578141383,1.6380858402135858,2.2805859176005523,505.7004141142742,500.625435093672,2024-05-22,9.42273597059895e-05,0,0,0.705,2024
2024-05-16,519.0677490234375,521.8462592917225,518.9204550807748,520.2360932057385,50244800,SPY,68.18598616012966,4.471108696136241,2.204690411398117,2.266418284738124,506.97349362943265,501.3486630909177,2024-05-23,-0.0051635587482535,0,0,0.62,2024
2024-05-17,519.8139038085938,519.8826369838857,517.7226654900777,519.1855375696127,59187600,SPY,68.80871226493991,4.912499172598984,2.7462521636382906,2.1662470089606938,508.1963898369718,502.0727901778854,2024-05-24,-1.8669354114320136e-05,0,0,0.64,2024
2024-05-20,520.412841796875,521.885541616312,519.5390255221749,519.9317694437484,37764200,SPY,69.32770642722838,5.250113554390168,3.2470244417886662,2.003089112601502,509.3598614522007,502.792007888434,2024-05-28,-0.0004715916740906,0,0,0.67,2024
2024-05-21,521.6892700195312,521.8463915881117,519.4409694354079,519.6471690225495,33437000,SPY,70.45593886803789,5.556619226781606,3.7089433987872544,1.847675827994352,510.5340908395655,503.5330769916143,2024-05-29,-0.0098992004194981,0,0,0.585,2024
2024-05-22,520.18701171875,521.7087894440922,517.9975573871562,520.9920947563547,48390000,SPY,67.31750321915311,5.613597433558368,4.089874205741477,1.523723227816891,511.4534166375831,504.1861724711098,2024-05-30,-0.0136269492548409,0,0,0.57,2024
2024-05-23,516.3875122070312,523.3680953200814,515.1700299587022,523.260111709731,57211200,SPY,60.0337150756032,5.291171880285617,4.3301337406503055,0.9610381396353116,511.9233305013401,504.6646563823224,2024-05-31,0.002680694848397,0,0,0.455,2024
2024-05-24,519.80419921875,520.6191100051178,517.2907935924079,518.2431108375699,41291100,SPY,63.82432769180531,5.250817241131756,4.514270440746596,0.7365468003851596,512.6738894268077,505.2583639445352,2024-06-03,-0.0030976441888143,0,0,0.43,2024
2024-05-28,520.1674194335938,520.8546913706681,517.5165476330567,520.6190689749426,36269600,SPY,64.21291750862454,5.18833681743871,4.649083716085019,0.5392531013536912,513.3875589512635,505.84303278724343,2024-06-04,-0.0026801063500367,0,0,0.46,2024
2024-05-29,516.5249633789062,517.7129629685619,515.808268544491,516.1126241518484,45190300,SPY,57.5381011301013,4.789692278075336,4.677205428483083,0.112486849592253,513.6863593729438,506.2619320261322,2024-06-05,0.0162896317920484,0,0,0.455,2024
2024-05-30,513.0984497070312,515.6413379056687,511.8417769507304,514.9737211407102,46377600,SPY,52.0561883995039,4.149440425511955,4.571652427888857,-0.4222120023769022,513.6303679761902,506.53003075871646,2024-06-06,0.0230573459797385,1,-1,0.495,2024
2024-05-31,517.7717895507812,517.8994283270624,508.9257631871065,514.0606172250209,90785800,SPY,57.94174357083094,3.973333572144498,4.451988656739985,-0.4786550845954878,514.0247890785322,506.9708840446798,2024-06-07,0.0125910434692302,0,0,0.505,2024
2024-06-03,518.1940307617188,519.6765583574672,513.0886587497955,519.391857928712,46835700,SPY,58.438184212177966,3.823761022120721,4.326343129816133,-0.502582107695412,514.4218597150261,507.411007445348,2024-06-10,0.014891948743541,0,0,0.61,2024
2024-06-04,518.7733154296875,519.5194930162086,515.4057486267862,516.8784486240833,34632700,SPY,59.15057470247287,3.709209669864549,4.202916437825816,-0.4937067679612665,514.8362840688034,507.85658815061623,2024-06-11,0.0161999731280904,0,0,0.665,2024
2024-06-05,524.93896484375,524.9586200186185,519.1070707176025,521.1099809761525,47610400,SPY,65.85836389334924,4.069037940644648,4.1761407383895826,-0.1071027977449343,515.7984441426078,508.5264852758371,2024-06-12,0.0125123828570099,0,0,0.42,2024
2024-06-06,524.9291381835938,525.6753157381511,522.9851934462151,525.2433213604766,30808500,SPY,65.83980749015515,4.303799981150632,4.201672586941792,0.1021273942088401,516.6680340512731,509.16972656633743,2024-06-13,0.0145701864753648,0,-1,0.445,2024
2024-06-07,524.2910766601562,527.1186657187565,522.8477993644248,523.9474106734001,43224500,SPY,64.56765497874295,4.387784706387947,4.2388950108310235,0.1488896955569236,517.394038109262,509.76272068766366,2024-06-14,0.0164228459071813,0,-1,0.49,2024
2024-06-10,525.9109497070312,526.2349604784921,522.8772213334454,523.4761049380284,35686100,SPY,66.34551157232083,4.5328021021919085,4.297676429103201,0.2351256730887074,518.2051725471448,510.39598457077614,2024-06-17,0.0213567534475904,1,-1,0.46,2024
2024-06-11,527.1774291992188,527.2363347918784,522.3665860762226,524.3498409029419,36383400,SPY,67.70968919617985,4.695793558655055,4.377299855013572,0.318493703641483,519.0596731806756,511.05408043855823,2024-06-18,0.021491732056696,1,0,0.445,2024
2024-06-12,531.5072021484375,534.2169795758864,530.4664966070287,531.7723073085223,63251300,SPY,71.90285273235668,5.115375093899729,4.524914902790804,0.5904601911089253,520.2451521299863,511.8561636428672,2024-06-20,0.0104183245841225,0,0,0.56,2024
2024-06-13,532.5774536132812,533.4414424585367,529.7695198283611,533.2647256389599,44760900,SPY,72.84166364570599,5.4711883783222675,4.714169597897097,0.7570187804251702,521.4196570331573,512.6687632495501,2024-06-21,0.0070358429975467,0,0,0.575,2024
2024-06-14,532.9014282226562,532.930851061761,530.0247015137712,531.0359842688257,40089900,SPY,73.13429707529045,5.713453873380445,4.914026452993767,0.799427420386678,522.5131590512048,513.4622010916328,2024-06-24,0.0031518520609818,0,0,0.555,2024
2024-06-17,537.1427001953125,538.5467267827651,531.7526283434909,532.2141054561657,55839500,SPY,76.67728527362166,6.176487522616412,5.1665186669182965,1.0099688556981157,523.9064486839769,514.3908481153065,2024-06-25,-0.0009363055428606,0,0,0.615,2024
2024-06-18,538.5073852539062,538.635024027193,536.7794079456912,537.2015746864449,41376400,SPY,77.69649960835204,6.577739616890085,5.448762856912655,1.12897675997743,525.2970140715893,515.3365946697614,2024-06-26,-0.0022242107333129,0,0,0.69,2024
2024-06-20,537.0446166992188,540.107828000523,535.2577334527383,539.4402111706817,70328200,SPY,73.96535050166044,6.700462830355832,5.699102851601291,1.0013599787545413,526.4158333694587,516.1878896513088,2024-06-27,0.0020705905564295,0,0,0.695,2024
2024-06-21,536.3245849609375,537.447462175694,534.8569932184257,536.2162529799443,64338600,SPY,72.12918062569582,6.662816516138605,5.891845584508754,0.7709709316298508,527.3595239972186,516.9775639771766,2024-06-28,-0.0005327101803976,0,0,0.71,2024
2024-06-24,534.5810546875,538.7277879794917,534.4628634403879,536.1471788881709,45528700,SPY,67.74371146881505,6.41830697160708,5.99713786192842,0.4211691096786607,528.0472888248645,517.6678969462089,2024-07-01,0.0047907331054728,0,0,0.705,2024
2024-06-25,536.6397705078125,537.004203612723,534.2856841465313,535.8123714938099,37936200,SPY,70.05859344374443,6.317824607892476,6.061275211121231,0.2565493967712449,528.8656204137167,518.4118919878404,2024-07-02,0.0076720487207793,0,0,0.59,2024
2024-06-26,537.3096313476562,538.0286383860855,534.8669311816484,535.516983280857,38550600,SPY,70.79306224780808,6.2205373003782825,6.093127628972642,0.1274096714056405,529.6698119312347,519.1529798058724,2024-07-03,0.010907183355842,0,0,0.575,2024
2024-06-27,538.1566162109375,538.7377734099973,536.4230640239002,537.1716488426333,35041500,SPY,71.7371089574692,6.1409914810163855,6.102700399381391,0.0382910816349948,530.4780790054921,519.8982204492083,2024-07-05,0.0151361697272522,0,0,0.545,2024
2024-06-28,536.0388793945312,542.0078389927284,534.7880117936159,538.934685684169,76144500,SPY,65.99344188277846,5.839750178714553,6.050110355248023,-0.2103601765334701,531.0076790425434,520.531187466672,2024-07-08,0.0203227774082914,1,1,0.525,2024
2024-07-01,537.14208984375,537.6739505394513,534.3644748642668,537.4277087162804,40297800,SPY,67.45527261988218,5.62519044575231,5.96512637334888,-0.3399359275965707,531.5919086426583,521.182595403028,2024-07-09,0.0192174658452621,0,0,0.495,2024
2024-07-02,540.7568969726562,540.7568969726562,535.4774867707054,535.5267231112665,40434800,SPY,71.74166931090647,5.681344039090618,5.908369906497228,-0.2270258674066099,532.4647646740866,521.9502150724252,2024-07-10,0.0224222752735654,1,0,0.475,2024
2024-07-03,543.170166015625,543.5345991589538,540.4024099143847,540.4417869696274,32789900,SPY,74.18606356685703,5.853105848819382,5.897317094961659,-0.044211246142277,533.4843267066141,522.7823700113742,2024-07-11,0.0091028507860169,0,0,0.485,2024
2024-07-05,546.30224609375,546.7060562116288,542.8351421606977,543.475394915709,41488400,SPY,76.97040706198457,6.170827548157376,5.952019185600803,0.2188083625565733,534.7050809339604,523.7047180930359,2024-07-12,0.0096459282802434,0,0,0.67,2024
2024-07-08,546.9326782226562,547.8880676594589,545.859037400113,547.0902465409208,36110500,SPY,77.49655485245461,6.399722866489924,6.041559921778628,0.3581629447112959,535.8696140090743,524.6156184902759,2024-07-15,0.0112557325148183,0,0,0.785,2024
2024-07-09,547.464599609375,548.8041408748146,547.1691214063575,547.8979876796808,27289700,SPY,77.95421268555641,6.548557965930399,6.142959530608983,0.4055984353214166,536.9738983519601,525.5116569655347,2024-07-16,0.0162640501423687,0,0,0.855,2024
2024-07-10,552.8818969726562,553.2266115086117,548.4003074170465,548.695785607528,38701200,SPY,81.97481808649886,7.022688298278695,6.318905284142925,0.7037830141357695,538.4889458396455,526.584999710912,2024-07-17,-0.0078031293988783,0,0,0.87,2024
2024-07-11,548.1145629882812,553.8766575443788,547.4743703382464,553.0000222525385,53054200,SPY,69.89430890190621,6.933827149105468,6.441889657135435,0.4919374919700336,539.4056712823726,527.4292963100246,2024-07-18,-0.0068645744817912,0,0,0.885,2024
2024-07-12,551.5718383789062,555.1965108923417,548.774564863736,549.2473299383824,53084400,SPY,73.00162531092096,7.060982665682104,6.5657082588447695,0.4952744068373347,540.5643538629948,528.3760626656671,2024-07-19,-0.0196432359446817,0,0,0.905,2024
2024-07-15,553.0888061523438,556.3490460371851,551.217343933039,553.5812898818825,40584300,SPY,74.25713707031407,7.201150568964522,6.692796720868721,0.5083538480958012,541.7571588429328,529.345189861223,2024-07-22,-0.012252302438134,0,0,0.905,2024
2024-07-16,556.3685913085938,556.664069462671,553.6500720558217,554.4085160826455,36475300,SPY,76.77217967881138,7.49053961597815,6.852345299890607,0.6381943160875432,543.1487238396624,530.4049310944533,2024-07-23,-0.019615397568746,0,0,0.955,2024
2024-07-17,548.5676879882812,552.0840284475104,548.2426319478126,550.3997127297722,57119000,SPY,61.40550228421218,7.009612369528213,6.883798713818129,0.1258136557100844,543.6648156633404,531.1171960706819,2024-07-24,-0.0282077805382069,-1,0,0.62,2024
2024-07-18,544.3519897460938,551.108910966774,542.1555319524306,550.1140843965545,56270400,SPY,54.998746115689016,6.216640879405418,6.750367146935587,-0.5337262675301693,543.7302608140787,531.6362075873647,2024-07-25,-0.025784358036625,-1,0,0.54,2024
2024-07-19,540.7371826171875,545.7506925722541,539.6734011116428,544.1156132058904,65509100,SPY,50.165525997017475,5.236161326953152,6.4475259829391005,-1.2113646559859488,543.4452057477082,531.9931085689263,2024-07-26,-0.0082878846265417,0,-1,0.5,2024
2024-07-22,546.3121948242188,546.9228698054537,542.7367583373153,544.686974560121,43346700,SPY,56.512842868822055,4.853038305770042,6.128628447505289,-1.2755901417352469,543.7182523264235,532.5546413632516,2024-07-29,-0.0178310736976077,0,0,0.465,2024
2024-07-23,545.4552001953125,548.3706648208323,544.96271656342,546.2037248169792,34439600,SPY,55.34586547016326,4.429201172841772,5.788742992572586,-1.359541819730814,543.8836759329843,533.0605456311755,2024-07-30,-0.0212719674673241,-1,0,0.505,2024
2024-07-24,533.0938110351562,540.9144534863593,532.1679394058027,540.6091160403827,74515300,SPY,41.90434942246944,3.0605660938359733,5.243107612825264,-2.1825415189892903,542.8560697522387,533.0618501568218,2024-07-31,0.017700515295661,0,-1,0.48,2024
2024-07-25,530.3162231445312,539.2302253978226,529.370693001826,533.2120294418335,61158300,SPY,39.57836837054268,1.7318214441510236,4.540850379090416,-2.809028934939392,541.6617986467427,532.9541785092811,2024-08-01,0.0085437397373899,0,-1,0.53,2024
2024-07-26,536.255615234375,538.9642753902813,533.3499495890577,534.1281122545862,53763800,SPY,46.42627434917794,1.144843991375069,3.861649101547347,-2.716805110172278,541.146924036041,533.0836466161475,2024-08-02,-0.0211960784938605,-1,-1,0.71,2024
2024-07-29,536.5708618164062,538.8264155678667,534.561489802525,537.8119303855352,39515800,SPY,46.77110500197339,0.6970625919962004,3.2287317996371176,-2.5316692076409173,540.711108586552,533.2204001534126,2024-08-05,-0.0502607330053757,-1,-1,0.705,2024
2024-07-30,533.852294921875,539.1120469361489,530.4246278378796,538.0482653827025,46853600,SPY,44.13300167043195,0.1214272408735723,2.607270887884409,-2.4858436470108365,540.0578882375352,533.2451803404111,2024-08-06,-0.0366236802354642,-1,-1,0.605,2024
2024-07-31,542.5298461914062,545.1794106823547,539.3484209909209,540.7273391659687,65663400,SPY,53.20591879534263,0.3612734090348795,2.158071392114503,-1.7967979830796237,540.2933128045705,533.6092848835874,2024-08-07,-0.0583685620874517,-1,-1,0.695,2024
2024-08-01,534.8471069335938,546.5288047650866,531.3209071419874,544.2633919827645,76428700,SPY,46.07194169267693,-0.0677980912799967,1.712897495435603,-1.7806955867156,539.7746265311441,533.6578269247641,2024-08-08,-0.0227618942740075,-1,-1,0.74,2024
2024-08-02,524.8890991210938,528.9175817191577,520.6536916296925,527.6962318838754,82789100,SPY,38.80853918954398,-1.1975635869251846,1.1308052789634455,-2.3283688658886303,538.3569572539965,533.3139552461888,2024-08-09,0.0001688414696046,0,-1,0.82,2024
2024-08-05,509.6024169921875,515.7092266413154,502.59928343934064,503.948713970534,146267400,SPY,30.78496730598775,-3.288510471723157,0.2469421288261251,-3.535452600549282,535.6184296100147,532.3840910009338,2024-08-12,0.030712538952246,1,-1,0.745,2024
2024-08-06,514.3006591796875,521.7863860222427,510.0849706117107,511.4146523147869,84826300,SPY,35.21800686365053,-4.514452267115189,-0.7053367503621377,-3.8091155167530513,533.5881657595073,531.6749368118653,2024-08-13,0.0380926294832537,1,-1,0.485,2024
2024-08-07,510.8631591796875,523.5988404143214,510.2623435010392,520.5256868545033,70698300,SPY,33.526100919431116,-5.6977177504892325,-1.7038129503875568,-3.993904800101676,531.4238794185721,530.858788669427,2024-08-14,0.0483746560028444,1,1,0.485,2024
2024-08-08,522.6729736328125,523.3033070779303,513.9954132638433,516.0342428735453,63276600,SPY,43.55830858375521,-5.617752885071582,-2.486600937324362,-3.13115194774722,530.5904598199284,530.53777631505,2024-08-15,0.0422500260992209,1,0,0.435,2024
2024-08-09,524.9777221679688,526.4748917317265,520.6143241553161,521.8455333050815,45619600,SPY,45.29350796379148,-5.307227789588751,-3.0507263077772397,-2.2565014818115112,530.0559133768846,530.3197349759488,2024-08-16,0.040000767331668,1,0,0.445,2024
2024-08-12,525.2536010742188,527.6765824787605,522.9684694205855,526.1794728639009,42542100,SPY,45.50945643572186,-4.9814502346281415,-3.4368710931474205,-1.544579141480721,529.5985503004403,530.1210630582339,2024-08-19,0.0493931096109521,1,0,0.47,2024
2024-08-13,533.8917236328125,534.1281663146175,528.2183617399533,528.464603597231,52333100,SPY,51.9104518221401,-3.980361744048992,-3.545569223327735,-0.4347925207212566,530.0074239511424,530.2689321003742,2024-08-20,0.0307357188210006,1,0,0.51,2024
2024-08-14,535.5759887695312,536.7678208880384,532.0005525316452,534.6894941203759,42446900,SPY,53.06808360859668,-3.0163155739247713,-3.4397184934471423,0.4234029195223709,530.5377634576556,530.4770519697529,2024-08-21,0.0310253921507959,1,-1,0.51,2024
2024-08-15,544.7559204101562,545.0415393102818,540.6289046503756,541.2395796214291,60846800,SPY,58.878442674363285,-1.4943325396873206,-3.050641302695178,1.5563087630078574,531.891873643608,531.0370075948667,2024-08-22,0.0056953949124962,0,0,0.61,2024
2024-08-16,545.9772338867188,546.6765823277302,542.9730955779607,543.1306638977313,44430700,SPY,59.5951479310277,-0.1874395427704485,-2.478000950710232,2.2905614079397836,533.2333365239043,531.6228988219982,2024-08-23,0.0141076461347093,0,0,0.455,2024
2024-08-19,551.197509765625,551.197509765625,545.5339480635206,546.3908647638199,39121800,SPY,62.59597113112332,1.2550477989178717,-1.7313912007846115,2.986438999702483,534.944210165973,532.3905306237091,2024-08-26,0.0021086678729063,0,0,0.485,2024
2024-08-20,550.30126953125,552.4091140848926,548.9518690734592,550.7445168615222,33732300,SPY,61.74806860213288,2.2994042126103977,-0.9252321181056096,3.2246363307160073,536.4067872483804,533.0929125416519,2024-08-27,0.0051189334322374,0,0,0.565,2024
2024-08-21,552.1924438476562,553.6600357209298,546.3909711721423,551.355245567007,41514600,SPY,62.89036304167564,3.2422910438765484,-0.0917274857091781,3.3340185295857268,537.910183114978,533.8419137693384,2024-08-28,-0.0041383330675028,0,0,0.685,2024
2024-08-22,547.8585205078125,554.7139150306325,546.6371705904586,554.1032400719556,56121500,SPY,58.57357455030165,3.5983447786544502,0.6462869671635476,2.952057811490903,538.8576438190576,534.3915846218275,2024-08-29,0.0038292740043186,0,0,0.74,2024
2024-08-23,553.6796875,554.6252777748409,548.9124191927582,551.1187965007202,50639400,SPY,62.3151693458008,4.300664077032138,1.3771623891372655,2.9235016878948725,540.2692670267663,535.1479808131285,2024-08-30,0.002757320518971,0,0,0.525,2024
2024-08-26,552.3598022460938,555.4328954778962,550.6459687265464,554.713888571281,35788600,SPY,60.970517128297864,4.696613830981846,2.041052677506182,2.655561153475664,541.4207465714642,535.8229542026565,2024-09-03,-0.0155315058360552,0,0,0.54,2024
2024-08-27,553.1182250976562,553.6107087392104,549.9269407192061,551.079335607506,32693900,SPY,61.484807252733425,5.013809178149927,2.635603977634931,2.378205200514996,542.5347921453872,536.5012001201076,2024-09-04,-0.0188937916237277,0,0,0.53,2024
2024-08-28,549.9072875976562,553.2069644594469,546.6962842536592,552.7735763985828,41066000,SPY,58.00022900064812,4.949043462362511,3.098291874580447,1.8507515877820635,543.2369345694128,537.0269290407957,2024-09-05,-0.0155652569719172,0,0,0.59,2024
2024-08-29,549.9564208984375,555.2063129916213,548.8040260888799,551.886978283764,38715200,SPY,58.03941696389827,4.845821202336538,3.4477977401316653,1.3980234622048724,543.8768856483675,537.5339679371739,2024-09-06,-0.0322196827118981,-1,0,0.575,2024
2024-08-30,555.2063598632812,555.7185620963827,548.7646953704351,552.3401314750681,62700100,SPY,62.107772527515344,5.128524577547751,3.7839431076148826,1.344581469932868,544.955883192645,538.2270029146683,2024-09-09,-0.0306379343002325,-1,0,0.485,2024
2024-09-03,543.7808227539062,552.3795689772274,541.2494493044308,552.0446536071696,60600100,SPY,50.60769000853691,4.380132243674211,3.903180934826748,0.4769513088474628,544.8439726746699,538.444799771109,2024-09-10,-0.0059593874045169,0,0,0.505,2024
2024-09-04,542.667724609375,546.0953914408842,541.200133008933,541.9289991634373,47224900,SPY,49.64329028306926,3.655074782600764,3.853559704381551,-0.1984849217807878,544.6367109541657,538.6104046667273,2024-09-11,0.0062982309886732,0,0,0.51,2024
2024-09-05,541.3478393554688,545.4748545644419,538.8755619231126,542.6086263001087,44264300,SPY,48.46392974620904,2.9400665545808806,3.6708610744214174,-0.7307945198405368,544.3234850876231,538.7177550466779,2024-09-12,0.0172486592450056,0,0,0.525,2024
2024-09-06,532.2369995117188,543.3080240861839,531.3308462861334,541.6730045627813,68493800,SPY,41.18977733205827,1.619579248174091,3.260604709171952,-1.6410254609978612,543.1723912232512,538.4636077707971,2024-09-13,0.0400657280688647,1,-1,0.59,2024
2024-09-09,538.1959838867188,539.4764895373146,534.5220749045959,536.46249184752,40445800,SPY,46.812795096895165,1.041913254571341,2.81686641825183,-1.7749531636804892,542.698447667391,538.4531127165195,2024-09-16,0.0300690546159854,1,-1,0.74,2024
2024-09-10,540.5402221679688,540.8948561111164,535.2115751398666,540.1166934123364,36394600,SPY,48.88337957907237,0.7644570454999666,2.4063845437014577,-1.641927498201491,542.4929023817317,538.5349601459882,2024-09-17,0.0260208344177887,1,-1,0.745,2024
2024-09-11,546.0855712890625,547.0114429857031,531.8429821458573,540.4515870073689,75248600,SPY,53.495422238984666,0.9807290959671492,2.121253454154596,-1.140524358187447,542.835061325287,538.8310625437558,2024-09-18,0.0125899373045867,0,-1,0.79,2024
2024-09-12,550.6853637695312,550.9907012109484,544.4307856896743,546.6666805747274,51819600,SPY,56.96404194787749,1.505931622883736,1.998189087900424,-0.492257465016688,543.5827091771198,539.2959371016294,2024-09-19,0.0212666677676267,1,0,0.66,2024
2024-09-13,553.5614624023438,554.5661482506139,551.0399486078251,551.2960497156297,39310500,SPY,59.02211479758344,2.129685839776357,2.0244884382756108,0.1051974015007464,544.5330666271411,539.8553694663633,2024-09-20,0.0142044517970074,0,0,0.77,2024
2024-09-16,554.3790283203125,554.6449286145531,551.4832220184187,553.2955282065665,36656100,SPY,59.613364089317734,2.6593311730797495,2.1514569852364387,0.5078741878433108,545.470777264586,540.4249247155378,2024-09-23,0.0152393287376144,0,0,0.815,2024
2024-09-17,554.6055297851562,558.062774533223,552.3597755455934,556.6049820887653,49321000,SPY,59.786475680477466,3.062058190121661,2.3335772262134835,0.7284809639081775,546.3407536951165,540.9810268751307,2024-09-24,0.0177284121101963,0,0,0.82,2024
2024-09-18,552.9607543945312,560.1411455135499,552.3993157299367,555.26554457798,59044900,SPY,57.847409412737086,3.2114826516275343,2.509158311296294,0.7023243403312405,546.9712299522037,541.4508201111856,2024-09-25,0.0185043471043053,0,0,0.8,2024
2024-09-19,562.3966064453125,564.2680683514808,559.5402373625056,562.4261843206043,75315500,SPY,64.88388746053317,4.044672548292738,2.816261158695583,1.228411389597155,548.4403134277378,542.2722234968377,2024-09-26,0.0053862982193124,0,0,0.41,2024
2024-09-20,561.4244995117188,562.4717649737814,558.3814778607674,561.0194507348042,77503100,SPY,63.704067255719984,4.573816529059513,3.167772232768369,1.4060442962911446,549.6769025785932,543.0232931444801,2024-09-27,0.0056663244686916,0,0,0.45,2024
2024-09-23,562.827392578125,563.4794987580368,561.2762433950409,562.5013997902016,44116900,SPY,64.7016045528067,5.0481764562788385,3.543853077470463,1.5043233788083756,550.9293301975962,543.7999244948192,2024-09-30,0.0071795235498783,0,0,0.44,2024
2024-09-24,564.4378051757812,564.4970820723543,560.7822357483631,563.6276473879294,46805700,SPY,65.86148462087849,5.490762857687969,3.933235033513964,1.5575278241740045,552.21585162409,544.6092531489745,2024-10-01,-0.0046910875284352,0,0,0.51,2024
2024-09-25,563.1929321289062,565.0207470003917,562.0765003209592,564.2797556394728,38428600,SPY,64.10783895345351,5.6756396771872915,4.28171596224863,1.3939237149386612,553.2612878626439,545.3380248736777,2024-10-02,-0.0020699327315211,0,0,0.485,2024
2024-09-26,565.4258422851562,567.8069284900345,563.0547059162656,567.4808753798238,48336000,SPY,65.86357503899634,5.93393042085836,4.612158853970576,1.321771566887784,554.4198168552641,546.1257824192259,2024-10-03,-0.0078279893311018,0,0,0.52,2024
2024-09-27,564.605712890625,567.3226810430177,563.5683371110259,566.5026940726644,42100900,SPY,64.61337963698918,6.00324839743746,4.890376762663953,1.1128716347735068,555.3899021919651,546.850485574967,2024-10-04,0.0026424517593643,0,0,0.51,2024
2024-09-30,566.8682250976562,567.4807730718395,561.256458310349,563.568317360776,63557400,SPY,66.50241188449945,6.169629570561028,5.146227324243369,1.0234022463176595,556.483075802031,547.6354949680136,2024-10-07,-0.0103874329224363,0,0,0.56,2024
2024-10-01,561.7899780273438,567.1646375157011,559.2014531566817,566.5125916827218,72668800,SPY,58.9019879577607,5.8245736912390385,5.281896597642503,0.5426770935965353,556.9884950615846,548.1905727350462,2024-10-08,0.0080019625466911,0,0,0.425,2024
2024-10-02,562.0271606445312,563.0547073454915,558.4803154651253,560.8910099759402,38097800,SPY,59.13688933203567,5.506774408340789,5.326872159782161,0.1799022485586281,557.4683679742461,548.7331840256143,2024-10-09,0.0145554210988771,0,0,0.405,2024
2024-10-03,560.9996948242188,562.9558929581327,558.6976644986279,560.5451983588887,40846500,SPY,57.60098604289109,5.113068016890338,5.284111331203796,-0.1710433143134579,557.8046848171007,549.2142236647752,2024-10-10,0.0146348458273961,0,0,0.44,2024
2024-10-04,566.09765625,566.4730967206212,561.2762673344769,565.475218643551,42939100,SPY,62.76795789802928,5.153014997532637,5.257892064469565,-0.1048770669369281,558.594491620234,549.8763190602742,2024-10-11,0.0115186679294236,0,-1,0.43,2024
2024-10-07,560.9799194335938,565.0899858110749,559.8239896470692,564.4378795608022,49964700,SPY,55.46103691613501,4.717336162282322,5.149780884032117,-0.4324447217497944,558.8216752215063,550.3117543690319,2024-10-14,0.0290946834952745,1,0,0.52,2024
2024-10-08,566.285400390625,566.888119257035,562.6891677707054,563.5684317818234,37398700,SPY,60.58378317566825,4.745462778960132,5.06891726301772,-0.3234544840575886,559.5325061899938,550.9381718600747,2024-10-15,0.0115322019137704,0,-1,0.51,2024
2024-10-09,570.2077026367188,570.7708633231716,565.6728088468782,566.2754673649648,37912200,SPY,63.89041764226081,5.026310161755532,5.060395842765283,-0.0340856810097509,560.5491915658723,551.6938397336686,2024-10-16,0.0089406411687593,0,-1,0.515,2024
2024-10-10,569.2098388671875,570.6424343017676,567.5895231990827,568.8541774674673,44138100,SPY,62.454951327827835,5.109465728920327,5.070209819996292,0.0392559089240345,561.3740151183786,552.3807416604733,2024-10-17,0.0107960232186932,0,-1,0.45,2024
2024-10-11,572.6183471679688,573.3593384853236,568.9923862375855,569.1307190893117,42268000,SPY,65.32111013357303,5.388292368454472,5.1338263296879285,0.2544660387665436,562.4449038850062,553.1743732490025,2024-10-18,0.0086443093575323,0,0,0.44,2024
2024-10-14,577.3014526367188,578.2400537803853,573.7545473576104,574.2386520785454,36217200,SPY,68.84068163679657,5.918922310115704,5.290845525773483,0.6280767843422206,563.8598132899311,554.1205332249914,2024-10-21,-0.0011809474793431,0,0,0.49,2024
2024-10-15,572.81591796875,577.87441352715,571.5907617536484,577.5681395488805,54203600,SPY,62.31695448068457,5.9093854839426285,5.414553517407312,0.4948319665353162,564.7127756402948,554.8536855678839,2024-10-22,0.0061059032824237,0,0,0.42,2024
2024-10-16,575.3057250976562,575.829387978223,572.0058770840247,572.8160349375962,30725400,SPY,64.3371915687655,6.033187280170523,5.538280269959955,0.4949070102105679,565.7216279695673,555.6557263337573,2024-10-23,-0.0074016988886577,0,0,0.51,2024
2024-10-17,575.3550415039062,579.0797772037582,575.1673212890112,578.8722779234968,34393700,SPY,64.37792827557281,6.065362790760332,5.643696774120031,0.4216660166403017,566.6390959252186,556.4282484972927,2024-10-24,-0.0053403039499748,0,0,0.515,2024
2024-10-18,577.5682373046875,578.3586160628329,575.5823707247497,577.0544639759777,37416800,SPY,66.24158338608021,6.198001812614962,5.754557781819017,0.4434440307959448,567.679966532787,557.2572676662102,2024-10-25,-0.0094938347509077,0,0,0.625,2024
2024-10-21,576.6196899414062,577.8250068762592,573.6260560653888,576.837018450172,36439000,SPY,64.67973641674236,6.155621178961724,5.834770461247558,0.3208507177141655,568.5313687621793,558.0165783436688,2024-10-28,-0.004797436568633,0,0,0.555,2024
2024-10-22,576.3134765625,577.4792957916693,573.408787872185,574.0707233027231,34183800,SPY,64.15386396908968,6.027840171611729,5.873384403320393,0.1544557682913359,569.2725218860194,558.7341037640151,2024-10-29,-0.0026572918520024,0,0,0.485,2024
2024-10-23,571.0474853515625,574.7228340694738,567.5203590351447,574.2782271670283,49314600,SPY,55.758090371949606,5.4389544405178185,5.7864984107598785,-0.3475439702420599,569.441566025595,559.2169814733307,2024-10-30,0.0034948539136527,0,0,0.515,2024
2024-10-24,572.282470703125,573.0926285399634,569.644558193077,573.0135725724089,34979900,SPY,57.17360946813229,5.014111694167013,5.632021067441306,-0.6179093732742924,569.712128375836,559.7293535999894,2024-10-31,-0.0182998026081996,0,0,0.425,2024
2024-10-25,572.0848999023438,577.4398415567764,571.1364694352268,574.5252631127809,47268200,SPY,56.86018293561056,4.6083561829276505,5.427288090538575,-0.8189319076109243,569.9381066164558,560.2138848275328,2024-11-01,-0.0138161166298358,0,0,0.45,2024
2024-10-28,573.8533935546875,575.7108168113346,573.5471195231146,575.5823734785425,30174700,SPY,59.025489297821245,4.3790161029934325,5.217633693029547,-0.8386175900361144,570.3109910867636,560.7487675227153,2024-11-04,-0.0189730625799962,0,-1,0.485,2024
2024-10-29,574.7820434570312,575.9083044283614,571.4821355952707,572.885062269683,42899700,SPY,60.15641140928782,4.2235107208615545,5.018809098595948,-0.7952983777343938,570.7368055982176,561.2990920691591,2024-11-05,-0.008714665428652,0,0,0.45,2024
2024-10-30,573.043212890625,576.3134523756352,572.3318298218145,574.3078067989089,41435800,SPY,56.984883649892566,3.914834712801621,4.798014221437083,-0.8831795086354619,570.9564634355897,561.7596458268637,2024-11-06,0.0190169287891666,0,0,0.57,2024
2024-10-31,561.809814453125,568.715844657544,561.6122046859157,568.646678223919,60182500,SPY,41.69229571985943,2.7322694782782264,4.384865272805312,-1.6525957945270855,570.0853540086883,561.761613223972,2024-11-07,0.047428854762332,1,-1,0.455,2024
2024-11-01,564.180908203125,568.6367458037868,563.7659699347041,564.4575739167589,45667500,SPY,45.0446764493585,1.9637683603094729,3.900645890306144,-1.9368775299966712,569.52302583673,561.85648753688,2024-11-08,0.0475448799918645,1,-1,0.535,2024
2024-11-04,562.9656372070312,565.6233282707249,561.0687164666549,564.3191764173339,38217000,SPY,43.65915946473059,1.2423425233484977,3.368985216914615,-2.1266426935661173,568.8985126339015,561.8999836023761,2024-11-11,0.0508064667388508,1,-1,0.595,2024
2024-11-05,569.7730102539062,569.8125080872711,563.6672482360568,563.884576772617,39478300,SPY,52.47701869120982,1.206003406695686,2.9363888548708292,-1.7303854481751433,568.981798121521,562.2087297455734,2024-11-12,0.0350268195695822,1,-1,0.775,2024
2024-11-06,583.9407348632812,584.8200591512631,578.3586356989562,582.122869688031,68182000,SPY,64.81833466247514,2.293977817966947,2.807906647490053,-0.5139288295231057,570.4064587635934,563.0609652403855,2024-11-13,0.0104053553333052,0,0,0.8,2024
2024-11-07,588.455810546875,589.4833571706318,585.8771750583134,585.9562310221482,47233200,SPY,67.6973596074233,3.480414202492057,2.942408158490454,0.5380060440016026,572.1254446477154,564.0568415269145,2024-11-14,-0.0037943173402646,0,0,0.835,2024
2024-11-08,591.0048217773438,592.4374171107561,589.0090657831266,589.0090657831266,46444900,SPY,69.22834580604955,4.5736354657045695,3.268653619933277,1.3049818457712925,573.9234805648229,565.113625066147,2024-11-15,-0.0207959848902559,-1,0,0.585,2024
2024-11-11,591.5679321289062,592.9609692119842,589.8290629315712,592.6053078676271,37586800,SPY,69.57144603873215,5.422947133409252,3.699512322628472,1.72343481078078,575.6039045233069,566.1510488725298,2024-11-18,-0.0177198295256343,0,0,0.585,2024
2024-11-12,589.7303466796875,592.0915933127267,587.2307068852001,591.4889348135927,43006100,SPY,66.94814905812059,5.8799742773039725,4.1356047135635725,1.7443695637404,576.9492799667718,567.0757272179086,2024-11-19,-0.0110571755207075,0,0,0.55,2024
2024-11-13,590.016845703125,592.0323205035678,587.813650678472,590.1946763941613,47388600,SPY,67.1560859852321,6.193890346016474,4.547261840054153,1.646628505962321,578.1938100369007,567.9753789232112,2024-11-20,-0.0112025279005457,0,0,0.605,2024
2024-11-14,586.2230224609375,590.6294734066391,585.5314786698614,590.14536863207,38904100,SPY,61.62709171862447,6.066609168610853,4.8511313057654935,1.2154778628453595,578.958496934428,568.6909727874358,2024-11-21,0.0005392164110029,0,0,0.46,2024
2024-11-15,578.7142944335938,583.1108555511576,576.8469815975038,582.6365800407317,75988800,SPY,52.42704365209848,5.29876545001639,4.940658134615673,0.3581073154007166,578.9352395533962,569.0840442245401,2024-11-22,0.01666228100474,0,-1,0.495,2024
2024-11-18,581.08544921875,582.4093200141474,578.3092039992318,579.1785783846396,37001700,SPY,54.725570716849894,4.825945648223978,4.917715637337334,-0.0917699891133558,579.140021426287,569.5546875576464,2024-11-25,0.0159484203777446,0,0,0.5,2024
2024-11-19,583.2095947265625,583.9406965622665,577.0149478875358,577.6867728258052,49412000,SPY,56.741919987328,4.569953756864834,4.848163261242834,-0.2782095043780002,579.5275998358371,570.0901741132901,2024-11-26,0.0175335044215223,0,0,0.49,2024
2024-11-20,583.4071655273438,583.6936604621411,577.607678291141,583.2886117403912,50032600,SPY,56.93403889201954,4.333071697806872,4.745144948555642,-0.4120732507487696,579.8970822826473,570.612409070704,2024-11-27,0.0141067524621691,0,0,0.47,2024
2024-11-21,586.5391235351562,587.9717189391857,580.3938639302464,586.2724076420711,46750300,SPY,59.96915606661821,4.34794341058921,4.665704640962356,-0.3177612303731463,580.5296576400291,571.2369861085257,2024-11-29,0.0149577668013165,0,-1,0.485,2024
2024-11-22,588.3569946289062,588.9893216912529,586.0253564262839,586.5291798676253,38226400,SPY,61.658217532168315,4.455061182662689,4.623575949302423,-0.1685147666397339,581.2751183056364,571.9083589916779,2024-12-02,0.0136355700383448,0,-1,0.53,2024
2024-11-25,590.3528442382812,593.6428027871202,588.0508139658752,592.318931861111,42441400,SPY,63.48013733559711,4.647428509306678,4.628346461303274,0.0190820480034039,582.139663632555,572.6316721386036,2024-12-03,0.0106771463082204,0,-1,0.515,2024
2024-11-26,593.435302734375,594.107127662382,590.8862755795608,591.6074878710035,45621300,SPY,66.15502337313391,4.991075628054546,4.700892294653529,0.2901833334010169,583.2154387851093,573.4475007894182,2024-12-04,0.0116706593256046,0,0,0.465,2024
2024-11-27,591.6371459960938,593.6328416785968,590.1057759445099,593.2475720089939,34000200,SPY,63.24486638256624,5.059993766150114,4.772712588952846,0.2872811771972685,584.0175061385364,574.1608202092879,2024-12-05,0.0130755175979324,0,-1,0.48,2024
2024-11-29,595.3124389648438,596.1028176783489,592.1805324077891,592.4571378216023,30177400,SPY,66.48962218267155,5.3495114756564135,4.888072366293559,0.4614391093628542,585.0932140267562,574.9902954546038,2024-12-06,0.008729700698173,0,0,0.515,2024
2024-12-02,596.3795776367188,597.061292199026,595.2334770642985,595.7274713760562,31746000,SPY,67.38980553771948,5.600506367462913,5.03055916652743,0.5699472009354825,586.1681057991336,575.8290908342947,2024-12-09,0.0017393158977361,0,0,0.515,2024
2024-12-03,596.6561279296875,596.9031250627299,595.1050389999714,596.1424148983427,26906600,SPY,67.63246610754268,5.755392344614052,5.1755258021447546,0.579866542469297,587.1669650496625,576.6458373870552,2024-12-10,-0.0018380431142227,0,0,0.5,2024
2024-12-04,600.361083984375,600.6080811170303,597.6836736596936,598.3554986242718,42787600,SPY,70.7705208967881,6.106705290110881,5.36176169973798,0.7449435903729009,588.4235478053495,577.5758470575383,2024-12-11,-0.0003289849573763,0,0,0.57,2024
2024-12-05,599.3731079101562,601.1712543095007,599.0174465042294,600.3610964613101,28762200,SPY,68.85350801069858,6.2335454860455,5.536118456999485,0.6974270290460156,589.4663630534263,578.4306416007782,2024-12-12,-0.0038407845762514,0,0,0.6,2024
2024-12-06,600.5093383789062,601.7542136421392,599.7288491068647,600.1437874272632,31241500,SPY,69.86451805053899,6.352523620127613,5.699399489625111,0.6531241305025022,590.5180749891863,579.2964728469793,2024-12-13,-0.0059230115223029,0,0,0.615,2024
2024-12-09,597.4168701171875,600.558666264525,596.8241011467584,600.3907251065754,34742700,SPY,63.79497107106013,6.1266540505092735,5.784850401801943,0.3418036487073301,591.175103096615,580.0070766614973,2024-12-16,0.0034894491032866,0,0,0.45,2024
2024-12-10,595.5594482421875,598.5234137048745,594.8975128400896,598.0985858914665,37234500,SPY,60.40081064608225,5.731700887127317,5.7742204988670185,-0.042519611739701,591.5926597771457,580.6169735862303,2024-12-17,0.0024717027037053,0,0,0.4,2024
2024-12-11,600.16357421875,601.1218942118659,598.2270948619083,598.5037606137593,28677700,SPY,65.32548622571622,5.7242268240652265,5.764221763906661,-0.039994939841434,592.4089373430128,581.3835069443684,2024-12-18,-0.0348665931732478,-1,0,0.52,2024
2024-12-12,597.071044921875,599.8670086682928,597.071044921875,599.2940188154165,31543800,SPY,59.93391569409974,5.4064402287636995,5.692665456878069,-0.2862252281143691,592.8529475886187,581.9987045121137,2024-12-19,-0.030165566528991,-1,0,0.405,2024
2024-12-13,596.9525146484375,599.8374239971062,595.5693067171701,599.1162117354461,35904700,SPY,59.730432546536505,5.086394866144815,5.571411338731418,-0.4850164725866035,593.2433825466967,582.5851284390284,2024-12-20,-0.0183220233792446,0,0,0.4,2024
2024-12-16,599.5015258789062,600.4796851568691,597.9405474515993,598.7210366652528,43695200,SPY,62.66597116935648,4.98102238827687,5.453333548640509,-0.4723111603636392,593.8393961973833,583.2485165739256,2024-12-23,-0.0166423459919958,0,-1,0.46,2024
2024-12-17,597.031494140625,597.9009287649616,595.6483465488363,596.9327194205068,55773500,SPY,58.23583942052193,4.6446622468561145,5.2915992882836305,-0.646937041427516,594.1434055253111,583.7890254981099,2024-12-24,-0.00159879138364,0,-1,0.45,2024
2024-12-18,579.2379150390625,599.1260676649564,578.8525850593486,596.7252628946356,108248700,SPY,37.60932424482995,2.90877078611004,4.815033587848912,-1.9062628017388723,592.7238350028113,583.6105505781474,2024-12-26,0.0291396397601997,1,-1,0.465,2024
2024-12-19,579.06005859375,585.8772036337424,578.8130614589971,584.2568879572754,85919500,SPY,37.466477822889026,1.5014055003027806,4.152307970339686,-2.6509024700369057,591.422522963853,583.4320999120926,2024-12-27,0.0186190620744319,0,-1,0.565,2024
2024-12-20,586.01513671875,590.5751556827481,575.8640332815654,576.716609074651,125716700,SPY,46.08958183791252,0.9364798931853784,3.5091423549088248,-2.5726624617234464,590.9075337976527,583.533395473138,2024-12-30,-0.0049564266068079,0,-1,0.72,2024
2024-12-23,589.5244140625,590.1291009674258,582.555448912475,585.7574336728889,57635800,SPY,49.84747074477204,0.7631445772166217,2.9599427993703844,-2.1967982221537627,590.7758081085906,583.7683373786032,2024-12-31,-0.0144782440162141,0,-1,0.68,2024
2024-12-24,596.0769653320312,596.1166566065269,590.2975890385056,590.8824907923924,33160100,SPY,56.0130328161212,1.141354393018787,2.5962251181000653,-1.4548707250812782,591.2806802251088,584.2510286708945,2025-01-02,-0.0277065878227035,-1,0,0.485,2024
2024-12-26,596.11669921875,597.2467510278158,592.8850063759046,594.2926551063172,41219100,SPY,56.04831785827614,1.4278353918840594,2.362547172856864,-0.9347117809728048,591.7412534625984,584.7163490845359,2025-01-03,-0.0156151835569895,0,0,0.525,2024
2024-12-27,589.8416137695312,592.5875722637912,585.628530262738,592.349606135686,64969300,SPY,49.31963916997083,1.1354380714916488,2.117125352583821,-0.9816872810921722,591.560335396592,584.9173398564965,2025-01-06,0.0005881643818039,0,-1,0.775,2024
2024-12-30,583.110595703125,586.6000397682428,579.3336924072994,582.7835057007663,56578800,SPY,43.313003348858246,0.3564650764681119,1.7649932973606792,-1.4085282208925674,590.7555982829284,584.8464871445996,2025-01-07,0.0006969039377897,0,-1,0.62,2024
2024-12-31,580.9891357421875,585.5095236812081,579.3435211584518,584.7858235548729,57052700,SPY,41.59360410393153,-0.4271369544253502,1.3265672470034735,-1.7537042014288238,589.825458993334,584.6952184621521,2025-01-08,0.0058183034514607,0,-1,0.79,2024
2025-01-02,242.98741149902344,248.21884015778812,240.96459363401945,248.0494281352692,55740700,AAPL,46.04905475953385,4.056443784453393,5.252410075457609,-1.1959662910042166,247.6928151785282,239.9237823197108,2025-01-10,-0.0287060950340241,-1,0,0.46,2025
2025-01-03,242.4991455078125,243.31623695542575,241.03434422978032,242.4991455078125,40244100,AAPL,45.36379412149926,3.165944555906293,4.835116971547346,-1.6691724156410528,247.19817997179337,240.0247769545383,2025-01-13,-0.0368178573639867,-1,0,0.41,2025
2025-01-06,244.1333465576172,246.45510633108967,242.33971076643533,243.4457849039297,45045600,AAPL,48.145159606001755,2.562544451406154,4.3806024675191075,-1.8180580161129536,246.90629107520516,240.18589733112967,2025-01-14,-0.0478367386327704,-1,0,0.35,2025
2025-01-07,241.35321044921875,244.68139184839129,240.4962520142114,242.12047569552988,40856000,AAPL,44.03792394765264,1.8388150565961323,3.872244985334513,-2.0334299287383804,246.37742625368264,240.2316743161528,2025-01-15,-0.0179183280307085,0,0,0.525,2025
2025-01-08,241.8414764404297,242.8479134243992,239.20085656180404,241.06423680804883,37628900,AAPL,44.92654060310245,1.289785438233622,3.355753075914335,-2.065967637680713,245.94543103337284,240.2948038112225,2025-01-16,-0.0594973047113747,-1,0,0.555,2025
2025-01-10,236.01219177246097,239.3104808095479,232.17580437363205,239.1610022847023,61710900,AAPL,37.30953988303577,0.379921456735758,2.76058675207862,-2.3806652953428618,244.99940824661937,240.12685824107496,2025-01-17,-0.0290057828469684,-1,0,0.65,2025
2025-01-13,233.5708465576172,233.8398957390806,228.90740850459227,232.7039288898965,49630700,AAPL,34.659219310125295,-0.5320157135049044,2.1020662589619152,-2.6340819724668196,243.9109738000477,239.86975974368443,2025-01-21,-0.0501707061448267,-1,0,0.79,2025
2025-01-14,232.45480346679688,235.28475371553364,231.6476711610837,233.91960476413303,39435300,AAPL,33.48808871161836,-1.3294626237759246,1.4157604824143473,-2.745223106190272,242.81990995878573,239.5789771445908,2025-01-22,-0.0405092293253096,-1,0,0.78,2025
2025-01-15,237.028564453125,238.11472029161553,233.6007305222416,233.80999436776753,39832000,AAPL,42.11974560822772,-1.5742339691099403,0.8177615921094897,-2.39199556121943,242.2683532439609,239.47896096061177,2025-01-23,-0.0597384276354482,-1,0,0.535,2025
2025-01-16,227.4525604248047,237.1680713225123,227.22337827123215,236.51041752509497,71759100,AAPL,32.585018786455635,-2.51196415966092,0.1518164417554078,-2.663780601416328,240.8573253564222,239.00733741018797,2025-01-24,-0.0240077185995668,-1,0,0.5,2025
2025-01-17,229.16647338867188,231.4682996512766,227.67177943063624,231.2989028272768,68488300,AAPL,35.40353411005296,-3.08130428152586,-0.4948077029008457,-2.586496578625014,239.74391088330313,238.62142117405008,2025-01-27,-0.0005217511502695,0,0,0.53,2025
2025-01-21,221.85243225097656,223.62613445935497,218.6039696546368,223.20762199269615,98070400,AAPL,29.69746882901198,-4.075710173953837,-1.210988197111444,-2.864721976842393,238.03996053736728,237.96381376530212,2025-01-28,0.0701580906013423,1,0,0.495,2025
2025-01-22,223.03823852539065,223.3272060060417,219.01252087308487,219.01252087308487,64126500,AAPL,31.621666392216127,-4.713762037310801,-1.9115429651513152,-2.8022190721594855,236.61122510765523,237.37849708922715,2025-01-29,0.0693829541615624,1,1,0.415,2025
2025-01-23,222.8688507080078,226.2269251350915,221.51366083038823,223.94503224654224,60234800,AAPL,31.489082180013114,-5.173454553437949,-2.563925282808642,-2.609529270629307,235.30242754578404,236.8094913487872,2025-01-30,0.0622819507661716,1,1,0.73,2025
2025-01-24,221.991943359375,224.831867935065,220.6267944226493,223.9848686181573,54697900,AAPL,30.769818363094856,-5.544608483588746,-3.160061922964663,-2.384546560624083,234.03476238517365,236.2284110354769,2025-01-31,0.0593411098243772,1,1,0.77,2025
2025-01-27,229.04690551757812,231.32879829775732,223.18770026542344,223.2275672861503,94863400,AAPL,42.20722191553242,-5.209423174265197,-3.56993417322477,-1.639489001040427,233.5597283977836,235.94678336810833,2025-02-03,-0.0080484621157888,0,1,0.75,2025
2025-01-28,237.41717529296875,239.34035603116672,229.99353191106584,230.03339893004485,75707600,AAPL,52.28024117368814,-4.219733127336497,-3.6998939640471153,-0.5198391632893813,233.92710429256311,236.00444579653424,2025-02-04,-0.0229160277162857,-1,0,0.58,2025
2025-01-29,238.51329040527344,239.01152170916103,233.1822093717508,233.29182086679864,45486100,AAPL,53.4250677891686,-3.3088074334354474,-3.621676657924782,0.3128692244893347,234.36388392234508,236.10283185962209,2025-02-05,-0.028785045198365,-1,0,0.71,2025
2025-01-30,236.7495574951172,239.93823493591583,236.3709120271811,237.82573898228924,55658300,AAPL,51.29271762583865,-2.6981086469050695,-3.43696305572084,0.7388544088157705,234.59109092927577,236.1281936492493,2025-02-06,-0.0183930141620517,0,0,0.665,2025
2025-01-31,235.16519165039065,246.31561143302469,232.61424963135997,246.31561143302469,100959800,AAPL,49.38583830873295,-2.31528141832635,-3.212626728241942,0.8973453099155919,234.64576718842957,236.0904288649803,2025-02-07,-0.0354660387835646,-1,0,0.71,2025
2025-02-03,227.20343017578125,231.0099245763286,224.90160402054903,229.17643705581955,73063300,AAPL,41.11410199110848,-2.624086853530372,-3.0949187532996283,0.4708318997692564,233.93697318722496,235.7419191124627,2025-02-10,-0.0004811281447607,0,1,0.525,2025
2025-02-04,231.9765167236328,232.3053512351318,225.8482620717564,226.44614576626617,45067300,AAPL,46.86039065734415,-2.455365269277223,-2.9670080564951475,0.5116427872179243,233.75026304783523,235.5942562736851,2025-02-11,0.0003253345285507,0,1,0.51,2025
2025-02-05,231.64767456054688,231.84696405052935,227.46253445166025,227.72160926815613,39620300,AAPL,46.52355204272752,-2.3214270465412596,-2.8378918545043703,0.5164648079631107,233.55001652523632,235.4394883633659,2025-02-12,0.0200474110782094,1,1,0.55,2025
2025-02-06,232.39501953125,232.9729696905443,229.61488023403817,230.47183871784503,29925300,AAPL,47.44808587892938,-2.1304174208482607,-2.6963969677731483,0.5659795469248876,233.44001681152335,235.32009742877315,2025-02-13,0.0367702019140867,1,1,0.56,2025
2025-02-07,226.82481384277344,233.17227650429416,226.4561122970612,231.7772347780746,39707200,AAPL,41.66608968494876,-2.400834636028833,-2.6372845014242854,0.2364498653954525,232.80999748116625,234.9869490528516,2025-02-14,0.0757321584364438,1,1,0.66,2025
2025-02-10,227.0941162109375,230.0269397294514,226.64521806905947,229.0094413336025,33115600,AAPL,42.03386878297805,-2.5638572266896347,-2.622599046477355,0.0587418197877207,232.26562783638252,234.67742619630596,2025-02-18,0.0738854277812568,1,1,0.7,2025
2025-02-11,232.0519866943359,234.65561423976857,227.5729600586419,227.64278121837336,53718400,AAPL,48.47449240870244,-2.266864092757487,-2.5514520557333817,0.2845879629758947,232.2452810609495,234.574467784464,2025-02-19,0.0526610133682419,1,0,0.52,2025
2025-02-12,236.29161071777344,236.38140252594312,230.11672290007743,230.63545743654387,45243300,AAPL,53.25731339420398,-1.6701403296274862,-2.375189710512202,0.7050493808847165,232.63064579017083,234.64180672302516,2025-02-20,0.0378267380800765,1,0,0.62,2025
2025-02-13,240.9402313232422,241.74825103145727,234.99479296308533,236.33151730066413,53614100,AAPL,57.87460473217172,-0.8127586397916389,-2.06270349636809,1.2499448565764513,233.42203488855856,234.88880376617092,2025-02-21,0.0166439321862927,0,0,0.435,2025
2025-02-14,244.00274658203125,244.9504238462646,240.40156080072015,240.6609204580431,40896200,AAPL,60.63352397946936,0.1125445696388851,-1.6276538831666951,1.7401984528055805,234.42972171650837,235.24621328836153,2025-02-24,0.0102207721810891,0,0,0.505,2025
2025-02-18,243.87306213378903,244.5813199542748,241.2494791133952,243.55383619329416,48822500,AAPL,60.45297004220274,0.8258694692516144,-1.1369492126830334,1.962818681934648,235.32908747053511,235.58452108622143,2025-02-25,0.0105125210660559,0,0,0.465,2025
2025-02-19,244.27207946777344,245.40929524371265,242.56626341463,244.06260076305156,32204200,AAPL,60.83936585959045,1.4071610785622966,-0.6281271544339675,2.035288232996264,236.18080099408164,235.92520965020387,2025-02-26,-0.0184178956143301,0,0,0.5,2025
2025-02-20,245.2297515869141,246.17742890005937,243.6935033255141,244.34192533458383,32316900,AAPL,61.80396439461822,1.92294845059115,-0.117912033428944,2.040860484020094,237.04260581244665,236.29009364772193,2025-02-27,-0.0346988313446943,-1,0,0.605,2025
2025-02-21,244.9504241943359,248.08275639920348,244.6212281548445,245.34944139409683,53197400,AAPL,61.3294522470598,2.282858896498226,0.36224215255649,1.920616743941736,237.79573137262656,236.6297144534715,2025-02-28,-0.0151089470668883,0,0,0.655,2025
2025-02-24,246.49664306640625,248.25234005966587,243.82317911276243,244.3319283268952,51326400,AAPL,63.02190912556462,2.662169624294279,0.8222276469040478,1.839941977390231,238.62438962917705,237.01665283044937,2025-03-03,-0.0367058419487342,-1,0,0.695,2025
2025-02-25,246.4367828369141,249.38956194785015,244.3119941197594,247.3944454522674,48013300,AAPL,62.90712305113789,2.9242371035562655,1.2426295382344914,1.681607565321774,239.3684270775329,237.386069693448,2025-03-04,-0.0449724686218323,-1,0,0.66,2025
2025-02-26,239.77310180664065,244.3818160551289,238.5461094200037,243.7334092806253,44433600,AAPL,51.63294153950459,2.564660293115139,1.507035689210621,1.0576246039045183,239.40696752792417,237.47967879592613,2025-03-05,-0.0192211671673951,0,0,0.58,2025
2025-02-27,236.72056579589844,241.86796980219768,236.4811463462344,238.82541422357912,41153600,AAPL,47.43873709367131,2.010206525751755,1.607669856518848,0.4025366692329073,239.1511197439217,237.44990965867015,2025-03-06,-0.008301684463925,0,0,0.565,2025
2025-02-28,241.24948120117188,241.49887076126777,229.63790389196947,236.3714220145579,56833400,AAPL,53.47695715521819,1.9141780904803056,1.6689715033111394,0.2452065871691662,239.35096369223123,237.5989124642585,2025-03-07,-0.0114538251289045,0,0,0.565,2025
2025-03-03,237.4487762451172,243.43412542285543,235.53346633482457,241.19958958341564,47184000,AAPL,48.446996007696555,1.5139380026424192,1.6379648031773957,-0.1240268005349762,239.16980298298228,237.59302476939015,2025-03-10,-0.0443221107451281,-1,0,0.6,2025
2025-03-04,235.3539123535156,239.4838181516717,234.10696453181083,237.1295800554318,53798100,AAPL,45.885186790800304,1.0159950820417407,1.5135708589502646,-0.4975757769085238,238.80638482779497,237.5052164393559,2025-03-11,-0.0639596829751569,-1,0,0.6,2025
2025-03-05,235.1643829345703,235.97240266650644,228.67026910680244,234.84515699420857,47227600,AAPL,45.649992839935855,0.5991714147374125,1.3306909701076943,-0.7315195553702818,238.45952750463073,237.4134190470114,2025-03-12,-0.0795792400504212,-1,0,0.58,2025
2025-03-06,234.75538635253903,237.27920752401755,232.59068676229825,233.86756011302523,45170400,AAPL,45.112615460587385,0.2331454931860719,1.11118187472337,-0.878036381537298,238.1067521568125,237.3091824707576,2025-03-13,-0.1089959531174956,-1,0,0.54,2025
2025-03-07,238.4862518310547,240.78062356819368,234.1867631010968,234.53591456798168,46273600,AAPL,50.80194624571151,0.2413350173999617,0.9372125032586884,-0.6958774858587266,238.14289498293076,237.3553420535143,2025-03-14,-0.1069979816928763,-1,0,0.59,2025
2025-03-10,226.9245452880859,235.583358769024,223.6725108894593,234.96486230654432,72071200,AAPL,37.7449218832774,-0.6773003219558973,0.6143099382157712,-1.2916102601716686,237.0744807262789,236.94629119996813,2025-03-17,-0.0592579463030756,-1,0,0.59,2025
2025-03-11,220.30075073242188,225.28854176632856,216.91902902029435,223.26349982428485,76137400,AAPL,32.57876001447191,-1.917704209687031,0.1079071086352107,-2.0256113183222415,235.47698263162584,236.2935249071232,2025-03-18,-0.0369044642368587,-1,1,0.59,2025
2025-03-12,216.45018005371097,221.20853706339403,214.38524243690583,219.60246770742089,62547500,AAPL,30.007520579300348,-3.1748444697759908,-0.5486432070470296,-2.6262012627289613,233.66490619563393,235.51535452071488,2025-03-19,-0.0080191584529285,0,1,0.57,2025
2025-03-13,209.16799926757812,216.31051974194543,207.9110813961123,215.42269353923288,61368300,AAPL,25.852018795253528,-4.704517562816079,-1.3798180782008396,-3.3246994846152393,231.331867440581,234.4821249029448,2025-03-20,0.0210798280774617,1,1,0.605,2025
2025-03-14,212.9687042236328,213.4275724686152,209.06824803363213,210.73416839029963,60107600,AAPL,31.206622988101856,-5.54617651314436,-2.213089765189544,-3.333086747954816,229.5829947532526,233.63846134689337,2025-03-21,0.0223898674776459,1,1,0.735,2025
2025-03-17,213.4774627685547,214.69448503570536,209.4573042902151,212.78914514941675,48073400,AAPL,31.915399276662782,-6.1018069006939015,-2.990833192290415,-3.110973708403486,228.04913456423375,232.8478339516644,2025-03-24,0.0314485750610469,1,1,0.71,2025
2025-03-18,212.1706695556641,214.624654360469,210.97360268345204,213.6370814211214,42432400,AAPL,31.031020233699135,-6.571839205349988,-3.70703439490233,-2.8648048104476582,226.53689980151285,232.0369647596644,2025-03-25,0.0520005405321049,1,1,0.7,2025
2025-03-19,214.7144317626953,218.22582565599035,213.2280645696868,213.6969181399133,54385400,AAPL,34.81739994491916,-6.662284177321936,-4.298084351386252,-2.3641998259356845,225.4109504644826,231.35764974017545,2025-03-26,0.0292232007547157,1,1,0.705,2025
2025-03-20,213.5772247314453,216.9589465476154,211.70181037410745,213.46749271646212,48862900,AAPL,33.92082926438404,-6.747939526205101,-4.788055386350022,-1.9598841398550793,224.2839289660981,230.6603781712056,2025-03-27,0.0455394825047115,1,1,0.73,2025
2025-03-21,217.7370452880859,218.30564558008663,210.7641075832368,211.0434226778215,94127800,AAPL,40.00654692314678,-6.406311284758118,-5.111706566031642,-1.2946047187264762,223.66041623485884,230.15358080324015,2025-03-28,-0.0016952104173798,0,1,0.66,2025
2025-03-24,220.19102478027344,220.93919345594836,218.04628066528423,220.460369765545,44299500,AAPL,43.32272030364797,-5.869888386415681,-5.2633429301084504,-0.6065454563072308,223.3299980010888,229.7628923317513,2025-03-31,0.0063426344825683,0,1,0.875,2025
2025-03-25,223.2036590576172,223.55281053469955,219.5426220965296,220.23093972638688,34493600,AAPL,47.18257338473484,-5.142396619021213,-5.239153667891003,0.0967570488697902,223.31796572075817,229.5056674974715,2025-04-01,-0.0025027558685044,0,1,0.79,2025
2025-03-26,220.98907470703125,224.4705584289048,219.93166541277708,222.9642357514217,34466100,AAPL,44.76895170114065,-4.6904836255934015,-5.129419659431483,0.4389360338380816,223.0961665765937,229.1716834664739,2025-04-02,0.0106532327446324,0,1,0.855,2025
2025-03-27,223.3034210205078,224.4406368200556,220.02144584411215,220.84942102067788,37094800,AAPL,47.7755948104105,-4.098347715415713,-4.92320527062833,0.8248575552126169,223.11590509506172,228.94155552741637,2025-04-03,-0.0922940332488908,-1,0,0.515,2025
2025-03-28,217.3679351806641,223.26350805320467,217.1484711493609,221.12873402087155,39818600,AAPL,41.53125837352055,-4.061204801897503,-4.750805176882165,0.6896003749846615,222.5684793889286,228.48768806283783,2025-04-04,-0.1354749331803018,-1,1,0.545,2025
2025-03-31,221.58761596679688,225.06908447075045,215.7020132379398,216.48010744476517,65299300,AAPL,46.84980601563156,-3.6492099801401703,-4.530486137533766,0.8812761573935957,222.47506382491605,228.21709700024803,2025-04-07,-0.1830909809319206,-1,0,0.45,2025
2025-04-01,222.64503479003903,223.1338286051108,218.3655012478301,219.27328293515097,36412700,AAPL,48.12329105026367,-3.200483077135601,-4.264485525454133,1.064002448318532,222.49125153588017,227.99858475671044,2025-04-08,-0.2274744513241312,-1,0,0.65,2025
2025-04-02,223.34332275390625,224.6401515625236,220.48033536050963,220.7796058888877,35905900,AAPL,48.992443018178946,-2.756739790460159,-3.962936378455338,1.2061965879951797,222.57240117569216,227.81602546248283,2025-04-09,-0.1118406687477813,-1,0,0.63,2025
2025-04-03,202.69384765625,206.98335084549151,200.758582364718,205.0381002304481,103419000,AAPL,31.946891658012248,-4.024913407943899,-3.975331784353051,-0.0495816235908477,220.6792056024119,226.8308420191011,2025-04-10,-0.062847567673692,-1,1,0.63,2025
2025-04-04,187.92002868652344,199.39194860307396,186.88255957870848,193.4165691841804,125910900,AAPL,25.193291939860543,-6.1511670328116566,-4.410498834044772,-1.7406681987668842,217.55928399137497,225.3049277707648,2025-04-11,0.0518631480406805,1,1,0.825,2025
2025-04-07,181.0169219970703,193.6759230716255,174.19361217758157,176.76731422169505,160466300,AAPL,22.77100593443585,-8.297611665324723,-5.1879214003007625,-3.1096902650239606,214.0790590395364,223.5681432306199,2025-04-14,0.1160586270481007,1,1,0.71,2025
2025-04-08,171.9989776611328,189.8752182218586,168.79682446290911,186.24410709579757,120859500,AAPL,20.05786225431399,-10.604119553319125,-6.271161030904435,-4.332958522414688,210.0714322415932,221.54582301220864,2025-04-15,0.1723698060481053,1,1,0.76,2025
2025-04-09,198.3644561767578,200.1201531468693,171.47028013366514,171.53013119082922,184395900,AAPL,41.86654747859783,-10.187138905306853,-7.0543566057849185,-3.132782299521934,208.9564821401803,220.6367498029753,2025-04-16,-0.0230324385060229,-1,1,0.76,2025
2025-04-10,189.9550323486328,194.30438674913324,182.553152263757,188.60833789927736,121880000,AAPL,38.27951416338766,-10.415189142807977,-7.72652311318953,-2.688666029618445,207.14682025527105,219.43354519692264,2025-04-17,0.0344502117577845,1,1,0.785,2025
2025-04-11,197.66615295410156,199.05275825525484,185.6056778647687,185.64558871717136,87435900,AAPL,43.09412619102288,-9.860037239071374,-8.1532259383659,-1.7068113007054748,206.24389955992152,218.579921971714,2025-04-21,-0.0251828569915554,-1,1,0.755,2025
2025-04-14,202.02549743652344,212.42005238891585,200.66881763194172,210.9237150406947,101352900,AAPL,45.674167884913736,-8.964970093795955,-8.315574769451912,-0.6493953243440433,205.84214697674076,217.9307288526869,2025-04-22,-0.0137270228429231,0,1,0.76,2025
2025-04-15,201.6464080810547,203.01305790446213,199.3121256140358,201.36709301089155,51343900,AAPL,45.4810576608487,-8.191782505839285,-8.290816316729387,0.0990338108901021,205.44255279619924,217.2921280381131,2025-04-23,0.0121698672102268,0,1,0.765,2025
2025-04-16,193.7956390380859,200.2099310657198,191.9002692932641,197.8756484915953,59732400,AAPL,41.56196121439845,-8.11892728216884,-8.256438509817277,0.1375112276484369,204.33332291447417,216.37069709693557,2025-04-24,0.0725793783927062,1,1,0.755,2025
2025-04-17,196.4990234375,198.34451232255947,193.9452767059697,196.71848747425943,52164700,AAPL,43.371511478137535,-7.753668994927722,-8.155884606839367,0.4022156119116449,203.58719915476237,215.59141577695772,2025-04-25,0.0624428472032403,1,1,0.735,2025
2025-04-21,192.6883544921875,193.3267911609043,189.34652827875263,192.79808650813249,46742500,AAPL,41.424320653863376,-7.683122059023816,-8.061332097276257,0.3782100382524405,202.54921394880284,214.6932565108883,2025-04-28,0.0879063897882994,1,1,0.735,2025
2025-04-22,199.25228881835935,201.097762433896,195.49148998245192,195.64111763020085,52976400,AAPL,45.92758473347319,-7.016674603917039,-7.852400598604413,0.8357259946873743,202.2352210792368,214.08772836608324,2025-04-29,0.0574246921359287,1,1,0.755,2025
2025-04-23,204.1004180908203,207.49210995336895,202.30481024884085,205.4969935115097,52929200,AAPL,49.04362630491482,-6.027821703065371,-7.487484819496605,1.4596631164312344,202.4128588898638,213.69606913960232,2025-04-30,0.0386119090829233,1,1,0.495,2025
2025-04-24,207.8612060546875,208.32008954356945,202.44447210591895,204.38970763388747,47311000,AAPL,51.38405567968026,-4.8843803995475525,-6.966863935506795,2.082483535959242,202.9317490960375,213.4672509794096,2025-05-01,0.023755886631364,1,1,0.415,2025
2025-04-25,208.76898193359375,209.2378355121778,205.69650080604464,205.86608387594285,38222300,AAPL,51.95765117552618,-3.860444203892371,-6.345579989183911,2.48513578529154,203.4876760329476,213.28300513447567,2025-05-02,-0.0187786272709226,0,0,0.63,2025
2025-04-28,209.62689208984375,210.9835719319316,206.95344326011443,209.48723454234343,38743100,AAPL,52.527703994056544,-2.9457840472093437,-5.665620800788997,2.7198367535796537,204.07236327646152,213.13962815233324,2025-05-05,-0.053535756160892,-1,0,0.635,2025
2025-04-29,210.6942901611328,211.72177396764008,207.86121308906752,208.18043904370697,36827600,AAPL,53.27063760775973,-2.110451211674416,-4.9545868829660815,2.8441356712916654,204.70302297976357,213.0437325448352,2025-05-06,-0.0601298038877435,-1,0,0.65,2025
2025-04-30,211.9811248779297,213.0584895980106,206.1653585429303,208.78894157113288,52286500,AAPL,54.20119876499253,-1.329283956149851,-4.229526297602836,2.9002423414529845,205.39617554149365,213.00206165593696,2025-05-07,-0.0764706157577581,-1,0,0.59,2025
2025-05-01,212.79913330078125,214.0360957896086,208.3899124386699,208.56948083895412,57365700,AAPL,54.81715286331249,-0.6368555603273762,-3.510992150147744,2.8741365898203677,206.10121913761628,212.99410368122497,2025-05-08,-0.0742077802358295,-1,0,0.535,2025
2025-05-02,204.8485870361328,206.48458191182937,201.66637387157863,205.58677037884885,101010600,AAPL,48.05265582203036,-0.721328678041516,-2.9530594557264984,2.2317307776849824,205.98192084223692,212.67467165592728,2025-05-09,-0.0332115775119428,-1,1,0.63,2025
2025-05-05,198.40435791015625,203.60164304236295,197.72602561272544,202.6040848015313,69018500,AAPL,43.37996621320659,-1.29336061019697,-2.621119686620593,1.327759076423623,205.26024818203877,212.1150515090343,2025-05-12,0.0612218545358675,1,1,0.68,2025
2025-05-06,198.02528381347656,200.1600578713198,196.538931754607,197.72602851406057,51216500,AAPL,43.11437758421396,-1.7570341532425289,-2.4483025799449805,0.6912684267024516,204.5712039564614,211.5625115994046,2025-05-13,0.0740477670110886,1,1,0.745,2025
2025-05-07,195.7707977294922,198.9530108388585,192.77812311451905,198.6836658614824,68536700,AAPL,41.48753319401818,-2.280133008160277,-2.41466866558804,0.1345356574277629,203.73307003008335,210.94322870254527,2025-05-14,0.0833551116579183,1,1,0.77,2025
2025-05-08,197.00778198242188,199.56152863729463,194.20463054641704,197.2372161152265,50478900,AAPL,42.763669232585265,-2.565307065105287,-2.4447963454914894,-0.1205107196137977,203.0925664064966,210.39674059587375,2025-05-15,0.0720911352106117,1,1,0.755,2025
2025-05-09,198.0452423095703,200.0503289543839,197.05765414160055,198.51409591462888,36453900,AAPL,43.869377195487125,-2.676739396271415,-2.4911849556474746,-0.1855544406239406,202.611868873456,209.91236811405795,2025-05-16,0.0655166736227255,1,1,0.78,2025
2025-05-12,210.5510406494141,211.0305074927824,206.5156271207593,210.7308445260501,63775800,AAPL,55.12351216657938,-1.7359262337926964,-2.340133211276519,0.6042069774838228,203.36798047116628,209.93741409583663,2025-05-19,-0.0095355546145633,0,0,0.595,2025
2025-05-13,212.68861389160156,213.1580823159532,208.7630762803323,210.19144790738707,51909300,AAPL,56.72080910018735,-0.808520605877959,-2.033810690196807,1.225290084318848,204.25565984454107,210.04530428390584,2025-05-20,-0.0285069813593905,-1,0,0.575,2025
2025-05-14,212.08929443359375,213.69746987061376,210.34127831689767,212.18917192393897,49325800,AAPL,56.11770984268076,-0.1205158045222845,-1.651151713061903,1.5306359085396182,205.00172028159372,210.1254607603642,2025-05-21,-0.0482268262620396,-1,0,0.44,2025
2025-05-15,211.21029663085935,212.71859464512332,209.30245815432872,210.71086343228015,45029500,AAPL,55.19082168977154,0.349773212897503,-1.2509667278700216,1.600739940767525,205.5930132672381,210.1680033435209,2025-05-22,-0.047718163676923,-1,1,0.535,2025
2025-05-16,211.0205078125,212.32903558469047,209.53220664773164,212.11926693678467,54737900,AAPL,54.9796688011249,0.6991074010022942,-0.8609519020955585,1.560059303097853,206.10991750964396,210.201434891324,2025-05-23,-0.0756886757525974,-1,0,0.505,2025
2025-05-19,208.54331970214844,209.2425231134968,204.02843943795537,207.67431083672193,46140500,AAPL,52.17387158201251,0.7672247942643082,-0.5353165628235852,1.3025413570878934,206.3416700994063,210.1364107662583,2025-05-27,-0.0410479330099043,-1,0,0.525,2025
2025-05-20,206.62550354003903,208.2336790492342,204.79757620413463,207.4345828831543,42496600,AAPL,50.04453888078926,0.6588616359478863,-0.2964809230692909,0.9553425590171772,206.36870185565704,209.998728129936,2025-05-28,-0.031132210835667,-1,0,0.51,2025
2025-05-21,201.86090087890625,206.80528635778637,200.4824756537251,204.93741112479617,59211800,AAPL,45.11797154554403,0.1863710673081868,-0.1999105249937953,0.3862815923019822,205.93938747691885,209.67959764950345,2025-05-29,-0.0105893376720328,0,1,0.82,2025
2025-05-22,201.13172912597656,202.52015274475195,199.4736073247078,200.4824720941681,46742400,AAPL,44.3976350824556,-0.2441052851908978,-0.2087494770332158,-0.0353558081576819,205.4815152530196,209.34438711916903,2025-05-30,-0.002532741477763,0,1,0.845,2025
2025-05-23,195.04864501953125,197.4758830409797,193.24069928507132,193.4504526925712,78432900,AAPL,38.82819312385603,-1.063851526720697,-0.3797698869707121,-0.6840816397499848,204.4879085641159,208.78376978192836,2025-06-02,0.0329287033702092,1,1,0.76,2025
2025-05-27,199.98304748535156,200.51244545494848,197.20618488735448,198.07520901450675,56288500,AAPL,44.869604191162395,-1.3003516443014291,-0.5638862384368556,-0.7364654058645735,204.0588741756622,208.43864341735673,2025-06-03,0.0152838882751369,0,1,0.725,2025
2025-05-28,200.1927947998047,202.50017366149785,199.67338002302156,200.36260025266836,45339700,AAPL,45.11772643251084,-1.4540929575572932,-0.7419275822609431,-0.71216537529635,203.69067613986624,208.11527680490371,2025-06-04,0.0119749219407103,0,1,0.75,2025
2025-05-29,199.72332763671875,203.57895243464628,198.28495762525483,203.3492174371598,51396800,AAPL,44.63352147307835,-1.595425065481891,-0.9126270789051328,-0.6827979865767579,203.31283342528076,207.78618075909256,2025-06-05,0.003400929691862,0,1,0.72,2025
2025-05-30,200.622314453125,201.73105672211125,196.55692105301176,199.14398126681596,70819900,AAPL,45.83234389119539,-1.616259819208295,-1.0533536269657653,-0.56290619224253,203.05659352317068,207.5052448255252,2025-06-06,0.0152850049102584,0,1,0.725,2025
2025-06-02,201.47134399414065,201.9008644592711,199.89313329888972,200.05295557621693,35423300,AAPL,46.99953453931887,-1.5464355766142432,-1.151970016895461,-0.3944655597187823,202.90561737754877,207.26862126351017,2025-06-09,-0.001239432258987,0,1,0.7,2025
2025-06-03,203.03956604003903,203.5389992121068,200.7321872237246,201.1217444882778,46381600,AAPL,49.1778666040524,-1.3490064418422492,-1.1913773018848186,-0.1576291399574305,202.91837439302404,207.10277596062892,2025-06-10,-0.0029517372879412,0,1,0.585,2025
2025-06-04,202.590087890625,206.0062091045683,201.8709028727957,202.6799822074808,43604000,AAPL,48.56180389104122,-1.214808009802141,-1.196063443468283,-0.0187445663338579,202.88710901184317,206.92580780102097,2025-06-11,-0.0199191922478546,0,1,0.605,2025
2025-06-05,200.4025726318359,204.5178973620389,199.92310578136215,203.26931435006065,55126100,AAPL,45.56981681933467,-1.270325463921381,-1.2109158475589028,-0.0594096163624782,202.65048649946152,206.66999465713133,2025-06-12,-0.007127605619883,0,1,0.735,2025
2025-06-06,203.68882751464844,205.4668084267123,201.82095228760733,202.76987228695745,46607700,AAPL,50.5035306930296,-1.0371940146574443,-1.1761714809786112,0.1389774663211667,202.7493761199555,206.55308614173984,2025-06-13,-0.0366320170026843,-1,1,0.63,2025
2025-06-09,201.2216339111328,205.76647909477697,199.79326227022588,204.15830357568728,72862600,AAPL,47.055055376882066,-1.0395344599344298,-1.148844076769775,0.1093096168353451,202.6038768619724,206.34400958367684,2025-06-16,-0.0150409550550337,0,1,0.715,2025
2025-06-10,202.44024658203125,204.11835001917973,200.34263633745985,200.3726011094186,54672600,AAPL,48.910649156481504,-0.9323103283853698,-1.105537327092894,0.1732269987075241,202.58829302578752,206.19092083851427,2025-06-17,-0.0346869449626008,-1,1,0.64,2025
2025-06-11,198.55465698242188,204.26817387189897,198.18508130061548,203.26930749599725,60989900,AAPL,43.65670680145969,-1.147639762287156,-1.1139578141317463,-0.0336819481554095,202.20413721213365,205.8914595108244,2025-06-18,-0.0110675307193602,0,1,0.705,2025
2025-06-12,198.97418212890625,199.45363372918547,197.13627162659284,198.85432303920933,43904600,AAPL,44.35176160714146,-1.269800249957484,-1.145126301296894,-0.1246739486605901,201.89652244230248,205.6201937311413,2025-06-20,0.0090361390346542,0,1,0.72,2025
2025-06-13,196.227294921875,200.1428492549886,195.47814514596445,199.50357538920457,51447300,AAPL,40.80255189490643,-1.5701642810297756,-1.2301338972434703,-0.3400303837863052,201.3565960117855,205.2518447582289,2025-06-23,0.0257063167887408,1,1,0.77,2025
2025-06-16,198.195068359375,198.46476655376847,196.33717625414863,197.07634287373045,43020700,AAPL,44.244672690858096,-1.630625235932257,-1.3102321649812276,-0.3203930709510294,201.05549814012736,204.9751084288621,2025-06-24,0.0094748505494532,0,1,0.795,2025
2025-06-17,195.418212890625,198.16509536417735,194.98870767431248,196.97644196425617,38856200,AAPL,40.652378107363134,-1.8809278421415172,-1.4243713004132856,-0.4565565417282315,200.51861383065096,204.60032821167633,2025-06-25,0.0302597156788888,1,1,0.715,2025
2025-06-18,196.35714721679688,197.3460303816964,194.84886452825484,195.71787336797544,45394700,AAPL,42.356603925069166,-1.980698053555102,-1.535636651041649,-0.4450614025134529,200.1222836769506,204.27706621187713,2025-06-26,0.0224845051413291,1,1,0.55,2025
2025-06-20,200.7721405029297,201.4713439140944,196.6368343380514,198.01527480684123,96813500,AAPL,49.674576413362146,-1.6841003439049302,-1.5653293896143057,-0.1187709542906247,200.1841748032343,204.1396181448596,2025-06-27,0.0003980147749589,0,0,0.555,2025
2025-06-23,201.2715759277344,202.07067208145295,198.7344620242812,201.40143343464243,55814300,AAPL,50.44105016602116,-1.3926901916999554,-1.5308015500314356,0.1381113583314801,200.28773681509145,204.02714590105072,2025-06-30,0.0182133642201294,0,0,0.57,2025
2025-06-24,200.07293701171875,203.2093768046809,199.9730442780961,202.36033429336192,54064000,AAPL,48.53066979456875,-1.2441242003189643,-1.4734660800889414,0.2293418797699771,200.26727969096072,203.87207888578283,2025-07-01,0.0375436814272138,1,0,0.52,2025
2025-06-25,201.33151245117188,203.43912119943792,200.39257558111612,201.2216365357081,39525700,AAPL,50.64439146705767,-1.0131491099037646,-1.3814026860519062,0.3682535761481416,200.3686351919332,203.77244882952357,2025-07-02,0.0539789344953967,1,1,0.48,2025
2025-06-26,200.7721405029297,202.41028074115465,199.23389299836737,201.20164572639828,50799100,AAPL,49.6680923910439,-0.8652621248524497,-1.278174573812015,0.4129124489595652,200.40706426917097,203.65478967946103,2025-07-03,0.0624378553167273,1,1,0.545,2025
2025-06-27,200.85205078125,202.98962419564972,199.77327327657756,201.66113009938155,73188600,AAPL,49.81692409085504,-0.733161107241358,-1.1691718804978837,0.4360107732565257,200.449443936988,203.54487835011943,2025-07-07,0.0441117705332507,1,1,0.63,2025
2025-06-30,204.9374084472656,207.15489297707504,199.0341046248948,201.7809871041056,91912800,AAPL,56.84303597388903,-0.2954105690064637,-0.9944196181995998,0.6990090491931361,200.87686912844305,203.59948737353696,2025-07-08,0.0235902194199024,1,0,0.59,2025
2025-07-01,207.58441162109375,209.95171998702364,205.90630823197935,206.4357061767528,78788900,AAPL,60.68396722192784,0.2620798274545279,-0.7431197290687743,1.0051995565233025,201.5156826991717,203.75575891265683,2025-07-09,0.0159753729936786,0,-1,0.5,2025
2025-07-02,212.1991729736328,213.09814660534315,207.9040445567577,208.6731759252599,67941800,AAPL,66.31292975699523,1.0640024986455785,-0.3816952835259037,1.4456977821714825,202.53315796340607,204.08687318955785,2025-07-10,-0.0001412270429652,0,-1,0.41,2025
2025-07-03,213.30792236328125,214.4066662563,211.56988934364432,211.90950026104147,34955800,AAPL,67.51628322827473,1.768611351902308,0.0483660435597386,1.7202453083425695,203.5593260014894,204.4484829610764,2025-07-11,-0.0111917952110498,0,0,0.385,2025
2025-07-07,209.7119903564453,215.9848699115094,208.563300132892,212.43889126622693,50229000,AAPL,60.02701352418697,2.01364523522588,0.4414218818929669,1.572223353332913,204.1452940352947,204.65489501579677,2025-07-14,-0.0063348366904508,0,0,0.46,2025
2025-07-08,209.7719268798828,211.1903153368944,208.213697736729,209.8618364392891,42848900,AAPL,60.106446060919254,2.187457086021709,0.7906289227187154,1.3968281633029935,204.68116383001745,204.85556293203544,2025-07-15,-0.0042854712305329,0,0,0.42,2025
2025-07-09,210.9006500244141,211.09043707809712,206.98509558510867,209.2924745188519,48749400,AAPL,61.65190063714464,2.388746768846886,1.1102524919443495,1.2784942769025365,205.27349584853135,205.09262517095223,2025-07-16,-0.0046414358411137,0,-1,0.495,2025
2025-07-10,212.1692047119141,213.237983779078,209.7918979255535,210.27134950514616,44443600,AAPL,63.36942800199865,2.6204254211304487,1.4122870777815697,1.2081383433488793,205.9302300259964,205.37013809412724,2025-07-17,-0.0112517899496149,0,-1,0.59,2025
2025-07-11,210.92062377929688,211.88952536572023,209.6220944658076,210.33129628612951,39765800,AAPL,60.49739969011315,2.672475739022701,1.6643248100297958,1.0081509289929054,206.40550562154883,205.587804199428,2025-07-18,9.469796990413391e-05,0,0,0.435,2025
2025-07-14,208.3834991455078,210.670911689046,207.3047216270235,209.69201166358403,38840100,AAPL,55.03872650774978,2.480408629957708,1.8275415740153784,0.6528670559423295,206.59388595716396,205.69743929535272,2025-07-21,0.0185025270892411,0,0,0.55,2025
2025-07-15,208.8729553222656,211.64980271899068,208.6831682659836,208.9828312368767,42296300,AAPL,55.86605845622354,2.340706873366599,1.9301746338856227,0.4105322394809767,206.81094018241177,205.82196933562383,2025-07-22,0.0252976579657173,1,0,0.43,2025
2025-07-16,209.92176818847656,212.1592191902425,208.40348697906975,210.06160887608695,47490500,AAPL,57.6637789050615,2.2882451915941715,2.0017887454273326,0.2864564461668388,207.10720951632268,205.9827457612259,2025-07-23,0.0189854459040432,0,0,0.525,2025
2025-07-17,209.78192138671875,211.5599023237274,209.35240091776063,210.33130094399476,48068100,AAPL,57.32845931302946,2.209909995859107,2.0434129955136875,0.1664970003454193,207.3619439801699,206.131733040657,2025-07-24,0.0178077704042429,0,0,0.49,2025
2025-07-18,210.9405975341797,211.54990664350103,209.46227954032304,210.63095139102305,48974600,AAPL,59.4333022617304,2.2157821135751306,2.0778868191259763,0.1378952944491542,207.70276812817087,206.32031596197163,2025-07-25,0.0127853301922722,0,0,0.465,2025
2025-07-21,212.23912048339844,215.53538252867688,211.39009321998003,211.8595616297783,51377400,AAPL,61.71264178369222,2.2987175736769245,2.122052970036166,0.1766646036407584,208.1348016858116,206.55242594320407,2025-07-28,0.0073890115126544,0,-1,0.655,2025
2025-07-22,214.15695190429688,214.7063314773177,211.9894136266437,212.89838571641525,46404100,AAPL,64.85362347974487,2.4904886876895773,2.1957401135668486,0.2947485741227287,208.70833980185785,206.85064264756065,2025-07-29,-0.0145988703946351,0,-1,0.675,2025
2025-07-23,213.9072265625,214.90609293027535,212.1692088371252,214.75626907170553,46989300,AAPL,64.11603599679674,2.592433964135182,2.2750788836805156,0.3173550804546665,209.2034718742999,207.12737142853868,2025-07-30,-0.0238150334868814,-1,-1,0.8,2025
2025-07-24,213.5176696777344,215.44548969662856,213.28793468034505,213.65751035981805,46022600,AAPL,62.91399438340193,2.6116864495840844,2.3424003968612297,0.2692860527228546,209.6143478555794,207.3779713598797,2025-07-31,-0.0289576415337451,-1,-1,0.76,2025
2025-07-25,213.63754272460935,214.9960015887686,213.15807589620647,214.45660521718813,40268800,AAPL,63.14298010307695,2.6065700194205874,2.3952343213731013,0.2113356980474861,209.9975092716775,207.62344474673185,2025-08-01,-0.0537684228570204,-1,-1,0.705,2025
2025-07-28,213.8073577880859,214.6064539631857,212.81847455673216,213.78737619229815,37858000,AAPL,63.486922826216,2.586403419433992,2.43346814098528,0.1529352784487123,210.36035198752592,207.86595114051045,2025-08-04,-0.0499882993808413,-1,-1,0.685,2025
2025-07-29,211.0305023193359,214.5664825639156,210.58101550100253,213.93719187335407,51411700,AAPL,54.526379966098176,2.3196131578982317,2.4106971443678704,-0.0910839864696386,210.42417582865068,207.9900511867389,2025-08-05,-0.039522938924136,-1,0,0.51,2025
2025-07-30,208.81301879882812,212.14922883427735,207.4845246907379,211.65977882345743,45512500,AAPL,48.62441967186304,1.907261838444839,2.3100100831832644,-0.4027482447384254,210.2707323020009,208.02232442642867,2025-08-06,0.0200908747461594,1,0,0.635,2025
2025-07-31,207.3347015380859,209.60211724381097,206.92516266487007,208.25365677749065,80698400,AAPL,45.11824351684146,1.444530945270344,2.1369142556006806,-0.6923833103303365,209.9911103244852,207.99535882296425,2025-08-07,0.0600278762989419,1,0,0.675,2025
2025-08-01,202.1505889892578,213.33788973606855,201.27158167093617,210.63095505795985,104434500,AAPL,35.461549573595974,0.6519831652952632,1.8399280375395972,-1.187944872244334,209.2443940068445,207.7661521628189,2025-08-08,0.1332641311713092,1,0,0.675,2025
2025-08-04,203.11949157714844,207.64435521756303,201.4513712516652,204.27816503495924,75109300,AAPL,38.1269836728332,0.1009025393881586,1.4921229379093095,-1.3912203985211509,208.66106996592103,207.58393017906712,2025-08-11,0.1184549100227252,1,1,0.71,2025
2025-08-05,202.68995666503903,205.1072113881769,201.93082373064988,203.1694082424696,44155100,AAPL,37.38975025000504,-0.3662705655151796,1.1204442372244117,-1.4867148027395911,208.0923925086942,207.39200964910523,2025-08-12,0.1330112141471264,1,1,0.825,2025
2025-08-06,213.0082550048828,215.1358452662651,205.3569348951669,205.39689808550256,108483100,AAPL,58.26614069283252,0.0949967619186225,0.915354742163254,-0.8203579802446314,208.5605698892836,207.61225456501808,2025-08-13,0.0954035646445066,1,1,0.6,2025
2025-08-07,219.7805633544922,220.59964108330857,216.33447747046455,218.63187314031333,90224800,AAPL,66.22600605723648,0.995547080396392,0.9313932098098816,0.0641538705865104,209.62914069549393,208.08944314499743,2025-08-14,0.0591473387200187,1,1,0.45,2025
2025-08-08,229.0900115966797,230.73813503605493,219.00145500716468,220.57966572513484,113854000,AAPL,73.66243852127592,2.432395228661477,1.2315936135802006,1.2008016150812764,211.48255697179735,208.912994848985,2025-08-15,0.0109126745587329,0,1,0.645,2025
2025-08-11,227.17999267578125,229.55999755859375,224.7599945068359,227.9199981689453,61806100,AAPL,70.24503500970421,3.378045171889653,1.660883925242091,1.717161246647562,212.9775508483673,209.6293477049378,2025-08-18,0.0163306929900377,0,1,0.51,2025
2025-08-12,229.6499938964844,230.8000030517578,227.07000732421875,228.0099945068359,55626200,AAPL,72.0508097803574,4.277479895194176,2.184203119232508,2.093276775961668,214.56540256723557,210.41447108499847,2025-08-19,0.0039625677609187,0,0,0.595,2025
2025-08-13,233.3300018310547,235.0,230.42999267578125,231.07000732421875,69878500,AAPL,74.53082988813793,5.226980896607074,2.792758674707421,2.434222221899653,216.35250725902787,211.3131193495497,2025-08-20,-0.0313719078848629,-1,0,0.725,2025
2025-08-14,232.77999877929688,235.1199951171875,230.8500061035156,234.05999755859375,51916300,AAPL,73.48137380943444,5.867450316415898,3.4076970030491167,2.459753313366781,217.91703026095823,212.15495775855945,2025-08-21,-0.0338517266265805,-1,0,0.855,2025
2025-08-15,231.58999633789065,234.27999877929688,229.33999633789065,234.0,56038700,AAPL,71.14709400330572,6.2074480965366945,3.967647221746633,2.239800874790062,219.21921750638035,212.91711613421947,2025-08-22,-0.0165378552252606,0,0,0.86,2025
2025-08-18,230.88999938964844,233.1199951171875,230.11000061035156,231.6999969482422,37476200,AAPL,69.7435923247567,6.347247762053172,4.443567329807941,1.9036804322452312,220.3307205428821,213.62193508541276,2025-08-25,-0.016154860485076,0,0,0.885,2025
2025-08-19,230.55999755859375,232.8699951171875,229.3500061035156,231.27999877929688,39402600,AAPL,69.05202088463409,6.358119174301862,4.826477698706725,1.531641475595137,221.3049374015213,214.28617282945908,2025-08-26,-0.0054215822919686,0,0,0.91,2025
2025-08-20,226.0099945068359,230.47000122070312,225.77000427246097,229.97999572753903,42263900,AAPL,60.189922936034485,5.93121625755532,5.047425410476444,0.8837908470788758,221.7530380782179,214.7459305422974,2025-08-27,0.019822180855779,0,0,0.62,2025
2025-08-21,224.8999938964844,226.52000427246097,223.77999877929688,226.27000427246097,30621200,AAPL,58.2266609766909,5.440608895089866,5.126062107399129,0.3145467876907375,222.05274815614808,215.1441291052067,2025-08-28,0.0340595992440759,1,0,0.455,2025
2025-08-22,227.7599945068359,229.08999633789065,225.41000366210935,226.1699981689453,42477800,AAPL,61.69365264827924,5.2223768632707674,5.145325058573457,0.0770518046973105,222.59629542764216,215.63886892487844,2025-08-29,0.0192307911329925,0,-1,0.48,2025
2025-08-25,227.16000366210935,229.3000030517578,226.22999572753903,226.47999572753903,30983100,AAPL,60.558146825889246,4.944020567385621,5.10506416033589,-0.1610435929502687,223.0309343071152,216.09067813026005,2025-09-02,0.0112695787873011,0,-1,0.48,2025
2025-08-26,229.30999755859375,229.4900054931641,224.69000244140625,226.8699951171875,54575100,AAPL,63.17381640996792,4.8411025202734095,5.052271832323394,-0.2111693120499849,223.62894033106556,216.60908281372411,2025-09-03,0.0399459411261333,1,-1,0.455,2025
2025-08-27,230.4900054931641,230.8999938964844,228.2599945068359,228.61000061035156,31259500,AAPL,64.56286228925254,4.799431150276291,5.0017036959139745,-0.2022725456376832,224.28237510840827,217.15343272272176,2025-09-04,0.0403054061552718,1,-1,0.44,2025
2025-08-28,232.55999755859375,233.41000366210935,229.33999633789065,230.82000732421875,38074700,AAPL,66.92004487908412,4.8772158411074145,4.976806124952662,-0.0995902838452478,225.07072010366403,217.7576117358932,2025-09-05,0.0306587760477425,1,0,0.47,2025
2025-08-29,232.13999938964844,233.3800048828125,231.3699951171875,232.5099945068359,39418400,AAPL,65.96133451631628,4.849073327955438,4.951259565553218,-0.1021862375977802,225.7439847975673,218.3216269380013,2025-09-08,0.0247264818999566,1,0,0.41,2025
2025-09-02,229.72000122070312,230.8500061035156,226.97000122070312,229.25,44075600,AAPL,60.57632535158345,4.57871596852786,4.876750846148147,-0.298034877620287,226.12265302834217,218.7686220079112,2025-09-09,0.0201549924177661,1,-1,0.51,2025
2025-09-03,238.47000122070312,238.8500061035156,234.36000061035156,237.2100067138672,66427800,AAPL,70.08572656511556,5.01272412318113,4.903945501554744,0.1087786216263859,227.29859095142413,219.54122511429517,2025-09-10,-0.0489789402221728,-1,0,0.53,2025
2025-09-04,239.77999877929688,239.8999938964844,236.7400054931641,238.4499969482422,47549400,AAPL,71.2055560099295,5.400135170695535,5.003183435382902,0.3969517353126326,228.48729645884055,220.3349025129227,2025-09-11,-0.0406622739579471,-1,0,0.525,2025
2025-09-05,239.69000244140625,241.32000732421875,238.4900054931641,240.0,54870400,AAPL,71.00889186257055,5.634943147683401,5.129535377843002,0.5054077698403994,229.55422083813255,221.0939260395299,2025-09-12,-0.0234469317032167,-1,0,0.565,2025
2025-09-08,237.8800048828125,240.1499938964844,236.33999633789065,239.3000030517578,48999500,AAPL,67.00087429626996,5.6103063654620655,5.225689575366815,0.3846167900952508,230.3471526519116,221.75220364122725,2025-09-15,-0.0049605175313142,0,0,0.49,2025
2025-09-09,234.3500061035156,238.77999877929688,233.36000061035156,237.0,66313900,AAPL,59.899808094156775,5.245473583715523,5.229646377036556,0.0158272066789662,230.7283767901596,222.2462351103366,2025-09-16,0.0162150104288465,0,-1,0.47,2025
2025-09-10,226.7899932861328,232.4199981689453,225.9499969482422,232.19000244140625,83440800,AAPL,48.133870581364675,4.296780511915301,5.043073204012305,-0.7462926920970041,230.35329264691893,222.42442170546587,2025-09-17,0.0537943144239125,1,0,0.75,2025
2025-09-11,230.02999877929688,230.4499969482422,226.6499938964844,226.8800048828125,50208600,AAPL,52.44512860993665,3.762998281191273,4.787058219448099,-1.0240599382568265,230.32250275476449,222.72267962992984,2025-09-18,0.0341260102820213,1,0,0.51,2025
2025-09-12,234.07000732421875,234.5099945068359,229.02000427246097,229.22000122070312,55824200,AAPL,57.22020275200631,3.62418954239908,4.554484484038295,-0.9302949416392154,230.67940795185535,223.16767287284313,2025-09-19,0.0488315132999896,1,-1,0.45,2025
2025-09-15,236.6999969482422,238.19000244140625,235.02999877929688,237.0,42699500,AAPL,60.033633376509414,3.683934693781453,4.380374525986927,-0.6964398322054741,231.25279738008268,223.69835224834895,2025-09-22,0.0818757493615902,1,0,0.46,2025
2025-09-16,238.1499938964844,241.22000122070312,236.32000732421875,237.17999267578125,63421100,AAPL,61.53557971474415,3.804430683541568,4.265185757497855,-0.4607550739562871,231.9096732387876,224.26508329337392,2025-09-23,0.0683602737624811,1,0,0.42,2025
2025-09-17,238.9900054931641,240.1000061035156,237.72999572753903,238.97000122070312,46508000,AAPL,62.416744279946826,3.922490510199395,4.1966467080381635,-0.2741561978387681,232.5839905963473,224.84253122277747,2025-09-24,0.0557345150812622,1,0,0.41,2025
2025-09-18,237.8800048828125,241.1999969482422,236.6499938964844,239.97000122070312,44249600,AAPL,60.446185685569446,3.881739721596148,4.133665310749761,-0.2519255891536129,233.08837290934397,225.3538046996416,2025-09-25,0.0798301237791301,1,1,0.35,2025
2025-09-19,245.5,246.3000030517578,240.2100067138672,241.22999572753903,163741300,AAPL,67.9311227852179,4.41343897381546,4.1896200433629005,0.223818930452559,234.2704326322636,226.14385157416544,2025-09-26,0.040570292113512,1,0,0.59,2025
2025-09-22,256.0799865722656,256.6400146484375,248.1199951171875,248.3000030517578,105517400,AAPL,75.00386403152355,5.623704394010559,4.476436913492432,1.1472674805181269,236.34753300750188,227.3178176525223,2025-09-29,-0.0064432754725202,0,0,0.805,2025
2025-09-23,254.42999267578125,257.3399963378906,253.5800018310547,255.8800048828125,60275200,AAPL,72.32485908326998,6.376206798215833,4.856390890437113,1.51981590777872,238.06967202352848,228.38104020245405,2025-09-30,0.0007861188255666,0,0,0.88,2025
2025-09-24,252.30999755859375,255.7400054931641,251.0399932861328,255.22000122070312,42303700,AAPL,68.91870572902916,6.723994463977505,5.229911605145191,1.4940828588323134,239.42589350305852,229.31943068700855,2025-10-01,0.0124450058262921,0,0,0.745,2025
2025-09-25,256.8699951171875,257.1700134277344,251.7100067138672,253.2100067138672,55202100,AAPL,71.97589791091055,7.283611449359768,5.640651573988107,1.6429598753716608,241.08723651392793,230.39984497838813,2025-10-02,0.0010122231890352,0,-1,0.69,2025
2025-09-26,255.4600067138672,257.6000061035156,253.77999877929688,254.1000061035156,46076300,AAPL,69.69319377270376,7.526575978960068,6.0178364549825,1.5087395239775685,242.456071771065,231.38259641899515,2025-10-03,0.0100210687877733,0,-1,0.7,2025
2025-09-29,254.42999267578125,255.0,253.0099945068359,254.55999755859375,40127700,AAPL,67.9966604109384,7.548993496503783,6.324067863286757,1.2249256332170262,243.5964451905618,232.2864158800456,2025-10-06,0.008882638960356,0,-1,0.72,2025
2025-09-30,254.6300048828125,255.9199981689453,253.11000061035156,254.86000061035156,37704300,AAPL,68.15875188133684,7.496484052445027,6.558551101118411,0.9379329513266156,244.6472603993476,233.16263505662468,2025-10-07,0.0072654678083481,0,-1,0.715,2025
2025-10-01,255.4499969482422,258.7900085449219,254.92999267578125,255.0399932861328,48713900,AAPL,68.85519916890773,7.435326629385486,6.7339062067718265,0.7014204226136593,245.67609245162328,234.0366492484528,2025-10-08,0.0102172661637587,0,-1,0.67,2025
2025-10-02,257.1300048828125,258.17999267578125,254.1499938964844,256.5799865722656,42630200,AAPL,70.28904086844761,7.436695929411258,6.874464151299713,0.5622317781115447,246.7669412545937,234.94227103803556,2025-10-09,-0.0120173124022922,0,-1,0.655,2025
2025-10-03,258.0199890136719,259.239990234375,253.9499969482422,254.6699981689453,49155600,AAPL,71.04941717079,7.424015956344306,6.984374512308632,0.4396414440356739,247.8386600887916,235.84727958609977,2025-10-10,-0.0494147170145617,-1,-1,0.64,2025
2025-10-06,256.69000244140625,259.07000732421875,255.0500030517578,257.989990234375,44664100,AAPL,68.23885429961108,7.223381539130003,7.032175917672906,0.1912056214570965,248.68164507475493,236.6646412667,2025-10-13,-0.0351786150353016,-1,-1,0.63,2025
2025-10-07,256.4800109863281,257.3999938964844,255.42999267578125,256.80999755859375,31955800,AAPL,67.78293059104428,6.967120138467209,7.019164761831767,-0.0520446233645586,249.42434659014285,237.4417145890384,2025-10-14,-0.0339597876667725,-1,-1,0.54,2025
2025-10-08,258.05999755859375,258.5199890136719,256.1099853515625,256.5199890136719,36496900,AAPL,69.43750286435662,6.812986971194562,6.977929203704327,-0.1649422325097651,250.2467895395191,238.2502747054915,2025-10-15,-0.0337905963853355,-1,0,0.485,2025
2025-10-09,254.0399932861328,258.0,253.13999938964844,257.80999755859375,38322000,AAPL,60.87161584653613,6.293902388534548,6.841123840670371,-0.5472214521358234,250.6080470391966,238.86947935571277,2025-10-16,-0.0259407829950149,-1,-1,0.42,2025
2025-10-10,245.27000427246097,256.3800048828125,244.0,254.94000244140625,61999100,AAPL,47.19371060283312,5.115886541900778,6.496076380916453,-1.3801898390156744,250.0996620137932,239.12048033284017,2025-10-17,0.0286214738508083,1,-1,0.49,2025
2025-10-13,247.66000366210935,249.69000244140625,245.55999755859375,249.3800048828125,38142900,AAPL,50.46063172406885,4.325294174146535,6.061919939562469,-1.7366257654159345,249.8673135993471,239.45536360065464,2025-10-20,0.0588709777787033,1,0,0.535,2025
2025-10-14,247.77000427246097,248.8500061035156,244.6999969482422,246.6000061035156,35478000,AAPL,50.61207700591221,3.665368075174598,5.582609566684895,-1.917241491510297,249.66756985392945,239.78142794072548,2025-10-21,0.0605399543227846,1,0,0.575,2025
2025-10-15,249.33999633789065,251.82000732421875,247.47000122070312,249.4900054931641,33893600,AAPL,52.82859441591451,3.231802913676148,5.1124482360831465,-1.8806453224069983,249.63637237621143,240.15627376022215,2025-10-22,0.0365365204256893,1,0,0.515,2025
2025-10-16,247.4499969482422,249.0399932861328,245.1300048828125,248.25,39777000,AAPL,49.923853675568886,2.7045162641692286,4.630861841700363,-1.9263455775311344,249.4281461449763,240.44230212053665,2025-10-23,0.0490199627141665,1,0,0.38,2025
2025-10-17,252.2899932861328,253.3800048828125,247.27000427246097,248.02000427246097,49147000,AAPL,56.51743711456731,2.6466758191260737,4.234024637185505,-1.5873488180594313,249.70070301556265,240.90691746036396,2025-10-24,0.0417377395786895,1,0,0.54,2025
2025-10-20,262.239990234375,264.3800048828125,255.6300048828125,255.88999938964844,90483000,AAPL,66.33199231692828,3.3649296336201076,4.060205636472426,-0.6952760028523182,250.8949208459257,241.74350854954088,2025-10-27,0.0250534150735242,1,0,0.68,2025
2025-10-21,262.7699890136719,265.2900085449219,261.8299865722656,261.8800048828125,46695900,AAPL,66.76234299866113,3.9315964321149863,4.034483795600938,-0.1028873634859515,252.0258797190444,242.56807641087937,2025-10-28,0.0237089897887996,1,1,0.465,2025
2025-10-22,258.45001220703125,262.8500061035156,255.42999267578125,262.6499938964844,45015300,AAPL,60.027233857649634,3.986148093857679,4.024816655252287,-0.0386685613946076,252.6377018607574,243.19089742249315,2025-10-29,0.0398529205126054,1,1,0.4,2025
2025-10-23,259.5799865722656,260.6199951171875,258.010009765625,259.94000244140625,32754900,AAPL,61.13176940671577,4.07360221588155,4.03457376737814,0.0390284485034104,253.298871833282,243.8336068009156,,,0,1,0.455,2025
2025-10-24,262.82000732421875,264.1300048828125,259.17999267578125,261.19000244140625,38253700,AAPL,64.18749323427107,4.354160779265385,4.098491169755589,0.2556696095097956,254.20564664194265,244.57817152731968,,,0,1,0.605,2025
2025-10-27,268.80999755859375,269.1199951171875,264.6499938964844,264.8800048828125,44888200,AAPL,69.03437268749173,5.002185532473305,4.279230042299132,0.722955490174173,255.59653720543324,245.52843921482065,,,0,1,0.67,2025
2025-10-28,269.0,269.8900146484375,268.1499938964844,268.989990234375,41461500,AAPL,69.17687500098532,5.468049160284323,4.516993865896171,0.9510552943881524,256.87305747158246,246.4488925789453,,,0,0,0.545,2025
2025-10-29,268.75,271.4100036621094,267.1099853515625,269.2749938964844,32991562,AAPL,68.72870200499571,5.750785060588868,4.763752104834711,0.9870329557541568,258.0041948552413,247.32344581114353,,,0,0,0.665,2025
2025-01-02,416.2925109863281,423.74159992080814,412.5829142901712,423.2045424399656,16896500,MSFT,36.111697634827976,-1.125591196638311,2.364585833305894,-3.490177029944205,430.69317159940493,427.671650524382,2025-01-10,0.0008840213669407,0,0,0.615,2025
2025-01-03,421.0364685058594,421.712745134401,417.2472919522773,418.7788542550091,16662900,MSFT,41.60983357610281,-1.6979491150665922,1.5520788436313968,-3.2500279586979888,429.77348559049585,427.41144730796935,2025-01-13,-0.0145506226460101,0,0,0.605,2025
2025-01-06,425.5118713378906,431.9465149926899,423.15482788109534,425.66104554069966,20573600,MSFT,46.30453281630559,-1.770015644441628,0.8876599460167919,-2.6576755904584197,429.36761756643824,427.33695413267213,2025-01-14,-0.0284679104246931,-1,0,0.555,2025
2025-01-07,420.0617980957031,428.2965477599085,418.50037065706186,426.655570865203,18139100,MSFT,41.88771375226605,-2.2410705839903926,0.261913840015355,-2.5029844240057475,428.48134904541587,427.05165389592827,2025-01-15,0.0093282870497004,0,0,0.445,2025
2025-01-08,422.23980712890625,424.6366402910522,419.2363221421035,421.14581248112984,15054600,MSFT,44.17923509462906,-2.41084714555808,-0.272638357099332,-2.1382087884587477,427.8869164819388,426.86295402271173,2025-01-16,4.712360275260785e-05,0,0,0.455,2025
2025-01-10,416.6605224609375,422.3890244132644,412.7519761682606,422.3094749538564,20201100,MSFT,39.84481242797472,-2.9614600702076928,-0.8104026997210041,-2.1510573704866887,426.8177360989863,426.462858667348,2025-01-17,0.0240600471745238,1,0,0.575,2025
2025-01-13,414.9101257324219,416.21296436365594,410.0369095197108,412.97077003054903,17604800,MSFT,38.566417552483074,-3.498735917490478,-1.3480693432748991,-2.1506665742155793,425.6836779688373,426.0098103169588,2025-01-21,0.0271099661475715,1,0,0.63,2025
2025-01-14,413.3984375,417.4461724776856,408.4754763868852,415.5267269300622,16935900,MSFT,37.448929059749936,-4.000397412762879,-1.8785349571724952,-2.121862455590384,424.51365506704326,425.5152466770781,2025-01-22,0.0734476873287348,1,0,0.76,2025
2025-01-15,423.9802551269531,425.8101960648602,415.984184442192,416.83950040874134,19637800,MSFT,48.662653958590944,-3.5037148714357613,-2.2035709400251484,-1.300143931410613,424.46285507274894,425.4550509300144,2025-01-23,0.0478524953420738,1,0,0.695,2025
2025-01-16,422.25970458984375,427.1428756329152,422.07077084126166,426.3572147468436,15300000,MSFT,47.18157098387825,-3.211899648325641,-2.4052366816852473,-0.8066629666403937,424.25303121723414,425.3297432303999,2025-01-24,0.0458806877929458,1,0,0.53,2025
2025-01-17,426.6853942871094,432.1056227420966,425.8301086663914,431.717739483304,26197500,MSFT,51.288466126560955,-2.593620171197358,-2.4429133795876696,-0.1507067916096884,424.4846848429366,425.3829060169376,2025-01-27,0.0128896300838234,0,0,0.685,2025
2025-01-21,426.1583251953125,428.54520356031776,423.2741792396476,427.8490471438773,26085700,MSFT,50.78204756566337,-2.1217016460556124,-2.3786710328812584,0.2569693868256459,424.6440791622104,425.413314612168,2025-01-28,0.0436406089904897,1,0,0.6,2025
2025-01-22,443.7615966796875,444.8257262250376,433.6173259954359,435.168798403502,27803800,MSFT,63.680558725466085,-0.3235363965949318,-1.9676441056239933,1.6441077090290614,426.46479511625586,426.13285508540406,2025-01-29,-0.0086732988657041,0,0,0.58,2025
2025-01-23,444.2687683105469,444.3085582129765,439.08724891108926,439.58451646364995,18389300,MSFT,63.973502540036435,1.1294276913028511,-1.3482297462386246,2.4776574375414757,428.16041161095023,426.844067368743,2025-01-30,-0.0710079868529576,-1,0,0.615,2025
2025-01-24,441.6332702636719,444.20911262497947,438.9878031586199,442.727264983927,15549500,MSFT,61.21060807345379,2.0446797371552066,-0.6696478495598583,2.714327586715065,429.4435410064475,427.42403610972065,2025-01-31,-0.0653064978541525,-1,0,0.595,2025
2025-01-27,432.1852111816406,432.82172827375285,421.18565437157145,421.69287703242304,35647800,MSFT,52.463128486485665,1.984765034488248,-0.138765272750237,2.123530307238485,429.704652451704,427.61074885763907,2025-02-03,-0.0543998327901484,-1,0,0.615,2025
2025-01-28,444.7561340332031,445.9296782334323,429.02258057650255,432.2249849937885,23491700,MSFT,60.54276983555133,2.918013571446636,0.4725904960891375,2.4454230753574984,431.1381268880373,428.28311690373965,2025-02-04,-0.0778846570163147,-1,0,0.75,2025
2025-01-29,439.9127197265625,444.4378728714111,437.9932741704639,444.2489087647689,23581400,MSFT,56.55438622941634,3.2295682517652153,1.0239860472243532,2.205582204540862,431.9738023964683,428.7391797595366,2025-02-05,-0.0656522414752349,-1,0,0.635,2025
2025-01-30,412.7221374511719,420.5491243253889,410.9021514578089,416.4814791520961,54586300,MSFT,40.445741345012024,1.2678103041002942,1.072750898599541,0.1950594055007528,430.14031049691624,428.1110604533263,2025-02-06,0.0019999883171342,0,0,0.495,2025
2025-01-31,412.791748046875,418.39098567699745,412.64257384774635,416.69033910532374,34161900,MSFT,40.49247246031119,-0.2780745396163979,0.8025858109563535,-1.0806603505727514,428.4880664540552,427.51030310405366,2025-02-07,-0.0127933161619238,0,0,0.49,2025
2025-02-03,408.6744079589844,413.1398611878705,406.4267487485119,409.350684594608,25679100,MSFT,38.564896221431965,-1.8145177200282203,0.2791651047594387,-2.0936828247876593,426.60105135928654,426.7716405493451,2025-02-10,0.0031635873744151,0,0,0.48,2025
2025-02-04,410.116455078125,411.65800277159144,407.5008227766752,410.43471361041793,20532100,MSFT,39.64850544257019,-2.882570382128563,-0.3531819926181616,-2.5293883895104012,425.03108980869973,426.1184960210619,2025-02-11,-0.0022552039275238,0,0,0.415,2025
2025-02-05,411.0314636230469,411.5684907814938,408.1572423104593,410.0965981017129,16316700,MSFT,40.367244679223695,-3.6135218387988175,-1.005249961854293,-2.6082718769445243,423.6977920767328,425.5268476917281,2025-02-12,-0.0102834138373926,0,0,0.58,2025
2025-02-06,413.5475769042969,415.9145752087822,411.737515806655,411.737515806655,16309800,MSFT,42.39869122704159,-3.944309278554158,-1.593061825194266,-2.3512474533598917,422.7311049174532,425.0570723667308,2025-02-13,-0.0126977630716618,0,0,0.65,2025
2025-02-07,407.5107727050781,416.36212936115334,405.86979579790295,414.2040051086223,22886800,MSFT,38.96866359605852,-4.640092259741095,-2.202467912103632,-2.4376243476374633,421.2815494686555,424.3689821839209,2025-02-14,-0.0032215226288786,0,-1,0.49,2025
2025-02-10,409.96728515625,413.1895693646485,408.6744015876666,411.44913283343,20817900,MSFT,41.05827055283622,-4.936381724569117,-2.749250674596729,-2.1871310499723875,420.2040004865217,423.8042097514632,2025-02-18,-0.0062587614770137,0,-1,0.46,2025
2025-02-11,409.1915588378906,410.23580864154656,407.0632389741584,407.40140764567894,18140600,MSFT,40.58570822811784,-5.174143584522085,-3.2342292565818003,-1.9399143279402848,419.1551965199854,423.2311646175976,2025-02-19,0.0080934406064741,0,1,0.375,2025
2025-02-12,406.8046569824219,408.5053035519359,402.1601645834243,404.98464070295296,19121700,MSFT,39.09467683011184,-5.49186776999818,-3.685756959265076,-1.8061108107331036,417.978954659265,422.5869878475907,2025-02-20,0.0193731890241501,0,1,0.425,2025
2025-02-13,408.29644775390625,408.7539254008991,404.1392679764064,404.775785007703,23891700,MSFT,40.56434322432487,-5.559208335024891,-4.0604472344170395,-1.4987611006078518,417.056811144469,422.0265745105835,2025-02-21,-0.0036817240795278,0,-1,0.365,2025
2025-02-14,406.1979675292969,406.6753553081934,403.6619151401408,405.5614808415711,22758500,MSFT,39.13381208760655,-5.7160153673078185,-4.391560860995195,-1.3244545063126232,416.0226355620717,421.4058448250428,2025-02-24,-0.0088629891373557,0,-1,0.345,2025
2025-02-18,407.4013977050781,408.3561429609082,404.2785427328027,405.7703454735141,21423100,MSFT,40.431207513794,-5.677729975531975,-4.648794683902551,-1.0289352916294234,415.20156528997705,420.8566508203384,2025-02-25,-0.0267117032862614,-1,0,0.46,2025
2025-02-19,412.5033264160156,413.21939292620334,405.4222411212721,405.65099512827777,24114200,MSFT,45.71420755559294,-5.176039358589719,-4.754243618839985,-0.4217957397497338,414.9445901591236,420.5290694711492,2025-02-26,-0.0343285584004449,-1,0,0.48,2025
2025-02-20,414.6857604980469,417.8547165109783,411.1082238049584,413.8486794990648,23508700,MSFT,47.8450379540635,-4.549893400212625,-4.713373575114513,0.1634801749018883,414.9199397152115,420.299920099655,2025-02-27,-0.056713129993083,-1,0,0.495,2025
2025-02-21,406.793212890625,416.59905745325864,406.4743466307379,415.8915301727366,27524800,MSFT,41.500794106190455,-4.637077505207742,-4.698114361133159,0.0610368559254173,414.1459657319176,419.7702453071441,2025-02-28,-0.0274858587525694,-1,0,0.515,2025
2025-02-24,402.5978393554687,407.9491968592537,397.93408950529806,407.09219625426255,26443700,MSFT,38.57284988868141,-4.987213624402045,-4.7559342137869365,-0.2312794106151088,413.04614417225577,419.09681762276466,2025-03-03,-0.0383911070723995,-1,1,0.67,2025
2025-02-25,396.5190124511719,400.5250798023072,395.3231955078189,399.7079184567694,29387400,MSFT,34.747558583576705,-5.689623116143139,-4.942671994258177,-0.7469511218849618,411.47213162739064,418.2114134983885,2025-03-04,-0.0233476370406372,-1,1,0.56,2025
2025-02-26,398.3426818847656,402.19924554396545,392.88169018272754,396.6286502127144,19619000,MSFT,36.77334664051945,-6.029627029600704,-5.160063001326683,-0.8695640282740209,410.22170784237875,417.4322475527562,2025-03-05,0.0032271006894792,0,1,0.495,2025
2025-02-27,391.1676330566406,404.33177619538384,390.80889711711075,399.8772891429283,21127400,MSFT,32.49847004637347,-6.79966673122442,-5.487983747306231,-1.311682983918189,408.4070340532608,416.4022626705556,2025-03-06,0.0111075388165862,0,1,0.39,2025
2025-02-28,395.6121520996094,396.24994544118493,385.2283339547379,391.29719366600983,32845700,MSFT,37.35640497956267,-6.9709365825592045,-5.784574314356826,-1.1863622682023784,407.1884738671987,415.58696421679304,2025-03-07,-0.0092696996062535,0,-1,0.535,2025
2025-03-03,387.14166259765625,397.4358274187669,384.8197626823639,397.4358274187669,23007700,MSFT,32.54867747297436,-7.701390055042111,-6.167937462493883,-1.533452592548228,405.2792537462899,414.4714621925132,2025-03-10,-0.0214419868171312,-1,0,0.49,2025
2025-03-04,387.26123046875,391.2174529428098,379.67765721488945,382.0693214142259,29342900,MSFT,32.6803839313894,-8.176379355104814,-6.56962584101607,-1.6067535140887437,403.5632515293814,413.4043942817774,2025-03-11,-0.0209977701734057,-1,0,0.515,2025
2025-03-05,399.628173828125,400.2759422103805,387.4605594414927,387.9887187604894,23433100,MSFT,44.7064511164046,-7.468807064604334,-6.7494620857337235,-0.7193449788706108,403.1884822244998,412.8641503424185,2025-03-12,-0.0442621070489719,-1,-1,0.34,2025
2025-03-06,395.5125427246094,400.7542663515353,391.3171323240562,392.91158534383527,23304600,MSFT,42.01640550686352,-7.157639152217996,-6.831097499030578,-0.3265416531874177,402.4574403673674,412.18369514172014,2025-03-13,-0.045655086686849,-1,1,0.415,2025
2025-03-07,391.9449462890625,393.42976525122566,384.2019243838628,390.9583919892802,22034100,MSFT,39.78181473014429,-7.116872678372374,-6.888252534898938,-0.228620143473436,401.4562504551479,411.3900187161257,2025-03-14,-0.0120770035501911,0,1,0.385,2025
2025-03-10,378.840576171875,385.05890917094194,375.9107776446238,384.50085520495696,32840100,MSFT,32.8672139528377,-8.049192029541132,-7.120440433827377,-0.9287515957137548,399.3023767138838,410.1135699889002,2025-03-17,0.0224642673246844,1,0,0.655,2025
2025-03-11,379.1296081542969,384.6603339518935,375.6018856955347,377.6846284139058,30380200,MSFT,33.14323507207472,-8.664856297191875,-7.429323606500277,-1.2355326906915982,397.3811606605898,408.89851266205307,2025-03-18,0.0080693412122798,0,0,0.7,2025
2025-03-12,381.9397888183594,383.883033194115,377.634805186652,381.62092254273574,24253600,MSFT,35.902672720086414,-8.824295584432491,-7.70831800208672,-1.1159775823457707,395.9105538184726,407.8413078054376,2025-03-19,0.011871531424118,0,0,0.645,2025
2025-03-13,377.4553833007813,383.9826683121219,376.139987768004,381.8301614244045,20473000,MSFT,33.524758389574075,-9.20638098655678,-8.007930598980733,-1.198450387576047,394.1529185310734,406.64970292290207,2025-03-20,0.0213058895458106,1,0,0.68,2025
2025-03-14,387.21142578125,388.8756431080204,378.19284770158055,378.46189966674945,19952800,MSFT,42.45441789700536,-8.6225598246902,-8.130856444122626,-0.4917033805675732,393.4918239834712,405.8874175447981,2025-03-21,0.0069487704427062,0,0,0.47,2025
2025-03-17,387.3509521484375,391.3470139725856,384.2318105649253,385.35789354291256,22474300,MSFT,42.573228899526825,-8.055756983968422,-8.115836552091785,0.0600795681233634,392.9069790468013,405.1604973331761,2025-03-24,0.0112682738666807,0,0,0.44,2025
2025-03-18,382.1889343261719,386.02557849597406,379.7773502731509,385.72663184862864,19486900,MSFT,39.33731276134648,-7.931662083367485,-8.079001658346925,0.1473395749794406,391.88621288293183,404.25965172505835,2025-03-25,0.0303504584596385,1,0,0.605,2025
2025-03-19,386.4739990234375,388.3275289171194,382.66724981244226,384.1919384194473,19185500,MSFT,43.197019926448846,-7.402218899543698,-7.94364510658628,0.5414262070425826,391.3707639439324,403.5621751485242,2025-03-26,0.0055438337710578,0,0,0.56,2025
2025-03-20,385.4974060058594,390.4302384005767,381.9497639905121,384.40121765018193,18470500,MSFT,42.53282153432188,-6.980962071459544,-7.751108499560933,0.7701464281013894,390.8113965212587,402.853752829204,2025-03-27,0.0096680021396489,0,0,0.46,2025
2025-03-21,389.9020690917969,390.38038369901005,381.47140919973,381.8899648927027,39675900,MSFT,46.5264427623094,-6.2199932896497785,-7.444885457578703,1.2248921679289246,390.72479390892903,402.3458436630313,2025-03-28,-0.0318458904139073,-1,0,0.54,2025
2025-03-24,391.7157287597656,394.02768406346627,388.45708885622673,394.02768406346627,21004500,MSFT,48.12501678308197,-5.4082301589962185,-7.037554397862206,1.629324238865988,390.81916865662777,401.9289764119228,2025-03-31,-0.0450034789577009,-1,0,0.63,2025
2025-03-25,393.7885437011719,394.98436068056907,391.2773006739415,392.552857032296,15775000,MSFT,49.96599381990866,-4.545248392827887,-6.539093196855343,1.9938448040274563,391.1019662799177,401.6097437565992,2025-04-01,-0.0328222304007784,-1,0,0.695,2025
2025-03-26,388.6165466308594,393.93800963918454,387.2214116418782,393.6290879777552,16108400,MSFT,45.61598733245839,-4.229906337845364,-6.0772558250533475,1.8473494872079836,390.865259646674,401.10020661441337,2025-04-02,-0.0200784706554096,-1,0,0.535,2025
2025-03-27,389.2243957519531,390.87863801869304,386.05543991632794,388.7759758195498,13766800,MSFT,46.20870730574428,-3.886150024847666,-5.639034665012211,1.7528846401645453,390.7089868947958,400.6344885413758,2025-04-03,-0.0447283443252192,-1,0,0.565,2025
2025-03-28,377.48529052734375,387.77945533191945,375.6217855831935,386.7330813092454,21632000,MSFT,37.66990875310493,-4.508991506657594,-5.413026033341288,0.9040345266836942,389.4495872407527,399.726676854551,2025-04-04,-0.0500527994885459,-1,0,0.43,2025
2025-03-31,374.087158203125,375.761320171641,365.96541986866765,371.2470435423123,35184700,MSFT,35.618114323634316,-5.216664288849131,-5.373753684442857,0.1570893955937258,387.9864987609787,398.7212055348872,2025-04-07,-0.046698147378286,-1,0,0.42,2025
2025-04-01,380.863525390625,381.52123836039385,371.93463161723514,373.3496861547736,19689500,MSFT,42.3603223649427,-5.171094706790143,-5.333221888912314,0.1621271821221714,387.3081203447545,398.02090435275926,2025-04-08,-0.07229384359273,-1,1,0.48,2025
2025-04-02,380.813720703125,383.74348886180815,375.3128595122782,376.6581801475031,16092600,MSFT,42.3252394353197,-5.080435212079635,-5.282664553545779,0.2022293414661433,386.6896060931708,397.34611283708733,2025-04-09,0.0218506160674387,1,1,0.455,2025
2025-04-03,371.8150329589844,376.16989155085776,368.0681034665443,373.4892252977989,30198000,MSFT,36.45113926458847,-5.669353032427864,-5.3600022493221955,-0.3093507831056685,385.2729800803911,396.3448940183382,2025-04-10,0.0220847062473554,1,0,0.545,2025
2025-04-04,358.5910949707031,373.28990195338014,358.2323590249941,362.86621412703136,49209900,MSFT,29.88684177949341,-7.121048907464683,-5.712211580950694,-1.4088373265139893,382.7318481651827,394.8643528792153,2025-04-11,0.0795075841809489,1,0,0.47,2025
2025-04-07,356.61798095703125,369.7123913004176,343.5933653790687,349.66222551139305,50425000,MSFT,29.046328737537426,-8.334665324524735,-6.236702329665502,-2.097962994859233,380.2448131929778,393.3644951567767,2025-04-14,0.0836919067800889,1,1,0.485,2025
2025-04-08,353.3294372558594,372.35317854006513,349.0343982710952,366.98190125867967,35868900,MSFT,27.650587483771403,-9.452856427163567,-6.879933149165115,-2.572923277998452,377.6814440561094,391.7944928861525,2025-04-15,0.0879118050692961,1,1,0.615,2025
2025-04-09,389.1347351074219,391.8652461990382,351.8745186247924,352.3129939705509,50199700,MSFT,53.72399846609334,-7.364944141332444,-6.976935347598581,-0.3880087937338627,378.77223368004394,391.6901886595357,2025-04-16,-0.0483495353797813,-1,0,0.7,2025
2025-04-10,380.0264587402344,382.56759631800514,366.5234683324548,380.7339860356081,38024400,MSFT,48.896580300917186,-6.371770588946049,-6.855902395868075,0.4841318069220257,378.89168368577634,391.2327874862297,2025-04-17,-0.0355841504983615,-1,0,0.67,2025
2025-04-11,387.101806640625,388.6962291414208,377.57498926356885,379.3189154840166,23839200,MSFT,52.469438806240376,-4.956615174493095,-6.476044951593079,1.519429777099984,379.6736001576666,391.0707882373825,2025-04-21,-0.0755052287223072,-1,0,0.61,2025
2025-04-14,386.4640197753906,393.28027643878613,382.8765082652718,391.8552468593249,19251200,MSFT,52.11572897876103,-3.8422671190914457,-5.949289385092753,2.107022266001307,380.3203067879261,390.8901306506378,2025-04-22,-0.054124351006775,-1,-1,0.465,2025
2025-04-15,384.3912658691406,390.5298901348079,382.82670753665025,387.16161616456134,17199900,MSFT,50.9144642107638,-3.0907637734025,-5.377584262754702,2.286820489352202,380.7080171766132,390.63527320822607,2025-04-23,-0.0293987654390578,-1,0,0.545,2025
2025-04-16,370.32025146484375,380.2855448116978,366.72279516422714,379.3488352158224,21967800,MSFT,43.57202997544056,-3.5892308052037833,-5.019913571244519,1.4306827660407355,379.7187061564446,389.83860568887775,2025-04-24,0.0422216406005477,1,0,0.485,2025
2025-04-17,366.5035400390625,373.02085009277744,365.61664478749583,372.4528211002609,21120200,MSFT,41.81072256940635,-4.243331746646504,-4.864597206324916,0.621265459678412,378.4601189071701,388.92350507515954,2025-04-25,0.0654467913470471,1,0,0.445,2025
2025-04-21,357.87359619140625,363.2150090361754,354.43558836453434,361.5607667541322,20807300,MSFT,38.06405039102667,-5.395875506317566,-4.970852866323447,-0.4250226399941192,376.499497696145,387.70586158952216,2025-04-28,0.089218185827645,1,0,0.415,2025
2025-04-22,365.5469055175781,366.4935901583944,358.611039306251,362.1188421014038,19485000,MSFT,42.9585468890886,-5.625258328971313,-5.10173395885302,-0.5235243701182926,375.4563936791386,386.83688292003416,2025-04-29,0.0742053027652391,1,1,0.38,2025
2025-04-23,373.0906372070313,379.069813295219,371.7253664544321,374.75482418771264,20545500,MSFT,47.362556149395445,-5.139089541533167,-5.10920507538905,-0.0298844661441171,375.2310835389379,386.2978144607007,2025-04-30,0.0557439515030713,1,0,0.47,2025
2025-04-24,385.9557800292969,387.101813036712,373.8878249819962,374.3960646492269,22232300,MSFT,53.89952090891363,-3.6733437474161974,-4.82203280979448,1.1486890623782822,376.2524832046864,386.2844013457437,2025-05-01,0.0983733769568575,1,0,0.47,2025
2025-04-25,390.4900207519531,390.7989424087167,383.2651831703409,385.65684745985266,18973200,MSFT,55.97471249506634,-2.121400133153486,-4.281906274466281,2.160506141312795,377.6084391615689,386.4493275969676,2025-05-02,0.110833219947799,1,0,0.5,2025
2025-04-28,389.8024291992187,391.37693221129894,385.2981274275963,390.59964052478745,16579400,MSFT,55.56622917452505,-0.9361650021612036,-3.612758020005266,2.6765930178440622,378.769771546107,386.580821777448,2025-05-05,0.1150679328955677,1,0,0.485,2025
2025-04-29,392.67242431640625,393.7287429695286,389.0251233321368,389.9419132819562,14974000,MSFT,56.97750957902974,0.2320520471629947,-2.8437960065716137,3.0758480537346085,380.09383371470693,386.8197081515248,2025-05-06,0.0996599075626267,1,0,0.585,2025
2025-04-30,393.88818359375,395.2833185411371,383.10572919383554,388.94537633492024,36461100,MSFT,57.591977590928856,1.2416609934339815,-2.026704606570495,3.2683656000044765,381.4075813222348,387.0969032669062,2025-05-07,0.0963669279010466,1,0,0.7,2025
2025-05-01,423.9235534667969,435.47332427714,423.4252888222868,429.6137271918364,58938100,MSFT,69.26935825731972,4.414499092283222,-0.7384638667997515,5.1529629590829735,385.4567215264788,388.54108562768624,2025-05-08,0.0300188746384653,1,0,0.685,2025
2025-05-02,433.769287109375,437.9148527865163,428.49763841940904,430.2415647531947,30757400,MSFT,71.99193599409786,7.635447875208058,0.9363184816018104,6.699129393606247,390.0579182486594,390.31474058775245,2025-05-09,0.0079259156906634,0,0,0.625,2025
2025-05-05,434.65618896484375,437.97461808249534,430.6102521137275,431.367624097433,20136100,MSFT,72.23060021460935,10.142719601010413,2.777598705483531,7.365120895526882,394.3053726025817,392.05362091626586,2025-05-12,0.030011274457421,1,0,0.46,2025
2025-05-06,431.8061218261719,436.2107948487266,429.6735648726689,430.6999888667604,15104200,MSFT,70.16156582314125,11.764163949468523,4.57491175428053,7.189252195187995,397.87687252863793,393.6125425205759,2025-05-13,0.0365327971324342,1,0,0.51,2025
2025-05-07,431.8459777832031,436.5994115910065,429.6137314736212,432.3342674079582,23295300,MSFT,70.17443225249983,12.90364117689012,6.240657638802448,6.662983538087671,401.112025410025,395.1118929230319,2025-05-14,0.0452059395667883,1,0,0.495,2025
2025-05-08,436.6492614746094,442.1301726837614,434.147963172883,436.4100737600986,23491300,MSFT,71.75513839540062,14.032511878293974,7.799028486700753,6.233483391593221,404.4965240828426,396.74080933681927,2025-05-15,0.0360405065010973,1,0,0.56,2025
2025-05-09,437.2073059082031,439.2103090991504,434.3671913522403,438.4728871570268,15324200,MSFT,71.94119573518883,14.801556435312534,9.19953407642311,5.602022358889425,407.6118366376388,398.3277307709912,2025-05-16,0.0373212854665814,1,-1,0.51,2025
2025-05-12,447.7007751464844,447.8103787748487,438.2536661790282,444.39229048229146,22821900,MSFT,75.24359736610856,16.07249138149689,10.574125537437864,5.498365844059023,411.4298307813384,400.263928589638,2025-05-19,0.0232657787432382,1,-1,0.495,2025
2025-05-13,447.5812072753906,449.1058959658508,443.8142971336702,446.22591154405814,23618800,MSFT,75.1350839107687,16.87553766150853,11.834407962252,5.0411296992565315,414.8728190188672,402.119508145942,2025-05-20,0.0219778061890147,1,-1,0.73,2025
2025-05-14,451.3679809570313,452.3246405642177,446.5846525094385,446.5846525094385,19902800,MSFT,76.30078586288846,17.614469967614298,12.99042036332446,4.624049604289837,418.34854872726373,404.0508208052004,2025-05-21,0.0010174825255202,0,-1,0.585,2025
2025-05-15,452.3863220214844,455.44129747226026,449.6907411096269,450.0301794411029,21992300,MSFT,76.61824383900384,18.073906019219123,14.007117494503394,4.066788524715729,421.5902414219514,405.94633065681944,2025-05-22,0.003817848263552,0,-1,0.58,2025
2025-05-16,453.5244445800781,453.6142932166669,447.9935587223261,451.30808680840903,23849800,MSFT,76.98923521071394,18.31868300427635,14.869430596457986,3.4492524078183653,424.6315941036778,407.8121390459668,2025-05-23,-0.0090034451714809,0,-1,0.585,2025
2025-05-19,458.1168823242187,458.83570185482216,450.0601197660991,450.14000552921704,21336500,MSFT,78.47346051541614,18.668048234218137,15.629154124010016,3.0388941102081173,427.8206691723008,409.7848740764865,2025-05-27,0.0039662729571197,0,-1,0.595,2025
2025-05-20,457.4180603027344,457.58776423526933,453.57437286704067,454.8422775622727,15441800,MSFT,77.65266844769135,18.67327965500317,16.237979230208648,2.435300424794523,430.6394683275802,411.6528421637903,2025-05-28,-0.0017679347907669,0,-1,0.595,2025
2025-05-21,451.8272399902344,457.02868069868646,451.06847756848606,453.8239575485261,19216900,MSFT,71.23337128415547,18.01858607479204,16.594100599125326,1.4244854756667138,432.657351343071,413.2283087452195,2025-05-29,0.0135006813357896,0,-1,0.745,2025
2025-05-22,454.1134643554687,459.49463285512667,453.1550484484722,454.2033434579146,18025600,MSFT,72.24383013155035,17.48268636929157,16.771817753158576,0.7108686161329949,434.70079067758513,414.8316481809156,2025-05-30,0.0120916185664488,0,-1,0.715,2025
2025-05-23,449.441162109375,452.9454112846907,448.17325738802526,449.24150862772166,16883500,MSFT,67.05956550614945,16.49086976706809,16.71562815594048,-0.224758388872388,436.1046355758508,416.1888840212473,2025-06-02,0.0261895469145438,1,-1,0.75,2025
2025-05-27,459.9338989257813,460.19348195260824,455.3713920868909,455.7308170830738,20974300,MSFT,71.9309905036369,16.36290277612693,16.64508307997777,-0.2821803038508399,438.3740892282251,417.90437480181726,2025-06-03,0.0049491364739195,0,-1,0.725,2025
2025-05-28,456.609375,461.7609101640183,456.1800880198718,460.4630558858422,17086300,MSFT,68.4756698755728,15.81096772332006,16.478260008646227,-0.667292285326166,440.11078311125135,419.42221794684406,2025-06-04,0.014233825347329,0,-1,0.735,2025
2025-05-29,457.9272155761719,460.9622349154345,454.56275123248776,460.7925005105856,13974800,MSFT,69.10913180965659,15.303484890606796,16.243304985038343,-0.9398200944315462,441.80758620314856,420.9322178538765,2025-06-05,0.0196214565742811,0,-1,0.735,2025
2025-05-30,459.60443115234375,460.9222720478794,454.79236501090486,458.96549737927586,34770500,MSFT,69.93710477009826,14.86528066717159,15.967700121464992,-1.102419454293404,443.50252381735766,422.44877523813017,2025-06-06,0.0217656094645544,1,-1,0.745,2025
2025-06-02,461.2118225097656,461.35157690062545,456.1401731404802,456.3897628439735,16626500,MSFT,70.74635612472774,14.4807783135945,15.670315759890896,-1.1895374462963968,445.1891236928251,423.96889473897863,2025-06-09,0.0233348280740495,1,-1,0.76,2025
2025-06-03,462.2101745605469,463.3782677615003,460.1036216507913,460.7126363614999,15743800,MSFT,71.26375960859968,14.09414753562811,15.35508211503834,-1.260934579410229,446.8101761564176,425.468552771197,2025-06-10,0.0171717351119324,0,-1,0.745,2025
2025-06-04,463.1086730957031,464.9256933509807,462.2600620562611,463.2384646092932,14162700,MSFT,71.74806128946375,13.702289714833569,15.024523634997388,-1.3222339201638178,448.36241396015913,426.9446359211776,2025-06-11,0.0188630817036674,0,-1,0.655,2025
2025-06-05,466.9124145507813,468.8791825139859,463.2684111938008,464.1968775224098,20131700,MSFT,73.76393372855622,13.542559518720624,14.728130811742034,-1.185571293021411,450.12908068307553,428.5119997890053,2025-06-12,0.0239266745299575,1,-1,0.64,2025
2025-06-06,469.6080017089844,472.5631351284867,468.0106215882427,469.31846913564885,15285600,MSFT,75.11884957184881,13.478116209386542,14.478127891270937,-1.000011681884395,451.9842160188764,430.12360770743584,2025-06-13,0.0097368001213924,0,-1,0.695,2025
2025-06-09,471.97412109375,472.6529977632414,467.8508943889836,468.9291389511099,16469900,MSFT,76.27696490451227,13.462779935509104,14.275058300118571,-0.8122783646094671,453.8880165021977,431.7648043108207,2025-06-16,0.0135166660976637,0,-1,0.6,2025
2025-06-10,470.1471252441406,472.02401413852874,466.19360257943936,470.4166711436691,15375900,MSFT,73.43467657710322,13.151599084092028,14.050366456913263,-0.8987673728212364,455.4365030490494,433.2699933670293,2025-06-17,0.0151193243627181,0,-1,0.69,2025
2025-06-11,471.8443298339844,474.68965849935887,468.88919632531986,469.2485908678973,16399200,MSFT,74.38939623476874,12.893310189617807,13.818955203454172,-0.925645013836366,456.9991532190432,434.7827124441648,2025-06-18,0.0161228660156473,0,-1,0.605,2025
2025-06-12,478.0840759277344,479.6315503555016,472.7428502291372,474.2403884361742,18950600,MSFT,77.57961989664113,13.041772308951522,13.663518624553644,-0.6217463156021221,459.0072410960614,436.480805129795,2025-06-20,-0.003069732722604,0,0,0.535,2025
2025-06-13,474.1804809570313,478.3935562569989,471.9841099060598,475.62811338522215,16814500,MSFT,71.5729629832058,12.69806670895514,13.470428241433943,-0.7723615324788042,460.4523115590109,437.95922378968663,2025-06-23,0.0232440632758024,1,-1,0.535,2025
2025-06-16,478.3536376953125,479.90108160832807,474.2204177457221,474.4300645574067,15626100,MSFT,73.8995426431087,12.61697577401793,13.299737747950742,-0.682761973932811,462.1571997624682,439.5433184526524,2025-06-24,0.0228951229153338,1,-1,0.505,2025
2025-06-17,477.25543212890625,477.9542649832925,473.30190948641297,474.6197503672441,15414100,MSFT,72.22431665793255,12.32205364848187,13.104200928056969,-0.7821472795750992,463.5951266545099,441.022224871329,2025-06-25,0.0297673605476054,1,-1,0.5,2025
2025-06-18,479.4518127441406,480.2105751696819,473.68130019053103,477.21549881727225,17526500,MSFT,73.51732732518225,12.125776890961106,12.908516120637795,-0.7827392296766913,465.1052872344747,442.5292675330079,2025-06-26,0.035836265999231,1,-1,0.5,2025
2025-06-20,476.6164855957031,482.666537493529,476.0873566497709,481.4385756672578,37576200,MSFT,69.04870983195245,11.607633369484404,12.64833957040712,-1.040706200922715,466.2015918403061,443.86602118252534,2025-06-27,0.0388353803926797,1,-1,0.5,2025
2025-06-23,485.2023620605469,486.9494899074727,471.7345120072702,477.425138713905,24864000,MSFT,74.16896319906874,11.754312968149977,12.469534249955691,-0.7152212818057162,468.0111890041385,445.4870541581341,2025-06-30,0.0234774132968818,1,0,0.5,2025
2025-06-24,489.30560302734375,491.0427680081874,486.0010379300524,488.1475336634371,22305600,MSFT,76.19569065312074,12.06260466282447,12.388148332529449,-0.3255436697049774,470.0392284349199,447.20542862359326,2025-07-01,0.0039583209374634,0,0,0.57,2025
2025-06-25,491.4620666503906,493.7483167920849,488.5868189509033,491.2324636297239,17495100,MSFT,77.20782704847055,12.33870374780878,12.378259415585314,-0.0395556677765345,472.0794987411553,448.9409830560167,2025-07-02,-0.0023970101269672,0,0,0.575,2025
2025-06-26,496.6335754394531,497.2226034494893,492.0011761864687,492.1709105807123,21578900,MSFT,79.46300196296542,12.826950697874906,12.467997672043234,0.3589530258316724,474.4179822362312,450.81128079654366,2025-07-03,0.0027942650249737,0,0,0.575,2025
2025-06-27,495.1260681152344,498.4805390751374,492.2208403370186,496.73341116664807,34539200,MSFT,77.06912526615258,12.943047288753974,12.563007595385384,0.380039693368591,476.3901808913744,452.54911559335505,2025-07-07,0.0035891244800774,0,0,0.58,2025
2025-06-30,496.5936584472656,499.9381665482639,494.5170550643951,496.2242705630272,28369000,MSFT,77.77119933912971,13.003579774889602,12.651122031286228,0.3524577436033738,478.3143216109831,454.27635256801824,2025-07-08,-0.0015882740208701,0,0,0.575,2025
2025-07-01,491.242431640625,497.2325843953567,490.1742108879921,495.655190908974,19945400,MSFT,69.42461144913847,12.475938076889063,12.616085240406797,-0.1401471635177316,479.5455701852347,455.7260027277283,2025-07-09,0.0232903804875332,1,0,0.505,2025
2025-07-02,490.2840270996094,492.69007550131784,487.8979653734086,489.1858263089447,16319600,MSFT,68.01666640072557,11.843913728153552,12.461650937956149,-0.6177372098025966,480.5682803675561,457.0812193697629,2025-07-10,0.0211570329623611,1,0,0.505,2025
2025-07-03,498.0213012695313,499.3091926553608,492.6301698307581,492.99955771280014,13984800,MSFT,72.81063437810167,11.830983032834297,12.33551735693178,-0.5045343240974827,482.2304728344109,458.68671277759694,2025-07-11,0.0089808533060704,0,-1,0.5,2025
2025-07-07,496.9031372070313,497.9314455400232,494.41723357438383,496.56369887519327,13981600,MSFT,71.15084235186225,11.596827855927984,12.187779456731022,-0.590951600803038,483.6278694413271,460.18539608855514,2025-07-14,0.0106485346680322,0,-1,0.5,2025
2025-07-08,495.804931640625,497.3823555722493,493.2990413573122,496.42390920841734,11846600,MSFT,69.4756892083541,11.19360922079312,11.988945409543442,-0.795336188750321,484.78758965078407,461.58224062000886,2025-07-15,0.0185252413191341,0,-1,0.55,2025
2025-07-09,502.68365478515625,505.94827712953634,498.919822567675,499.47890106455674,18659500,MSFT,73.65896235375034,11.29886473789179,11.850929275213112,-0.5520645373213213,486.4919768064386,463.194060783348,2025-07-16,0.0041905208725288,0,-1,0.51,2025
2025-07-10,500.656982421875,503.6121159415126,496.93309312638246,502.22438258392543,16492100,MSFT,70.58944209775632,11.090896025865275,11.698922625343544,-0.6080265994782685,487.8410249602896,464.663194965251,2025-07-17,0.0203796549553296,1,-1,0.555,2025
2025-07-11,502.4939575195313,504.2011425332065,496.9829974553982,497.6519112557523,16459500,MSFT,71.73901523057955,10.94810492279862,11.54875908483456,-0.6006541620359407,489.2365423468841,466.1467542811052,2025-07-18,0.0133711719413214,0,-1,0.55,2025
2025-07-14,502.1944274902344,503.14288052756655,500.2077032480772,500.6968893054946,12058800,MSFT,71.24998030740002,10.687572689593935,11.376521805786435,-0.6889491161925019,490.4706266462508,467.56038852460046,2025-07-21,0.0139954607181482,0,-1,0.56,2025
2025-07-15,504.9898376464844,507.465747883617,501.9648118083004,502.1944148249749,14927200,MSFT,73.09343542066777,10.584651975876966,11.218147839804544,-0.6334958639275783,491.85340864627307,469.028210058792,2025-07-22,-0.0010873541253072,0,-1,0.54,2025
2025-07-16,504.7901611328125,505.88836188358,501.066302385086,504.35088083250554,15154400,MSFT,72.73467703131496,10.367464663744556,11.048011204592548,-0.6805465408479918,493.08548031165776,470.4306395126752,2025-07-23,0.0004944693670816,0,-1,0.525,2025
2025-07-17,510.8601989746094,512.5274410723513,504.7901605415637,504.85005963085433,17503100,MSFT,76.50926381776158,10.563375461690214,10.951084056012082,-0.3877085943218681,494.7783106605103,472.016112432751,2025-07-24,-0.0016025216926753,0,0,0.545,2025
2025-07-18,509.212890625,513.7953843002441,506.59719545986655,513.6356127696338,21209700,MSFT,73.53406806029614,10.465077267385992,10.853882698286863,-0.3888054309008719,496.15303256189026,473.4748096167608,2025-07-25,0.0071758841962741,0,-1,0.535,2025
2025-07-21,509.2228698730469,511.24956741731427,504.7202620876888,505.8783619126309,14066800,MSFT,73.5407805889399,10.269598938161266,10.737025946261744,-0.4674270081004792,497.3977789724766,474.8766943326936,2025-07-28,0.0047837691172023,0,-1,0.525,2025
2025-07-22,504.4407348632813,510.3610256433726,504.4407348632813,510.1313921533715,13868600,MSFT,65.02909852890022,9.617933079007742,10.513207372810946,-0.8952742938032046,498.0685366763628,476.036068471148,2025-07-29,0.0144477327040588,0,-1,0.515,2025
2025-07-23,505.0397644042969,505.95826791167354,499.8782664381747,505.9183250285286,16396600,MSFT,65.56672004537657,9.045548416800273,10.219675581608811,-1.1741271648085387,498.73246312664224,477.17346831166367,2025-07-30,0.0145689115140281,0,0,0.505,2025
2025-07-24,510.0415344238281,512.826933461713,506.4673929575042,507.93498157135946,16107000,MSFT,69.74863293104107,8.8930173192864,9.95434392914433,-1.0613266098579288,499.80951753589807,478.46241208076816,2025-07-31,0.0442765024031233,1,0,0.555,2025
2025-07-25,512.866943359375,517.4393829887753,509.5224046731242,511.6289272082179,19125700,MSFT,71.82989751349358,8.897556718436931,9.74298648700285,-0.8454297685659196,501.0530819000387,479.8116093858116,2025-08-01,0.0202447704411332,1,0,0.555,2025
2025-07-28,511.6588745117187,514.1547714605564,509.2827757416266,513.2362984451797,14308000,MSFT,69.62424131565012,8.703346405497541,9.53505847070179,-0.8317120652042487,502.0631573868654,481.06052174369034,2025-08-04,0.0451512754533898,1,0,0.54,2025
2025-07-29,511.728759765625,516.7704593446111,510.7204076628311,514.6839236482208,16469200,MSFT,69.68223867853636,8.457578785637338,9.3195625336889,-0.8619837480515624,502.9836909467472,482.26319774455055,2025-08-05,0.0296154750789703,1,0,0.55,2025
2025-07-30,512.3976440429688,515.1032182392812,508.6038929137552,514.3244691518986,26380400,MSFT,70.2673848211694,8.222001432821116,9.100050313515345,-0.8780488806942284,503.88025790829215,483.4449407366454,2025-08-06,0.0227964497959112,1,0,0.63,2025
2025-07-31,532.6243896484375,554.5383762548963,531.0270400328567,554.3187056451394,51617300,MSFT,81.74268140785293,9.557263823696871,9.19149301555165,0.3657708081452213,506.61779426449647,485.3735465763235,2025-08-07,-0.0237299688145947,-1,0,0.595,2025
2025-08-01,523.2498168945312,534.9206337229102,520.0051507892547,534.1219588686084,28977600,MSFT,68.53941573988138,9.74666571853072,9.302527556147464,0.4441381623832559,508.2017964197379,486.8588905103709,2025-08-08,-0.0039495271450525,0,-1,0.49,2025
2025-08-04,534.7609252929688,537.3666271513684,527.2632409127965,527.4030257699867,25349000,MSFT,74.07645093136514,10.702249460301177,9.582471936978209,1.1197775233229663,510.7312372648075,488.7374016783159,2025-08-11,-0.0258942423594619,-1,0,0.495,2025
2025-08-05,526.8838500976562,536.4181643311854,526.374677366439,536.2983661514853,19171600,MSFT,65.57173683827358,10.700592553397826,9.806096060262131,0.8944964931356925,512.2695813441264,490.23334083201553,2025-08-12,0.0028232955476796,0,-1,0.515,2025
2025-08-06,524.0784912109375,530.8274067099719,523.1700114791388,530.0287318260303,21355700,MSFT,62.80613448277023,10.353561019380322,9.915589052085773,0.4379719672945512,513.3942394266799,491.56060163118894,2025-08-13,-0.0083057105210014,0,0,0.51,2025
2025-08-07,519.9852294921875,527.2233308658066,516.7005900083886,525.9354090023164,16079100,MSFT,58.902471332931526,9.637152916652894,9.859901824999197,-0.2227489083463023,514.0219527662521,492.6752929198555,2025-08-14,0.0031486818731469,0,-1,0.485,2025
2025-08-08,521.1832275390625,523.7989228282858,518.5575389118288,521.7423060527517,15531000,MSFT,59.69211572024817,9.06160620837892,9.700242701675142,-0.6386364932962234,514.7039789350912,493.7932511402166,2025-08-15,-0.0035821247897603,0,0,0.495,2025
2025-08-11,520.9136962890625,526.7241518809952,518.8670119786243,521.4427947726738,20194400,MSFT,59.4155149342459,8.485912064194167,9.457376574178948,-0.9714645099847808,515.2953805878503,494.8567980087988,2025-08-18,-0.0089504549102774,0,-1,0.49,2025
2025-08-12,528.3713989257812,530.1085334795151,521.8421543429575,522.8904188907295,18667000,MSFT,64.33937805583133,8.53308054260026,9.27251736786321,-0.7394368252629508,516.5407156676533,496.1710960839746,2025-08-19,-0.0367886099738276,-1,-1,0.52,2025
2025-08-13,519.7256469726562,531.825750889051,518.5176108745642,531.236692379076,19619200,MSFT,55.87583259688004,7.783103205573866,8.974634535405343,-1.1915313298314771,516.8440424586059,497.0948039619621,2025-08-20,-0.0285451226250516,-1,-1,0.605,2025
2025-08-14,521.6224975585938,525.0868343553949,519.2863720398742,521.7023833261101,20269100,MSFT,57.2059022422781,7.2581335072881075,8.631334329781897,-1.3732008224937893,517.2991334205095,498.05667429908493,2025-08-21,-0.0333239218123757,-1,0,0.5,2025
2025-08-15,519.3162841796875,525.2365445998882,518.2281072023833,521.9120536418995,25213300,MSFT,55.03380893281376,6.580147251826247,8.221096914190767,-1.6409496623645197,517.4912430166218,498.8903844904811,2025-08-22,-0.0232734338620843,-1,-1,0.615,2025
2025-08-18,516.2512817382812,521.9619254356152,513.176380682391,520.7339636806648,23760600,MSFT,52.197191328114215,5.729472386815814,7.722772008715776,-1.993299621899962,517.3731514663036,499.5712039903949,2025-08-25,-0.0232275877984847,-1,0,0.505,2025
2025-08-19,508.933349609375,514.314487646487,507.7153506663982,514.1547770514178,21481000,MSFT,46.08902345649854,4.413929432301529,7.061003493432928,-2.6470740611313985,516.5693608132628,499.9383469558451,2025-08-26,-0.0135446833455579,0,-1,0.54,2025
2025-08-20,504.8900146484375,510.161347905157,503.6121166003689,509.0331975839143,27723000,MSFT,43.08873119027976,3.0103869561564807,6.250880185977639,-3.2404932298211584,515.4570421308986,500.1325300026134,2025-08-27,0.0036641160099504,0,-1,0.53,2025
2025-08-21,504.239990234375,507.6300048828125,502.7200012207031,503.69000244140625,18443300,MSFT,42.60851468570773,1.8245852115461505,5.365621191091342,-3.5410359795451916,514.3887514740868,500.2936068744472,2025-08-28,0.0107092347268065,0,-1,0.425,2025
2025-08-22,507.2300109863281,510.7300109863281,502.4100036621094,504.25,24324200,MSFT,45.611214747944125,1.1132654407218752,4.515150041017448,-3.401884600295573,513.7069666657288,500.565622721972,2025-08-29,-0.0010646226233179,0,-1,0.69,2025
2025-08-25,504.260009765625,508.19000244140625,504.1199951171875,506.6300048828125,21638600,MSFT,43.19379028607002,0.3063536660230852,3.673390766018576,-3.367037099995491,512.8072564847665,500.7105006452525,2025-09-02,0.0017054403183036,0,-1,0.54,2025
2025-08-26,502.0400085449219,504.9800109863281,498.510009765625,504.3599853515625,30835700,MSFT,41.42637161297767,-0.5064274931961563,2.8374271141756298,-3.343854607371786,511.7818043000194,500.76263820994546,2025-09-03,0.0065930951761936,0,0,0.545,2025
2025-08-27,506.739990234375,507.2900085449219,499.8999938964844,502.0,17277900,MSFT,46.424548264379574,-0.7625232809677414,2.117437035146956,-2.879960316114697,511.3016315318628,500.99704417168783,2025-09-04,0.0024273019892493,0,-1,0.535,2025
2025-08-28,509.6400146484375,511.0899963378906,505.5,507.0899963378906,18015600,MSFT,49.29938303852497,-0.723137426037681,1.5493221429100286,-2.27245956894771,511.14338230486993,501.3359841903839,2025-09-05,-0.0287261875591471,-1,-1,0.5,2025
2025-08-29,506.69000244140625,509.6000061035156,504.489990234375,508.6600036621094,20961600,MSFT,46.562297966980914,-0.9193672892483846,1.055584256478346,-1.9749515457267304,510.719250889302,501.545945690424,2025-09-08,-0.0167557879442407,0,0,0.48,2025
2025-09-02,505.1199951171875,506.0,496.80999755859375,500.4700012207031,18128000,MSFT,45.1263472289236,-1.1878742644736917,0.6068925522879385,-1.7947668167616302,510.1859884348149,501.68610449147354,2025-09-09,-0.0132839553372291,0,0,0.47,2025
2025-09-03,505.3500061035156,507.7900085449219,502.3200073242187,503.7900085449219,16345100,MSFT,45.39204787529556,-1.366357493852263,0.2122425430598982,-1.578600036912161,509.7254186889768,501.82978690763207,2025-09-10,-0.0098545778691611,0,0,0.485,2025
2025-09-04,507.9700012207031,508.1499938964844,503.1499938964844,504.2999877929687,15509500,MSFT,48.45374644170075,-1.2816212967652518,-0.0865302249051317,-1.19509107186012,509.5582360729507,502.0705796257917,2025-09-11,-0.0137015796963453,0,0,0.535,2025
2025-09-05,495.0,511.9700012207031,492.3699951171875,509.0700073242187,31994800,MSFT,37.30358155068803,-2.235271139482336,-0.5162784078205727,-1.7189927316617633,508.1717373993364,501.79330199340774,2025-09-12,0.0301009977706754,1,1,0.56,2025
2025-09-08,498.2000122070313,501.2000122070313,495.0299987792969,498.1099853515625,16771000,MSFT,40.91617297780133,-2.701687892737027,-0.9533603048038636,-1.7483275879331637,507.2220492857835,501.6523886684518,2025-09-15,0.0344439436452688,1,1,0.52,2025
2025-09-09,498.4100036621094,502.25,497.7000122070313,501.4299926757813,14410500,MSFT,41.15578827228753,-3.01957420279939,-1.366603084402969,-1.652971118396421,506.3828068454336,501.5252363152619,2025-09-16,0.0213278321155427,1,0,0.485,2025
2025-09-10,500.3699951171875,503.2300109863281,496.7200012207031,502.9800109863281,21611800,MSFT,43.46059437096976,-3.077866731898439,-1.708855813902063,-1.369010917996376,505.81015810941017,501.47993273886686,2025-09-17,0.019285716551058,0,1,0.505,2025
2025-09-11,501.010009765625,503.1700134277344,497.8800048828125,502.25,18881600,MSFT,44.22877133028953,-3.037406812862514,-1.9745660136941536,-1.0628407991683606,505.35300112428774,501.46150438697504,2025-09-18,0.0148500075774669,0,1,0.555,2025
2025-09-12,509.8999938964844,512.5499877929688,503.8500061035156,506.6499938964844,23624900,MSFT,53.64906230756176,-2.261920600183373,-2.0320369309919974,-0.2298836691913757,505.7860480549731,501.7924255442107,2025-09-19,0.0157481837133088,0,0,0.515,2025
2025-09-15,515.3599853515625,515.469970703125,507.0,508.7900085449219,17143800,MSFT,58.306992637505935,-1.193014185283971,-1.8642323818503923,0.6712181965664212,506.6978516070293,502.3244867131265,2025-09-22,-0.0017657039164779,0,0,0.87,2025
2025-09-16,509.0400085449219,517.22998046875,508.6000061035156,516.8800048828125,19711900,MSFT,51.81606061632628,-0.8461139851342523,-1.6606087025071643,0.814494717372912,506.9209141725429,502.5878405104518,2025-09-23,0.0003732564007088,0,0,0.7,2025
2025-09-17,510.0199890136719,511.2900085449219,505.9299926757813,510.6199951171875,15816600,MSFT,52.69543953389693,-0.4865086742889275,-1.425788696863517,0.9392800225745894,507.2160641574123,502.8792973144997,2025-09-24,0.0002549015442785,0,0,0.635,2025
2025-09-18,508.4500122070313,513.0700073242188,507.6600036621094,511.489990234375,18913700,MSFT,51.0868567081962,-0.3244626782955606,-1.2055234931499257,0.881060814854365,507.3335830192807,503.0977567220499,2025-09-25,-0.0027928279941827,0,0,0.635,2025
2025-09-19,517.9299926757812,519.2999877929688,510.30999755859375,510.55999755859375,52474100,MSFT,59.188168865899506,0.562431773944752,-0.8519324397309902,1.4143642136757422,508.3427648913285,503.679413033961,2025-09-26,-0.0124920381368091,0,0,0.555,2025
2025-09-22,514.4500122070312,517.739990234375,512.5399780273438,515.5900268554688,20009300,MSFT,55.550903650649566,0.973277341310336,-0.486890483522725,1.460167824833061,508.92440749282395,504.10178947212063,2025-09-29,0.0002915023332643,0,0,0.505,2025
2025-09-23,509.2300109863281,514.5900268554688,507.30999755859375,513.7999877929688,19799600,MSFT,50.53435242522152,0.8676630606282743,-0.2159797746925252,1.0836428353207994,508.9535125874434,504.302896198168,2025-09-30,0.0171238949641112,0,0,0.49,2025
2025-09-24,510.1499938964844,512.47998046875,506.9200134277344,510.3800048828125,13533700,MSFT,51.367901119121925,0.8484178812958021,-0.0031002434948597,0.8515181247906618,509.0674631883044,504.5321941471216,2025-10-01,0.0187396416554925,0,0,0.45,2025
2025-09-25,507.0299987792969,510.010009765625,505.0400085449219,508.2999877929687,15786500,MSFT,48.38979676005365,0.5747826701195322,0.1124763392280186,0.4623063308915136,508.8734189588752,504.630147269952,2025-10-02,0.0171784538903969,0,-1,0.415,2025
2025-09-26,511.4599914550781,513.9400024414062,506.6199951171875,510.05999755859375,16213100,MSFT,52.59250175552839,0.7072356079199267,0.2314281929664002,0.4758074149535264,509.1197591966087,504.89798429681974,2025-10-03,0.0115160212514426,0,0,0.425,2025
2025-09-29,514.5999755859375,516.8499755859375,508.8800048828125,511.5,17617800,MSFT,55.36684416366337,1.053432676659213,0.3958290897049628,0.6576035869542503,509.641684567021,505.2784545434518,2025-10-06,0.0271473618364916,1,0,0.495,2025
2025-09-30,517.9500122070312,518.1599731445312,509.6600036621094,513.239990234375,19728200,MSFT,58.178847335129035,1.579904154115809,0.6326441025871321,0.9472600515286768,510.4329538660696,505.7753783733961,2025-10-07,0.0116419888398584,0,0,0.79,2025
2025-10-01,519.7100219726562,520.510009765625,511.69000244140625,514.7999877929688,22632300,MSFT,59.618286005759856,2.1147768410720573,0.9290706502841172,1.1857061907879405,511.31648416193497,506.32183498513183,2025-10-08,0.0098900413614722,0,0,0.855,2025
2025-10-02,515.739990234375,521.5999755859375,510.6799926757813,517.6400146484375,21222900,MSFT,55.018188485415614,2.193038929040142,1.1818643060353222,1.01117462300482,511.7377704545483,506.6911744066708,2025-10-09,0.012913550055835,0,-1,0.44,2025
2025-10-03,517.3499755859375,520.489990234375,515.0,517.0999755859375,15112300,MSFT,56.48455851526329,2.3577953629967965,1.4170505174276171,0.9407448455691794,512.2722661813473,507.10916660977927,2025-10-10,-0.0123513761136689,0,0,0.465,2025
2025-10-06,528.5700073242188,531.030029296875,518.2000122070312,518.6099853515625,21388600,MSFT,65.03829841365439,3.355053843218911,1.804651182585876,1.5504026606330354,513.8244320044779,507.950768206424,2025-10-13,-0.02747038108491,-1,0,0.96,2025
2025-10-07,523.97998046875,529.7999877929688,521.4400024414062,528.2899780273438,14615200,MSFT,59.854860581727905,3.731991492036854,2.190119244476072,1.541872247560783,514.7916270963134,508.5793647657309,2025-10-14,-0.0198671199903831,0,0,0.975,2025
2025-10-08,524.8499755859375,526.9500122070312,523.0900268554688,523.280029296875,13363400,MSFT,60.49748866729956,4.054184514082522,2.562932298397362,1.4912522156851598,515.7495650477061,509.21742793515074,2025-10-15,-0.0217585661453201,-1,0,0.955,2025
2025-10-09,522.4000244140625,524.3300170898438,517.4000244140625,522.3400268554688,18343600,MSFT,57.69656061232349,4.064975711215652,2.86334098096102,1.2016347302546322,516.3829421302163,509.7343925029512,2025-10-16,-0.0206547445601718,-1,0,0.77,2025
2025-10-10,510.9599914550781,523.5800170898438,509.6300048828125,519.6400146484375,24133800,MSFT,46.80049756966322,3.1145106215153646,2.913574909071889,0.2009357124434756,515.866470637346,509.7824552069562,2025-10-17,0.0051276531990391,0,-1,0.475,2025
2025-10-13,514.0499877929688,516.4099731445312,511.6799926757813,516.4099731445312,14284200,MSFT,49.57073923420198,2.580846676521901,2.8470292625618914,-0.2661825860399904,515.6934722712148,509.9498094260155,2025-10-20,0.0053302019247951,0,-1,0.495,2025
2025-10-14,513.5700073242188,515.280029296875,506.0,510.2300109863281,14684300,MSFT,49.142665013041224,2.095033500726231,2.6966301101947594,-0.6015966094685283,515.491237514358,510.0917779710431,2025-10-21,0.0079637941507173,0,-1,0.52,2025
2025-10-15,513.4299926757812,517.1900024414062,510.0,514.9600219726562,14694700,MSFT,49.009708263496016,1.6793663568430477,2.493177359524417,-0.8138110026813696,515.2949284821126,510.22268835162106,2025-10-22,0.0138480132695564,0,-1,0.575,2025
2025-10-16,511.6099853515625,516.8499755859375,508.1300048828125,512.5800170898438,15559600,MSFT,47.22127103372703,1.1893773680300228,2.2324173612255382,-1.0430399931955154,514.9439815172983,510.27709215554034,2025-10-23,0.0174938184618915,0,-1,0.655,2025
2025-10-17,513.5800170898438,515.47998046875,507.30999755859375,509.0400085449219,19867800,MSFT,49.37476380217774,0.9490822320648248,1.9757503353933956,-1.0266681033285707,514.8140801432551,510.4066186235523,2025-10-24,0.019529514248924,0,-1,0.55,2025
2025-10-20,516.7899780273438,518.7000122070312,513.4299926757812,514.6099853515625,14665600,MSFT,52.75721246206336,1.0060663201882107,1.7818135323523587,-0.775747212164148,515.0022608941207,510.6569464433088,2025-10-27,0.0285029550304609,1,-1,0.515,2025
2025-10-21,517.6599731445312,518.6900024414062,513.0399780273438,517.5,15586200,MSFT,53.6608902101173,1.1086481499158936,1.6471804558650658,-0.5385323059491722,515.2553763465407,510.931574941396,2025-10-28,0.0471545714292114,1,-1,0.505,2025
2025-10-22,520.5399780273438,525.22998046875,517.7100219726562,521.1500244140625,18962700,MSFT,56.61915581919278,1.4061283416372137,1.5989700330194954,-0.1928416913822819,515.7586717447125,511.3083750624136,2025-10-29,0.036707159395755,1,0,0.435,2025
2025-10-23,520.5599975585938,523.9500122070312,518.6099853515625,522.4600219726562,14023500,MSFT,56.63987751730664,1.624769612952946,1.6041299490061856,0.0206396639467603,516.2159408698441,511.671183787754,,,0,0,0.43,2025
2025-10-24,523.6099853515625,525.3499755859375,520.7100219726562,522.7899780273438,15532400,MSFT,59.791095621900176,2.020857730796706,1.6874755053642898,0.3333822254324163,516.9201355823886,512.1393720843739,,,0,0,0.855,2025
2025-10-27,531.52001953125,534.5800170898438,529.010009765625,531.780029296875,18734700,MSFT,66.5755791950941,2.9391533391018356,1.9378110721117991,1.0013422669900365,518.3106007203754,512.8993974744475,,,0,0,0.78,2025
2025-10-28,542.0700073242188,553.719970703125,540.77001953125,550.0,29909300,MSFT,73.09592828827488,4.466715553149129,2.4435919683192653,2.0231235848298637,520.5734013493129,514.0433429587523,,,0,0,0.78,2025
2025-10-29,539.6475219726562,546.27001953125,536.7286987304688,544.9400024414062,17896634,MSFT,69.73210170383668,5.419374119549957,3.038748398565404,2.380625720984553,522.3899842658218,515.0474284102779,,,0,0,0.84,2025
2025-01-02,579.5617065429688,585.9953233352497,575.4576529464935,584.2704470278884,50204000,SPY,40.43062136556293,-1.1500715078615258,0.8312394960304736,-1.9813110038919992,588.8479587599659,584.493904269243,2025-01-10,-0.0070984911967608,0,0,0.57,2025
2025-01-03,586.8082275390625,587.4525452187247,581.3361558939639,582.4266373983825,37888500,SPY,48.32924127403027,-1.1252969445364442,0.4399322079170901,-1.5652291524535342,588.6536986436894,584.5846620445301,2025-01-13,-0.0178394273676222,0,0,0.51,2025
2025-01-06,590.1885375976562,594.4908658796807,588.4438157230102,591.0906669897693,47679400,SPY,51.5560927454378,-0.8234084136727233,0.1872640835991274,-1.0106724972718508,588.7998737821624,584.8044218701428,2025-01-14,-0.0221210718196699,-1,0,0.555,2025
2025-01-07,583.5169677734375,592.5577435625502,581.6830616942256,592.2305931115341,60393100,SPY,45.51463941699271,-1.1097074889886471,-0.0721302309184274,-1.0375772580702196,588.2967398765695,584.7539334741937,2025-01-15,0.0070503753945203,0,0,0.525,2025
2025-01-08,584.3695068359375,585.4500653976103,580.1167928192344,583.5863907900373,47304700,SPY,46.379337583558126,-1.253360828036989,-0.3083763503421398,-0.9449844776948492,587.9227176822236,584.7388579197523,2025-01-16,0.0036472602203188,0,0,0.54,2025
2025-01-10,575.4476928710938,580.8602875756501,573.5245418299866,580.7908883545033,73105000,SPY,39.342600410127154,-2.063338081432221,-0.6593686965601561,-1.403969384872065,586.7346200811636,584.3744985060794,2025-01-17,0.0294407112329213,1,1,0.595,2025
2025-01-13,576.3399047851562,576.6967632072416,570.352331124668,570.7687264554227,47910100,SPY,40.31779478761469,-2.6032482203617064,-1.048144601320466,-1.5551036190412404,585.7446471958295,584.0594163993765,2025-01-21,0.0372555546036204,1,1,0.555,2025
2025-01-14,577.1329345703125,579.9185236912625,573.3262632797856,579.2840683920101,48420600,SPY,41.22233092957335,-2.9333264577969658,-1.425180972615766,-1.5081454851811995,584.9244840886374,583.7877896609818,2025-01-22,0.0416531916149185,1,1,0.545,2025
2025-01-15,587.6309814453125,588.7808787490047,584.082061353333,585.2022507077428,56900200,SPY,51.66569133060721,-2.321055508975064,-1.6043558798876258,-0.7166996290874383,585.1822457416541,583.938503064289,2025-01-23,0.0286278844497975,1,0,0.51,2025
2025-01-16,586.5008544921875,589.1872759074608,585.7969999803885,589.0088467012978,43319700,SPY,50.62294487894075,-1.90505785007349,-1.6644962739247988,-0.2405615761486912,585.3078275274192,584.0389874340104,2025-01-24,0.0276011709575065,1,0,0.615,2025
2025-01-17,592.3892822265625,594.1537892227647,590.4363626944013,591.7746725476055,58070600,SPY,55.645980509107446,-1.0876915704133123,-1.5491353332225015,0.4614437628091892,585.9822517844805,584.3664499748949,2025-01-27,0.0029953513943241,0,0,0.615,2025
2025-01-21,597.811767578125,597.8216903968008,593.4698083475514,595.4524359229735,42532900,SPY,59.71056344158546,-0.0023466045103077,-1.239777587480063,1.2374309829697552,587.1088723362561,584.8937173318843,2025-01-28,0.0024376826781593,0,0,0.78,2025
2025-01-22,601.17236328125,602.5403812111362,600.1017274002533,600.6568607265118,48196000,SPY,62.03273793166364,1.1161033434351566,-0.768601401297019,1.8847047447321756,588.4482524262555,585.5320956044085,2025-01-29,-0.0076348216091441,0,0,0.725,2025
2025-01-23,604.45361328125,604.45361328125,600.2603751042184,600.5379115165184,41152100,SPY,64.20227379880924,2.2414148030113665,-0.1665981604353419,2.4080129634467085,589.9725725076836,586.2741159054611,2025-01-30,-0.0077246447875106,0,0,0.79,2025
2025-01-24,602.68896484375,605.4746144426255,601.5291447490314,604.5130086851335,34604700,SPY,62.1455721160131,2.956756215892824,0.4580727148302912,2.498683501062533,591.1836574920709,586.9178354716686,2025-01-31,-0.010115493957338,0,0,0.795,2025
2025-01-27,594.1636962890625,594.4809239383382,589.4748017805242,589.6433081706125,70361100,SPY,53.26751583706317,2.8034352590483422,0.9271452236739016,1.8762900353744407,591.467470710832,587.2019868762723,2025-02-03,-0.002669398316017,0,0,0.565,2025
2025-01-28,599.26904296875,600.1116355041081,592.0621722182419,595.4028949130045,44433300,SPY,57.20984943226407,3.0586281446974226,1.353441807878606,1.7051863368188167,592.2104775925385,587.6752047622518,2025-02-04,-0.0045324993094614,0,0,0.79,2025
2025-01-29,596.58251953125,598.882374668965,594.0149903221018,598.4759021527152,37177400,SPY,54.599645696917314,3.009399867559978,1.6846334198148805,1.324766447745097,592.6268625390825,588.0245112237812,2025-02-05,0.0040045392007372,0,0,0.64,2025
2025-01-30,599.784423828125,601.3308707916877,595.5019413509543,598.7138485875727,39281300,SPY,57.11123999694865,3.1919581143673668,1.9860983587253775,1.205859755641989,593.3085350428008,588.4856842670889,2025-02-06,0.0021157300576337,0,0,0.77,2025
2025-01-31,596.5924682617188,604.6617769781066,595.8291372870628,602.2231232896551,66566900,SPY,53.909481470132384,3.0439835546956147,2.1976753979194252,0.8463081567761894,593.6212905874597,588.8035973649176,2025-02-07,-0.0017447313032971,0,0,0.66,2025
2025-02-03,592.57763671875,595.0757062127931,585.3608436126516,587.5219003161839,65857200,SPY,50.10461118654943,2.573088337226636,2.2727579857808675,0.3003303514457687,593.5218949809159,588.9515989082051,2025-02-10,0.0118440069578171,0,0,0.595,2025
2025-02-04,596.5528564453125,597.0682984855546,592.0919442792167,592.6371547762964,33457800,SPY,53.596825496801905,2.4919419389100312,2.3165947764067005,0.1753471625033307,593.8105579775251,589.2496874390721,2025-02-11,0.0058658131300821,0,0,0.56,2025
2025-02-05,598.9715576171875,599.1202788798545,593.3805941197304,595.4226979994195,30653100,SPY,55.63161664903765,2.592912325006296,2.37185828612662,0.221054038879676,594.302081752731,589.6309372499786,2025-02-12,-0.0014232362396889,0,0,0.63,2025
2025-02-06,601.0534057617188,601.1822813993956,597.3954553264954,600.7262552580012,35771500,SPY,57.364598526947624,2.808544675215103,2.4591955639443164,0.3493491112707865,594.9450649916822,590.0788771916154,2025-02-13,0.00562407776305,0,0,0.81,2025
2025-02-07,595.5515747070312,602.8476293093627,594.8377973519179,601.6184099530446,50788500,SPY,51.62569155473177,2.506588686825694,2.468674188520592,0.0379144983051018,595.0028278217154,590.2934927804553,2025-02-14,0.0148642323656724,0,0,0.565,2025
2025-02-10,599.5961303710938,600.2405085459313,597.5044727650717,598.7833062959043,26048700,SPY,55.175833357458515,2.5640909860831016,2.4877575480330942,0.0763334380500073,595.4402852073705,590.6583020977353,2025-02-18,0.010977848350274,0,0,0.58,2025
2025-02-11,600.0521240234375,600.5973344853313,597.197135580987,597.3160883906734,30056700,SPY,55.57171299437227,2.616297796958065,2.5134655978180884,0.1028321991399767,595.8795079517578,591.0266872712922,2025-02-19,0.0125886280631137,0,0,0.61,2025
2025-02-12,598.1190795898438,599.2987454315366,593.3112318639063,593.9952408058122,45076100,SPY,53.41791201119334,2.473182234742012,2.505408925202873,-0.032226690460861,596.0928004887184,591.3048203033923,2025-02-20,0.0116348828312389,0,0,0.54,2025
2025-02-13,604.4337768554688,604.6419745466134,597.9605288512577,599.2293791218168,40921300,SPY,59.007180342829066,2.836606778585633,2.5716484958794252,0.2649582827062078,596.8871791903136,591.8196813446502,2025-02-21,-0.0160563778224531,0,0,0.84,2025
2025-02-14,604.4039916992188,605.6827646257742,603.7794592105552,604.6418973129976,26910400,SPY,58.97123784263302,3.086639080772557,2.6746466128580515,0.411992467914505,597.6030660959236,592.3131837114961,2025-02-24,-0.0204854201769139,-1,0,0.855,2025
2025-02-18,606.1784057617188,606.1784057617188,603.0954346706795,605.5737189248886,26749000,SPY,60.51429867909477,3.38890666062548,2.8174986224115375,0.5714080382139426,598.4197651117137,592.8569179095441,2025-02-25,-0.0282096780316054,-1,0,0.83,2025
2025-02-19,607.60595703125,607.9033390687135,604.2652343829255,604.7807369178573,31011100,SPY,61.76033344069689,3.7009847043972286,2.994195838808676,0.7067888655885528,599.2946405326219,593.4353116005914,2025-02-26,-0.0300034675986456,-1,0,0.8,2025
2025-02-20,605.078125,606.3668208452111,601.7473251371486,606.2280223913441,36554000,SPY,58.2547308301509,3.701663411931804,3.1356893534333015,0.5659740584985027,599.8454485771341,593.8918925182153,2025-02-27,-0.0414988500645577,-1,0,0.845,2025
2025-02-21,594.728759765625,604.9987554556133,594.2628108513653,604.8599570126433,76519800,SPY,46.59383977511808,2.8344205753556935,3.07543559781778,-0.2410150224620864,599.3581448808,593.9247108416431,2025-02-28,-0.0096009497501856,0,0,0.475,2025
2025-02-24,592.0225219726562,597.7919754098276,591.3087445913096,596.7907388152252,50737200,SPY,44.1075572970757,1.90677350822466,2.841703179899156,-0.934929671674496,598.6595141276434,593.850115199722,2025-03-03,-0.0225047236011599,-1,1,0.565,2025
2025-02-25,589.0783081054688,592.6966277098621,584.4389667405298,591.9630651720931,58266500,SPY,41.512263862367554,0.9233888194065684,2.4580403078006388,-1.5346514883940705,597.7470183160077,593.6629855097514,2025-03-04,-0.0292475987309276,-1,1,0.49,2025
2025-02-26,589.3756713867188,594.3719315476118,586.718957724097,590.7536120583931,43321600,SPY,41.884201680365685,0.1661290677609486,1.999658059792701,-1.8335289920317523,596.949747179885,593.4948555441423,2025-03-05,-0.0193090936920037,0,0,0.39,2025
2025-02-27,579.9680786132812,592.8254489982988,579.571589429075,591.665568384651,74196700,SPY,34.42552259225319,-1.1795220593895692,1.363822035956247,-2.543344095345816,595.332445411637,592.9643937037164,2025-03-06,-0.0210921747886304,-1,0,0.59,2025
2025-02-28,589.018798828125,589.5540864732496,577.3807850421597,580.4736791128596,88744100,SPY,44.63962119791986,-1.49837050871497,0.7913835270220037,-2.2897540357369737,594.7311457370167,592.8096644929088,2025-03-07,-0.030731515642117,-1,0,0.525,2025
2025-03-03,578.69921875,592.1513529367862,574.8628395664972,591.0013951605243,74249200,SPY,37.47254576068177,-2.5543194651741032,0.1222429285827822,-2.6765623937568854,593.2042955477771,592.2563136794614,2025-03-10,-0.0397244797397179,-1,1,0.48,2025
2025-03-04,571.8491821289062,580.305116672504,567.2792406875518,574.6744623566839,109648200,SPY,33.61452942549566,-3.89896251519167,-0.6819981601721082,-3.2169643550195617,591.1704752221704,591.4560340108122,2025-03-11,-0.0362999866477066,-1,1,0.67,2025
2025-03-05,577.995361328125,579.7995595159383,568.1020700009266,571.6806979232716,71230500,SPY,39.62118157117537,-4.417731663670111,-1.4291448608717088,-2.9885868027984017,589.9157024703566,590.9281644938442,2025-03-12,-0.0414879772448973,-1,1,0.635,2025
2025-03-06,567.7352905273438,575.1304520011837,565.1677614238747,570.481188331108,80094900,SPY,34.07795322716197,-5.592297394720731,-2.2617753676415133,-3.3305220270792177,587.8032822853078,590.0186400245697,2025-03-13,-0.0371740877413181,-1,1,0.775,2025
2025-03-07,570.9173583984375,572.374620972555,560.7167623995564,565.9410048616534,81158800,SPY,37.02085567488035,-6.1949711442061925,-3.0484145229544493,-3.1465566212517433,586.1950990579868,589.2695701568782,2025-03-14,-0.0227634219273009,-1,1,0.705,2025
2025-03-10,555.710693359375,564.5928260670291,550.7640472991095,562.6598126082816,99326600,SPY,30.104389827326045,-7.809620767070669,-4.000655771777693,-3.808964995292976,583.2918223247857,587.9535357726625,2025-03-17,0.0117199083908161,0,1,0.68,2025
2025-03-11,551.091064453125,559.1207412786642,547.2249775415542,554.5408770802754,88102100,SPY,28.37034547098324,-9.35417852375008,-5.071360322172171,-4.282818201577908,580.2250834798656,586.5079486620924,2025-03-18,0.0091741391920945,0,1,0.81,2025
2025-03-12,554.0155029296875,558.2186634905289,548.8805050365849,557.2868261582678,69588200,SPY,31.07689086866324,-10.22441325779016,-6.101970909295769,-4.122442348494392,577.7289329512772,585.2337351039589,2025-03-19,0.0147797893354515,0,1,0.8,2025
2025-03-13,546.6302490234375,554.2534547102391,544.9053726595178,553.6388449829802,74079400,SPY,28.180974041006195,-11.378840631593109,-7.157344853755237,-4.22149577783787,574.7671535295782,583.7198729047228,2025-03-20,0.0255158837828091,1,1,0.895,2025
2025-03-14,557.9213256835938,558.9324851362809,546.6996460395349,551.2795110234803,62660300,SPY,37.7342505858327,-11.252920457191635,-7.976459974442517,-3.276460482749118,573.1627889728178,582.708165170561,2025-03-21,0.005093215904679,0,1,0.72,2025
2025-03-17,562.2235717773438,564.7613323506962,557.4652177604464,557.9013981951625,49008700,SPY,40.95699502656633,-10.682827521538798,-8.517733483861774,-2.165094037677024,572.1209587637251,581.9048477825917,2025-03-24,0.0152640115786066,0,1,0.67,2025
2025-03-18,556.1468505859375,560.1121055231899,554.203853884888,559.8939850390469,66041400,SPY,37.967821848416406,-10.59918457558058,-8.934023702205534,-1.6651608733750454,570.5996151277453,580.8947302454679,2025-03-25,0.0288244725858792,1,1,0.69,2025
2025-03-19,562.2037353515625,565.9905608911315,556.7515100807932,557.9410986045036,66556000,SPY,42.47441852700259,-9.929693630058296,-9.133157687776087,-0.7965359422822083,569.8000075300137,580.1617500535501,2025-03-26,0.0055904010206764,0,1,0.66,2025
2025-03-20,560.5780029296875,565.6138937221895,557.7130916703615,558.4367918514132,62958200,SPY,41.600807984709675,-9.42169284166414,-9.190864718553698,-0.2308281231104416,568.9217213776017,579.3937599702614,2025-03-27,0.0058284002086121,0,1,0.66,2025
2025-03-21,560.762939453125,561.6677826377718,554.8469278493619,556.0897976294804,83763000,SPY,41.7475865549762,-8.901564035876959,-9.13300458201835,0.2314405461413908,568.1446945276515,578.6631395578247,2025-03-28,-0.0147522623030756,0,1,0.65,2025
2025-03-24,570.8053588867188,571.86926269199,566.9474862667257,567.5440394813636,58766800,SPY,49.21232352509893,-7.591508702897954,-8.824705406194271,1.2331967032963167,568.3980911332769,578.3549912962127,2025-03-31,-0.0255887597137534,-1,0,0.515,2025
2025-03-25,572.177490234375,573.1220227068575,570.4175672260229,572.0183689196199,38355700,SPY,50.1522378436652,-6.369141383481519,-8.333592601651722,1.9644512181702023,568.7580339048101,578.1127363526113,2025-04-01,-0.0251799658565162,-1,0,0.525,2025
2025-03-26,565.3466796875,573.0425195248911,563.9546412826954,571.9090077398645,51848300,SPY,45.62537244636156,-5.883771346270805,-7.843628350575539,1.959857004304734,568.433143026971,577.6121066794697,2025-04-02,-0.0071581104307195,0,1,0.575,2025
2025-03-27,563.8452758789062,567.6434930945948,561.717468314772,563.944681183511,42164200,SPY,44.67094620226295,-5.556214255167106,-7.3861455314938524,1.8299312763267463,567.996203298584,577.0722309618005,2025-04-03,-0.0535726135010659,-1,1,0.64,2025
2025-03-28,552.4904174804688,563.0399428035041,551.903816900767,562.304173568215,71662700,SPY,38.168075671541814,-6.142063195571836,-7.13732906430945,0.9952658687376132,566.5194617920968,576.1082382762581,2025-04-04,-0.0906669496242986,-1,1,0.65,2025
2025-03-31,556.1991577148438,557.5116354900671,543.750554530121,546.6936920279248,95328200,SPY,41.17993597975654,-6.23521270915171,-6.956905793277902,0.7216930841261915,565.5365756895012,575.3274900189477,2025-04-07,-0.0983392859709899,-1,1,0.665,2025
2025-04-01,557.7700805664062,559.7288748312798,550.5216860996894,554.270200650382,54609600,SPY,42.45848239545433,-6.111820759163379,-6.787888786454998,0.6760680272916186,564.7969094873017,574.6389641580638,2025-04-08,-0.1149614734576388,-1,1,0.67,2025
2025-04-02,561.2998657226562,564.1832870343261,551.6452319792124,551.8838532533371,76014500,SPY,45.33381363196214,-5.6639174723871974,-6.563094523641438,0.8991770512542407,564.4638577001926,574.1158622586361,2025-04-09,-0.0281654532668822,-1,1,0.655,2025
2025-04-03,533.6386108398438,544.8442841383162,533.6386108398438,542.0006124868958,125986000,SPY,31.886801032107343,-7.455045856904917,-6.741484790294134,-0.713561066610783,561.5281199039689,572.5285190657422,2025-04-10,-0.0225824032226427,-1,1,0.71,2025
2025-04-04,502.3977966308594,522.8703441644736,502.17905033414394,520.6828811973194,217965100,SPY,23.432791485402916,-11.26553850695143,-7.646295533625593,-3.6192429733258367,555.8966605446251,569.7782946565311,2025-04-11,0.0567210917419884,1,1,0.915,2025
2025-04-07,501.5029296875,520.1857262659767,479.0517131179981,486.3995737800916,256611400,SPY,23.242701519910085,-14.193970413359011,-8.955830509572277,-5.238139903786735,550.7163052248989,567.1008293636279,2025-04-14,0.0688765848358157,1,1,0.84,2025
2025-04-08,493.64801025390625,521.9854113898446,486.36975741253633,518.8832132196871,165816600,SPY,21.587306747352116,-16.953174506661753,-10.555299308990172,-6.397875197671581,545.2812295133757,564.2203266534427,2025-04-15,0.0828430862832747,1,1,0.8,2025
2025-04-09,545.4906005859375,545.4906005859375,490.23757127668296,490.62536123459006,241867300,SPY,47.94095772962615,-14.786154273997226,-11.401470301991584,-3.384683972005643,545.3011696155245,563.485827591972,2025-04-16,-0.0418504746054688,-1,1,0.565,2025
2025-04-10,521.5877685546875,530.4568711321452,506.4148031681469,529.1344405716377,162331200,SPY,41.08477096604526,-14.82662184036826,-12.08650060966692,-2.7401212307013427,543.0427504668734,561.842766453255,2025-04-17,0.0034883065085176,0,1,0.77,2025
2025-04-11,530.8943481445312,533.3701351923651,517.1034690516782,520.0267013859047,97866300,SPY,44.417785438327,-13.946957637732908,-12.458592015280118,-1.4883656224527897,541.8857597695074,560.6291029901678,2025-04-21,-0.0375698436901634,-1,1,0.74,2025
2025-04-14,536.0447387695312,541.1753390049968,530.8147332303623,540.9466097072813,68034000,SPY,46.23070577779885,-12.68796497740334,-12.504466607704764,-0.1834983696985759,541.329472055224,559.665010275633,2025-04-22,-0.0220172781116023,-1,1,0.7,2025
2025-04-15,534.5433349609375,540.1312723398183,533.7479104814203,536.5915818220184,56892900,SPY,45.76211793298882,-11.67675262737589,-12.33892381163899,0.6621711842630997,540.6831732843395,558.6798465378018,2025-04-23,-0.0040735523052291,0,1,0.745,2025
2025-04-16,522.6615600585938,534.8218402750512,517.3221958900297,528.6472408418655,83484800,SPY,42.12336905207933,-11.699257728511498,-12.210990595013492,0.511732866501994,538.9668291676019,557.2673647150879,2025-04-24,0.0400068338244414,1,1,0.86,2025
2025-04-17,523.4072265625,528.1400842911512,520.9214870568637,524.6302516664327,79868100,SPY,42.432732912772366,-11.524081688023898,-12.073608813615571,0.5495271255916752,537.4849622528303,555.9395161600844,2025-04-25,0.0460287815153488,1,1,0.855,2025
2025-04-21,510.94873046875,518.7241309058172,505.5596338825616,518.1871723342323,69368100,SPY,38.70973960620923,-12.249347080442137,-12.108756466980887,-0.1405906134612475,534.9577020829179,554.1751716231694,2025-04-28,0.0719428233133254,1,1,0.85,2025
2025-04-22,524.2424926757812,526.2807870532888,516.2284704641588,517.1730636694438,75948100,SPY,44.32322142107648,-11.617510193822111,-12.010507212349133,0.3929970185270193,533.9372059489049,553.001341076213,2025-04-29,0.0513417506588806,1,1,0.815,2025
2025-04-23,532.3658447265625,542.3187554782935,530.8346510289886,537.3472764364299,90590700,SPY,47.48819337668915,-10.342071327674944,-11.676820035414297,1.334748707739351,533.787552499158,552.1921059252463,2025-04-30,0.0357103794626223,1,1,0.65,2025
2025-04-24,543.5715942382812,544.3073634486632,532.3957187263146,533.6584331737259,64150400,SPY,51.57735775456083,-8.331031556081484,-11.007662339547734,2.6766307834662495,534.7193659981222,551.8540466434046,2025-05-01,0.02154779366479,1,1,0.59,2025
2025-04-25,547.4990234375,547.9066579905569,540.5886558742968,543.5317931259866,61119600,SPY,52.95996052907019,-6.34719086949849,-10.075568045537883,3.7283771760393942,535.9364762304439,551.6832614196436,2025-05-02,0.0292750771887078,1,1,0.51,2025
2025-04-28,547.7078247070312,550.3924355414467,541.9111238077456,548.2447832861145,47613800,SPY,53.03673497251347,-4.703910562275723,-9.001236548885453,4.29732598660973,537.0575570377379,551.5273619407177,2025-05-05,0.0229827455844309,1,1,0.48,2025
2025-04-29,551.1580200195312,552.2815790568998,545.4209141992505,545.7788460995639,47775100,SPY,54.362201945886326,-3.087605162032446,-7.818510271514852,4.730905109482406,538.4004582740992,551.5128779438085,2025-05-06,0.0080820157044609,0,1,0.46,2025
2025-04-30,551.3768310546875,553.3455782199762,538.4311395978207,544.4466177046888,93101500,SPY,54.450004911727454,-1.7686276272762598,-6.6085337426671344,4.839906115390875,539.6363033008219,551.5075427716861,2025-05-07,0.0119197348434616,0,0,0.345,2025
2025-05-01,555.2843627929688,560.8524558505887,554.6778569018302,557.1735491438936,63186100,SPY,56.07522443818073,-0.403373435712524,-5.367501681276213,4.964128245563689,541.1265946810263,551.655653360756,2025-05-08,0.0118001327576764,0,0,0.445,2025
2025-05-02,563.527099609375,565.1378539569648,559.1720791327064,561.5086499974077,60717300,SPY,59.36858476300679,1.3284072687953312,-4.028319891261904,5.356727160057235,543.2599761027737,552.1212002724666,2025-05-09,-0.0042697643668874,0,0,0.69,2025
2025-05-05,560.295654296875,563.4177577758883,558.4959812674823,559.3610137868201,38659200,SPY,57.5469468937635,2.4122978554463543,-2.7401963419202526,5.152494197366607,544.8824216450691,552.4417670969532,2025-05-12,0.0345690642714002,1,0,0.71,2025
2025-05-06,555.6124877929688,560.1365216016732,553.7830174830004,554.747455291201,48264700,SPY,54.91704249110542,2.860423376238032,-1.6200723982885958,4.480495774526627,545.9043327067739,552.5661090850323,2025-05-13,0.050178976409827,1,0,0.545,2025
2025-05-07,557.9490966796875,560.6038493983164,552.8681991631311,556.9548009077818,55588000,SPY,55.99754478422457,3.365317602850155,-0.6229943980608457,3.9883120009110007,547.0514530851466,552.7772066377639,2025-05-14,0.0471175322744628,1,0,0.61,2025
2025-05-08,561.8367919921875,567.0568450320475,558.4959726115572,562.0157579568283,65130800,SPY,57.80938554162512,4.032668345462525,0.3081381506438285,3.724530194818697,548.4595806001029,553.1324844948001,2025-05-15,0.044951002342823,1,0,0.825,2025
2025-05-09,561.1209716796875,564.2629200033267,559.5499671743652,563.2487187713206,37603400,SPY,57.3412124302405,4.452462681891461,1.1370030568933551,3.3154596249981063,549.6654273695871,553.4457585020506,2025-05-16,0.0529112931594666,1,0,0.74,2025
2025-05-12,579.66455078125,579.6745034500635,573.7484781026347,578.1532016097033,78993600,SPY,65.20304192046314,6.209880934410421,2.1515786323967685,4.058302302013653,552.5224867421264,554.4739464345682,2025-05-19,0.0203433129512371,1,0,0.875,2025
2025-05-13,583.4925537109375,585.7197665156716,579.5153706490559,580.0820658308163,67947200,SPY,66.57260193916137,7.821375457875661,3.285537997492547,4.535837460383114,555.4720169296322,555.6119310336416,2025-05-20,0.0102412755223828,0,0,0.75,2025
2025-05-14,584.23828125,585.6203062554047,582.1999263612488,584.4569971907843,66283500,SPY,66.84635793322705,9.054298145098528,4.439290027013743,4.615008118084785,558.2116611506196,556.7345330029106,2025-05-21,-0.0080498027613412,0,0,0.69,2025
2025-05-15,587.0919189453125,587.5989588253952,581.7624473439984,582.2198452585625,71268100,SPY,67.92873959884392,10.144720942462072,5.58037621010341,4.564344732358663,560.9621618929714,557.9250187261421,2025-05-22,-0.0124817624941859,0,0,0.735,2025
2025-05-16,590.8106079101562,591.1088845286154,585.9186893064182,587.8774230068021,76052100,SPY,69.33376862400124,11.180078995227746,6.700316767128277,4.479762228099468,563.8048710374652,559.2146496745348,2025-05-23,-0.0253955617659422,-1,0,0.725,2025
2025-05-19,591.4568481445312,592.1429146923263,584.7453513153635,584.7453513153635,68168500,SPY,69.58315473235336,11.91540057668692,7.743333529040006,4.172067047646914,566.4383926667095,560.4790496145347,2025-05-27,-0.0062199516657105,0,0,0.695,2025
2025-05-20,589.46826171875,590.661428858583,586.2368002538279,589.7069436963179,60614500,SPY,67.75714900779728,12.197085513076216,8.634083925847248,3.5630015872289693,568.6317135288086,561.6158814617588,2025-05-28,-0.0086362924742654,0,-1,0.49,2025
2025-05-21,579.5352783203125,589.1998657689248,578.5012324590923,585.0834662873492,95197700,SPY,59.375571842247695,11.486405969767134,9.204548334631228,2.281857635135907,569.6701482708567,562.3186029071923,2025-05-29,0.0123357232662806,0,-1,0.495,2025
2025-05-22,579.7639770507812,583.2738097421649,578.0935066667054,579.3363764431303,70860400,SPY,59.49979329130661,10.816950317812823,9.527028731267547,1.2899215865452778,570.6314652975161,563.0027352265487,2025-05-30,0.0108044623914065,0,-1,0.52,2025
2025-05-23,575.806640625,578.4912514897796,572.3166525694867,572.6944898379297,76029000,SPY,56.29218492099103,9.853492980261422,9.592321581066322,0.2611713991950992,571.1243391382288,563.5048491637428,2025-06-02,0.0234843782329816,1,-1,0.47,2025
2025-05-27,587.7780151367188,587.9370757702034,575.1305403861026,582.7269752337963,72588500,SPY,62.82170265688208,9.941338412114533,9.662124947275965,0.279213464838568,572.7104035190374,564.4567380254282,2025-06-03,0.008356563315959,0,-1,0.51,2025
2025-05-28,584.37744140625,589.3887309946801,583.6416722363929,588.1856112493471,68445500,SPY,60.07622746756985,9.625600735926469,9.654820105006069,-0.0292193690795983,573.8215499844862,565.237942079578,2025-06-04,0.0139520431482154,0,-1,0.54,2025
2025-05-29,586.6842651367188,589.8163213976459,582.7269869994868,589.6771054111595,69973300,SPY,61.31142785838485,9.452554583669212,9.614367000738696,-0.1618124170694841,575.046570475175,566.0789743563287,2025-06-05,0.0050842493967324,0,-1,0.6,2025
2025-05-30,586.0280151367188,587.7580801158757,579.9130717022508,585.5706172221718,90601200,SPY,60.73573646170639,9.15690526684466,9.522874653959889,-0.3659693871152285,576.092422347703,566.8612896810498,2025-06-06,0.0165425486875308,0,-1,0.56,2025
2025-06-02,589.3291015625,589.4086015340318,581.7227142099362,584.4073250806647,61630500,SPY,62.636250252045464,9.084253519630238,9.43515042709396,-0.3508969074637207,577.3530584633979,567.7423803430675,2025-06-09,0.0117595360521514,0,-1,0.54,2025
2025-06-03,592.6898193359375,593.6741624833163,588.4739541013344,588.961210027987,63606200,SPY,64.51915090099976,9.191899824740744,9.386500306623317,-0.1946004818825724,578.8137023560207,568.7207112839643,2025-06-10,0.0117264276365178,0,-1,0.595,2025
2025-06-04,592.5307006835938,594.5391976596761,592.0932080953481,593.5548545078736,57314200,SPY,64.35379304507666,9.158793876993627,9.34095902069738,-0.1821651437037523,580.1200831491229,569.6544363584596,2025-06-11,0.0091118449142528,0,-1,0.595,2025
2025-06-05,589.6671142578125,595.5831864273371,587.6785226503756,594.2210060312028,92278700,SPY,61.30848880550676,8.800048204457198,9.232776857449345,-0.4327286529921448,581.0293242070934,570.4392472564734,2025-06-12,0.0180423442202166,0,-1,0.605,2025
2025-06-06,595.722412109375,597.4027744725131,593.455388510206,595.2451088486548,66588700,SPY,65.07236724100576,8.90173791123334,9.166569068206142,-0.2648311569728019,582.4286659120726,571.4307439173715,2025-06-13,-0.0035718105848212,0,-1,0.605,2025
2025-06-09,596.2593383789062,597.8203901729,595.0761238694207,596.2990883662742,53016400,SPY,65.39383483345927,8.922796752445265,9.117814605053969,-0.1950178526087018,583.7458728136758,572.4044142884121,2025-06-16,0.005002603614064,0,-1,0.605,2025
2025-06-10,599.6399536132812,600.0276828696868,595.672722912116,596.7962213819605,66247000,SPY,67.4266427485328,9.107290259242973,9.115709735891768,-0.008419476648795,585.2595947945906,573.4724746540933,2025-06-17,-0.0092028083665521,0,-1,0.565,2025
2025-06-11,597.9297485351562,601.608655383662,595.851704156038,600.7436228335788,73658200,SPY,65.33575409614123,9.01162305452749,9.094892399618914,-0.0832693450914234,586.4662761032159,574.4315834337428,2025-06-18,-0.0065185651868258,0,-1,0.61,2025
2025-06-12,600.3060913085938,600.3060913085938,596.1002394800107,596.5874347137615,64129000,SPY,66.87294489600373,9.023539362622614,9.080621792219654,-0.05708242959704,587.7843537418233,575.4462700170703,2025-06-20,-0.0127753633171554,0,-1,0.565,2025
2025-06-13,593.5946044921875,598.4169149439988,592.083255426069,595.0860482220673,89506000,SPY,58.925240222410466,8.394653882327134,8.94342821024115,-0.5487743279140158,588.3377109561437,576.1579694082515,2025-06-23,0.0082482524723266,0,-1,0.54,2025
2025-06-16,599.2421875,601.0021104918266,596.7961979763596,596.9752246255282,79984100,SPY,62.91891146960115,8.256791208846153,8.806100809962151,-0.5493096011159988,589.3762325317491,577.0632328628299,2025-06-24,0.0097794007405185,0,-1,0.475,2025
2025-06-17,594.12158203125,598.3174810611555,593.3559548666378,596.7862874189289,82209400,SPY,57.46344014004971,7.646203308083614,8.574121309586445,-0.9279180015028315,589.8281705793206,577.7321877321797,2025-06-25,0.0190531460163498,0,0,0.55,2025
2025-06-18,594.0321044921875,597.7905111811382,593.0676059775907,595.0264003245132,76605000,SPY,57.36983233613779,7.073548444733888,8.274006736615934,-1.2004582918820468,590.2285452376889,578.3714001541408,2025-06-26,0.0271807535523316,1,0,0.555,2025
2025-06-20,592.636962890625,597.8026339141032,591.2208450851572,596.7256028572928,94051400,SPY,55.84236073119868,6.432983641190162,7.90580211753078,-1.4728184763406178,590.4579183474923,578.9308339869441,2025-06-27,0.0347142319833932,1,0,0.565,2025
2025-06-23,598.49072265625,598.8795981212522,590.2535502615591,593.3948045851308,87426000,SPY,60.58434006484555,6.32477286597134,7.589596267218893,-1.2648234012475523,591.2229473292788,579.697888444564,2025-06-30,0.0294926242688924,1,0,0.72,2025
2025-06-24,605.1024169921875,606.1694051168853,601.7416782982235,602.65917852593,67735300,SPY,65.138074832654,6.695343768413522,7.410745767457819,-0.715401999044297,592.5448015828891,580.6941444660395,2025-07-01,0.0179142662727993,0,0,0.585,2025
2025-06-25,605.4414672851562,606.9273380866383,603.8658185288903,606.2292612300843,62114800,SPY,65.35909110373237,6.9364236296701165,7.31588133990028,-0.379457710230163,593.7730554592955,581.664627713848,2025-07-02,0.0219561304828956,1,-1,0.56,2025
2025-06-26,610.1783447265625,610.617130683572,606.6880212532993,607.306302256393,78548400,SPY,68.37562075215403,7.4241268652434655,7.337530444968917,0.0865964202745486,595.3354639609399,582.7828126947387,2025-07-03,0.0220144477002572,1,0,0.665,2025
2025-06-27,613.2098999023438,614.6858494593505,609.1412239120898,611.1855439983277,86258400,SPY,70.16616639128324,7.963458566792042,7.462716069333542,0.5007424974585,597.0377911934546,583.9760318009193,2025-07-07,0.0093835558695074,0,0,0.69,2025
2025-06-30,616.1417846679688,617.5079921128906,613.3395560055452,615.6731133088892,92502500,SPY,71.82749286750305,8.529142775043397,7.676001410475513,0.8531413645678834,598.8572191434083,585.2374338741369,2025-07-08,0.0040301670145828,0,0,0.625,2025
2025-07-01,615.9423828125,617.1191131155733,613.8182668389494,614.6559103723325,70030100,SPY,71.53572605270031,8.859237744319216,7.912648677244254,0.946589067074962,600.4843775880837,586.4415495187785,2025-07-09,0.010377938087122,0,0,0.64,2025
2025-07-02,618.734619140625,618.7744866384667,614.9052090235124,615.53347209637,66510400,SPY,73.17870711110005,9.23964168380951,8.178047278557306,1.0615944052522028,602.2224958311829,587.7079444059098,2025-07-10,0.0086550249631363,0,0,0.53,2025
2025-07-03,623.611083984375,624.5484875028751,620.7090954800537,620.7290596612153,51065800,SPY,75.80528653101263,9.82138963893658,8.50671575063316,1.3146738883034192,604.259504226725,589.1159106638888,2025-07-11,-0.0027505460376594,0,-1,0.56,2025
2025-07-07,618.9639892578125,622.3047639816969,616.1617605422166,621.6365725170731,74814500,SPY,68.88250144394611,9.794541994379417,8.764280999382413,1.0302609949970023,605.6599313725428,590.2864235499251,2025-07-14,0.0066539093467714,0,-1,0.65,2025
2025-07-08,618.6249389648438,620.3900039601925,617.8071987595777,619.6320954349991,59024600,SPY,68.39176035728701,9.63484205582131,8.938393210670192,0.6964488451511173,606.894694000381,591.3977378799219,2025-07-15,0.0029015689428231,0,-1,0.67,2025
2025-07-09,622.3345947265625,622.9927431754923,619.1932795088373,621.0481832340878,66113300,SPY,70.8396426069526,9.695849206822343,9.089884409900623,0.6059647969217217,608.3651607362078,592.6109479523392,2025-07-16,0.0002563667515664,0,-1,0.645,2025
2025-07-10,624.0897827148438,625.1368675729468,621.2875540464601,622.4742664500196,57529000,SPY,71.94664787407879,9.7731678204118,9.22654109200286,0.5466267284089401,609.8627437817922,593.8454120606727,2025-07-17,0.0035472558815392,0,-1,0.615,2025
2025-07-11,621.8958129882812,623.1323749024951,619.8116254973129,621.0182411395347,63670200,SPY,68.448696999096,9.547352421869618,9.290703357976213,0.2566490638934056,611.0087503728864,594.945427783324,2025-07-18,0.0063500936928835,0,-1,0.665,2025
2025-07-14,623.08251953125,623.4315275028133,620.0808318567448,621.437057113524,51898500,SPY,69.31763611479815,9.35629583758623,9.303821853898215,0.0524739836880137,612.1586331498735,596.0488431459878,2025-07-21,0.0063379994718171,0,-1,0.645,2025
2025-07-15,620.419921875,626.1240780025647,620.340126016414,625.7850521197855,74317300,SPY,64.99266430659938,8.887582223901632,9.2205739278989,-0.3329917039972692,612.9454225522665,597.0045717235961,2025-07-22,0.0108014197793202,0,-1,0.69,2025
2025-07-16,622.494140625,623.0027403264891,616.3412163521633,622.0154871960257,88987500,SPY,66.73396689717845,8.584538213477572,9.093366785014636,-0.5088285715370642,613.8548242734792,598.0041626609061,2025-07-23,0.0160041078762664,0,-1,0.62,2025
2025-07-17,626.3035888671875,626.6626398066976,622.4542755061946,622.6736989062512,68885700,SPY,69.71355162438559,8.553168683735976,8.985327164758905,-0.4321584810229293,615.0404209014514,599.1139440807603,2025-07-24,0.0101585969420421,0,-1,0.6,2025
2025-07-18,625.8449096679688,627.7296380152247,624.7280110672211,627.5601250668279,65621600,SPY,68.91318549523749,8.394529615382794,8.867167654883684,-0.4726380395008895,616.069419831596,600.1622172410431,2025-07-25,0.0151693369988208,0,-1,0.6,2025
2025-07-21,627.0316162109375,629.7939164140192,626.6028123652087,627.0316162109375,63375000,SPY,69.87677472420958,8.26924164086563,8.747582452080072,-0.4783408112144425,617.1134385343904,601.2159191614311,2025-07-28,0.012993603020494,0,-1,0.55,2025
2025-07-22,627.121337890625,627.9889276793821,624.4587368446605,627.3606646093982,60046300,SPY,69.95260824786861,8.084002459884232,8.614866453640905,-0.5308639937566735,618.0665718064128,602.231817935125,2025-07-29,0.0101771759835465,0,-1,0.52,2025
2025-07-23,632.4566040039062,632.4566040039062,627.9889485945137,629.8039240942028,70511000,SPY,74.1241596848178,8.272351937270173,8.54636355036676,-0.2740116130965866,619.4370510633169,603.4171036633126,2025-07-30,0.0003941259788371,0,-1,0.535,2025
2025-07-24,632.6659545898438,634.3912129187636,632.2371507469353,632.8454496264281,71307100,SPY,74.27507997618306,8.3423477063252,8.505560381558448,-0.1632126752332485,620.6969466372718,604.5641174251373,2025-07-31,-0.0036883541414248,0,-1,0.56,2025
2025-07-25,635.3385620117188,635.8172763273444,633.0848614440556,633.3341702599237,56865400,SPY,76.18473232978445,8.515317659252105,8.50751183709718,0.0078058221549248,622.091386196743,605.770958389317,2025-08-01,-0.0241407106873824,-1,-1,0.51,2025
2025-07-28,635.1790161132812,636.2759505305676,633.782862430909,635.7175012309004,54917100,SPY,75.82287640146193,8.541067463416312,8.514222962361007,0.0268445010553044,623.3378271411752,606.9242155549626,2025-08-04,-0.0090590041696883,0,-1,0.525,2025
2025-07-29,633.503662109375,636.9042074633194,632.5862227401361,636.5850848856694,60556300,SPY,71.9578577085058,8.330261236014962,8.477430617091798,-0.1471693810768357,624.3060019000515,607.9665467923905,2025-08-05,-0.0114756991881166,0,-1,0.53,2025
2025-07-30,632.7058715820312,635.9169397338984,629.7939009526881,634.1617960302962,80418900,SPY,70.12474318788435,8.006526500274049,8.383249793728249,-0.3767232934541997,625.1059894888115,608.9367163919843,2025-08-06,-0.0026479191661634,0,-1,0.51,2025
2025-07-31,630.3324584960938,638.0809348105399,629.0260827850975,637.6920593309911,103385200,SPY,64.83324927647858,7.472313609287994,8.2010625568402,-0.7287489475522051,625.603748441886,609.7757651019494,2025-08-07,0.0002688971932536,0,0,0.525,2025
2025-08-01,620.0010375976562,624.6083202058907,617.5777633723885,624.5683918435021,140103600,SPY,47.89211630650213,6.144457242864746,7.789741494045109,-1.645284251180363,625.0701569329117,610.1767561802125,2025-08-08,0.0248665670351444,1,0,0.53,2025
2025-08-04,629.4249267578125,629.4747763447384,623.8504160518278,623.9401331350132,73218000,SPY,58.535425414074744,5.785854868923138,7.388964169020715,-1.603109300097577,625.4848969162356,610.9315863989419,2025-08-11,0.0075257226716554,0,0,0.48,2025
2025-08-05,626.2337646484375,630.8609506236863,625.3063432085271,630.0432104487703,68051400,SPY,54.47758930821588,5.184397286666467,6.948050792549866,-1.7636535058833989,625.5562176526357,611.5316718204908,2025-08-12,0.0234407391502751,1,0,0.675,2025
2025-08-06,631.030517578125,631.6886660273483,626.3933495625395,627.310788901774,64357500,SPY,59.07056967742191,5.0367353429741115,6.565787702634715,-1.5290523596606036,626.0775795503014,612.2963324384373,2025-08-13,0.0191378035602569,0,0,0.615,2025
2025-08-07,630.501953125,635.2188561282265,627.3706199993678,634.4809118212801,74205800,SPY,58.37168287794206,4.821482406863538,6.21692664348048,-1.3954442366169424,626.4989484621774,613.0102783477142,2025-08-14,0.020087038476908,1,0,0.62,2025
2025-08-08,635.4183349609375,635.8870671683993,631.9878433436463,632.3069659204185,64051600,SPY,62.78246513049077,4.990081279651008,5.9715575707145865,-0.9814762910635784,627.3484138430117,613.8890256658799,2025-08-15,0.0098246091951219,0,0,0.62,2025
2025-08-11,634.1618041992188,637.1834561323586,632.9052780831173,635.6975853928571,58742300,SPY,61.00339538060185,4.965071318311516,5.770260320233972,-0.8051890019224563,627.9973081626505,614.6840365887559,2025-08-18,0.011605270282587,0,0,0.595,2025
2025-08-12,640.9131469726562,641.0726778368414,635.0294344517399,636.5252873774225,64730800,SPY,66.49681118267772,5.4274632642220695,5.701700909031592,-0.2742376448095225,629.2273880493177,615.7126291528305,2025-08-19,-0.0044812160993517,0,0,0.56,2025
2025-08-13,643.1070556640625,644.4034493171588,640.9031438473124,643.1269589799253,60092800,SPY,68.07085231391815,5.90289738225033,5.74194020367534,0.1609571785749901,630.5492611554839,616.786920388565,2025-08-20,-0.010513477413064,0,0,0.67,2025
2025-08-14,643.1668701171875,643.8350006749072,640.5641007895744,641.0128079474052,59327500,SPY,68.11483592264109,6.212890537852218,5.836130270510716,0.3767602673415018,631.7509381994557,617.82142822106,2025-08-21,-0.0145747921309939,0,0,0.68,2025
2025-08-15,641.6610717773438,644.3037696191185,640.7436323612244,644.2040095711507,68592500,SPY,65.66257431092062,6.264839831651329,5.921872182738839,0.3429676489124906,632.6947604449689,618.7563162036595,2025-08-22,0.0029062182683778,0,0,0.61,2025
2025-08-18,641.5214233398438,642.2195001872421,640.40452473057,641.0826373957427,43804900,SPY,65.42731968913347,6.223006612899667,5.982099068771005,0.2409075441286621,633.5353950063856,619.6490655031178,2025-08-25,-0.0012903057621257,0,0,0.58,2025
2025-08-19,638.0410766601562,642.3291760201543,636.714736747966,641.341922870885,69750700,SPY,59.687783245080304,5.841679351818243,5.954015125380453,-0.1123357735622097,633.9645075448399,620.3703208426094,2025-08-26,0.0083618520394521,0,0,0.485,2025
2025-08-20,636.3457641601562,637.89146660832,631.2000571048222,637.6322365737963,88890300,SPY,57.06189742234505,5.341108228728103,5.831433746049983,-0.4903255173218799,634.1912938891558,620.9968088158465,2025-08-27,0.0133519549268172,0,0,0.6,2025
2025-08-21,633.7928466796875,636.2061389257788,632.057667095043,634.5208697964243,54805800,SPY,53.261937261148894,4.684404008734305,5.602027798586848,-0.9176237898525432,634.1533465358731,621.4986142222717,2025-08-28,0.0210368543639281,1,0,0.67,2025
2025-08-22,643.52587890625,644.7125912923959,635.4881651988852,635.9967649167205,84083200,SPY,63.29718824384174,4.892932857197252,5.460208810308929,-0.5672759531116771,635.0459686663852,622.3624285236042,2025-08-29,-0.0004029011920867,0,0,0.88,2025
2025-08-25,640.6936645507812,643.505875096025,640.5740011970607,642.2593311060981,51274300,SPY,59.30671810645499,4.774618612027439,5.323090770652631,-0.5484721586251924,635.5838444648991,623.0813005246699,2025-09-02,-0.0034241756671469,0,0,0.9,2025
2025-08-26,643.3762817382812,643.7253506035642,639.7962411945653,640.4245042856638,51581600,SPY,61.76545915739634,4.841508610261599,5.226774338574425,-0.3852657283128264,636.3259813480784,623.87718214089,2025-09-03,-0.0022010084927754,0,0,0.805,2025
2025-08-27,644.8422241210938,645.580168455503,642.6383123424215,642.7879219740594,48341100,SPY,63.07830749376177,4.955682689441346,5.17255600874781,-0.2168733193064635,637.1370520883655,624.6993406499176,2025-09-04,0.0038506989288784,0,0,0.865,2025
2025-08-28,647.1258544921875,647.6843037743214,643.5557962693775,645.4505066457858,61519500,SPY,65.08930164730108,5.170830243308274,5.172210855659903,-0.0013806123516291,638.0883666030152,625.578811780987,2025-09-05,-0.0025889152662906,0,0,0.815,2025
2025-08-29,643.2666015625,646.04892693251,641.361908969664,645.6798938838932,74522200,SPY,59.21909870388835,4.97260566868988,5.132289818265899,-0.1596841495760186,638.5815318372519,626.2724505959484,2025-09-08,0.005859982845128,0,0,0.9,2025
2025-09-02,638.4998168945312,638.7191794281234,633.1645719217177,635.7374558444352,81983500,SPY,52.87590084767267,4.3803773171288185,4.981907318038483,-0.6015300009096647,638.5737494617547,626.7519551566771,2025-09-09,0.0157120883387831,0,0,0.765,2025
2025-09-03,641.960205078125,642.4289372924937,638.6893051342267,640.8931560649971,70820900,SPY,56.51713483282808,4.1425042777921135,4.81402670998921,-0.6715224321970963,638.8962690442661,627.348357114381,2025-09-10,0.0131575044238969,0,0,0.815,2025
2025-09-04,647.3253173828125,647.3552636551144,641.7308424389964,642.6382997027142,65219200,SPY,61.486056959087854,4.336914652727955,4.718604298536959,-0.3816896458090033,639.6990355526991,628.1317673209861,2025-09-11,0.0131101178998844,0,0,0.815,2025
2025-09-05,645.4505004882812,650.4067910780432,641.551337641252,649.6787679935875,85178900,SPY,58.95093162651666,4.290248901872019,4.632933219203971,-0.342684317331952,640.2467941179926,628.8109333275468,2025-09-12,0.0157129117269394,0,0,0.92,2025
2025-09-08,647.0361328125,648.0433501046099,645.4405199703039,646.826691508285,63133100,SPY,60.43667529425513,4.33128487903798,4.572603551170773,-0.2413186721327926,640.8933978031838,629.5256470328391,2025-09-15,0.0186180789809302,0,0,0.85,2025
2025-09-09,648.531982421875,649.0604854255209,645.4305347021028,647.1756962960839,66133900,SPY,61.83987815285741,4.433403235924061,4.544763488121431,-0.11136025219737,641.6208820525829,630.2709935186837,2025-09-16,0.0148693507384278,0,0,0.805,2025
2025-09-10,650.4067993164062,652.7402956265305,648.8311506393708,651.8128741836446,78034500,SPY,63.58322872354013,4.612445424661473,4.55829987542944,0.0541455492320332,642.457636077709,631.0606329617316,2025-09-17,0.0106867650156974,0,0,0.855,2025
2025-09-11,655.8118286132812,656.5099054682547,651.7830200765693,652.3713547945198,69934400,SPY,68.10694149722829,5.131327591375452,4.672905418618643,0.4584221727568094,643.7294639382397,632.0312680853218,2025-09-18,0.0070404150985856,0,0,0.83,2025
2025-09-12,655.5924072265625,657.2877193463212,655.0838683704039,655.7818843611192,72780100,SPY,67.73906809578523,5.461878835400398,4.830700101974994,0.6311787334254042,644.8592680609371,632.9552343261548,2025-09-19,0.01236683782652,0,0,0.755,2025
2025-09-15,659.0827026367188,659.2123480846643,657.5170969033588,657.8162552961535,63772400,SPY,70.47130975260083,5.937042220726994,5.051968525725394,0.8850736950015996,646.2138808776782,633.9798409265691,2025-09-22,0.0117698798462106,0,0,0.795,2025
2025-09-16,658.1752319335938,659.9503398052897,657.3874380375795,659.6411384615709,61169000,SPY,68.83889246717136,6.169271800198203,5.275429180619956,0.8938426195782467,647.3530571687178,634.9286797895896,2025-09-23,0.0076496194247104,0,0,0.815,2025
2025-09-17,657.3575439453125,659.8904996422112,652.4910309141978,658.1852662695255,101952200,SPY,67.3255458404004,6.215684288750708,5.463480202246107,0.7522040865046016,648.3058654331554,635.808243089814,2025-09-24,0.0056931447354566,0,0,0.81,2025
2025-09-18,660.4290161132812,663.0517496492283,658.4445277353276,660.0600439458431,90459200,SPY,69.99398051378232,6.426231063394766,5.656030374475839,0.7702006889189272,649.460451212215,636.7737636005382,2025-09-25,-0.0036022468157341,0,0,0.705,2025
2025-09-19,663.7000122070312,664.5499877929688,660.3699951171875,662.3300170898438,97945600,SPY,72.56373345545151,6.778890121510244,5.88060232388272,0.8982877976275239,650.816599878388,637.8296949184399,2025-09-26,-0.002832612397521,0,0,0.68,2025
2025-09-22,666.8400268554688,667.2899780273438,662.1699829101562,662.2000122070312,69452200,SPY,74.79525755238147,7.2284231433106925,6.150166487768315,1.0782566555423774,652.3426405428719,638.9673549944018,2025-09-29,-0.0047388189857001,0,0,0.65,2025
2025-09-23,663.2100219726562,667.3400268554688,661.97998046875,666.719970703125,81708900,SPY,67.91790817661166,7.208673148162916,6.361867819847236,0.8468053283156802,653.3776292504704,639.9180478170784,2025-09-30,0.0044781752457405,0,0,0.63,2025
2025-09-24,661.0999755859375,664.6099853515625,659.6699829101562,664.510009765625,68082200,SPY,64.221362977354,6.942726595210161,6.478039574919821,0.4646870202903397,654.1130908062291,640.7487116511513,2025-10-01,0.0111178897179347,0,0,0.525,2025
2025-09-25,658.0499877929688,659.4099731445312,654.4099731445312,657.9400024414062,89622100,SPY,59.20529886387844,6.411940650349834,6.464819790005824,-0.0528791396559897,654.4880333763948,641.4271930684775,2025-10-02,0.0169743683874521,0,0,0.59,2025
2025-09-26,661.8200073242188,662.3699951171875,657.8800048828125,659.510009765625,69179200,SPY,63.047319473046336,6.223754466409787,6.416606725286617,-0.1928522588768304,655.1863166095209,642.2269112745851,2025-10-03,0.0111662001248886,0,0,0.585,2025
2025-09-29,663.6799926757812,665.280029296875,661.8599853515625,664.3599853515625,73499000,SPY,64.8082700138601,6.15376407152246,6.364038194533786,-0.2102741230113265,655.995238139641,643.0682085844359,2025-10-06,0.0119485185078573,0,0,0.58,2025
2025-09-30,666.1799926757812,666.6500244140625,661.6099853515625,662.9299926757812,86288000,SPY,67.07911691531484,6.228230125995083,6.336876580826046,-0.1086464548309633,656.9652147621305,643.9745530586063,2025-10-07,0.004413225365111,0,0,0.66,2025
2025-10-01,668.4500122070312,669.3699951171875,663.0599975585938,663.1699829101562,72545400,SPY,69.03309339408403,6.396679674003622,6.3488371994615616,0.04784247454206,658.0590049949782,644.9343749859955,2025-10-08,0.0069713113313369,0,0,0.665,2025
2025-10-02,669.219970703125,670.5700073242188,666.780029296875,670.4500122070312,56896000,SPY,69.69022591345221,6.517180371715767,6.382505833912403,0.134674537803364,659.1219541100398,645.886751288628,2025-10-09,0.0028989009986775,0,0,0.655,2025
2025-10-03,669.2100219726562,672.6799926757812,668.1599731445312,669.989990234375,70494400,SPY,69.66965356749002,6.536526257558762,6.4133099186416755,0.1232163389170866,660.0827224779081,646.8013893546683,2025-10-10,-0.0241927076849243,-1,0,0.66,2025
2025-10-06,671.6099853515625,672.510009765625,669.4600219726562,671.6199951171875,54623300,SPY,71.82998626385631,6.668643033017247,6.46437654151679,0.2042664915004568,661.1805570373037,647.7742754721936,2025-10-13,-0.0127603929529616,0,0,0.645,2025
2025-10-07,669.1199951171875,672.989990234375,667.6699829101562,672.5399780273438,72020100,SPY,66.53492881060993,6.497525695571426,6.471006372327718,0.0265193232437077,661.9366939972927,648.6113625170954,2025-10-14,-0.0102971286147722,0,0,0.64,2025
2025-10-08,673.1099853515625,673.2100219726562,669.4199829101562,670.25,60702200,SPY,70.31161067060914,6.607703347943584,6.498345767450892,0.1093575804926922,663.0008169834136,649.5720928243294,2025-10-15,-0.0117959956235966,0,0,0.66,2025
2025-10-09,671.1599731445312,673.9400024414062,669.2100219726562,673.530029296875,66501900,SPY,66.36942662923698,6.46316687846695,6.491309989654104,-0.0281431111871537,663.7778794749487,650.4186763662981,2025-10-16,-0.0156742936364417,0,0,0.635,2025
2025-10-10,653.02001953125,673.9500122070312,652.8400268554688,672.1300048828125,159422600,SPY,42.49858101596943,4.829209904701088,6.158889972663501,-1.3296800679624132,662.7533213850726,650.5206898237471,2025-10-17,0.0174114035973187,0,0,0.43,2025
2025-10-13,663.0399780273438,665.1300048828125,659.77001953125,660.6500244140625,79560500,SPY,52.63283077067001,4.2933233818697545,5.785776654504752,-1.4924532726349975,662.7806220176699,651.0116423023196,2025-10-20,0.0124577854116729,0,0,0.665,2025
2025-10-14,662.22998046875,665.8300170898438,653.1699829101562,657.1699829101562,88779600,SPY,51.83747876223889,3.7599273164944407,5.38060678690269,-1.6206794704082492,662.7281799653917,651.4515771323757,2025-10-21,0.013681044087102,0,0,0.71,2025
2025-10-15,665.1699829101562,670.22998046875,658.9299926757812,666.8200073242188,81702600,SPY,54.52366882817098,3.5337063510106645,5.011226699724285,-1.4775203487136208,662.9607326267978,651.9895538295436,2025-10-22,0.0039538838949197,0,0,0.74,2025
2025-10-16,660.6400146484375,668.7100219726562,657.1099853515625,666.8200073242188,110563300,SPY,49.905127383369674,2.9548325554545727,4.599947870870343,-1.6451153154157705,662.7397118669539,652.3287875871473,2025-10-23,0.0168321549870167,0,0,0.64,2025
2025-10-17,664.3900146484375,665.760009765625,658.1400146484375,659.5,96500900,SPY,53.42248766566387,2.766770948617591,4.233312486419793,-1.4665415378022022,662.8968835604286,652.8017768836685,2025-10-24,0.019356078610494,0,0,0.57,2025
2025-10-20,671.2999877929688,672.2100219726562,667.27001953125,667.3200073242188,60493400,SPY,59.1186065415456,3.139122009507105,4.014474391037256,-0.8753523815301509,663.6971792016229,653.5271969193274,2025-10-27,0.0207656825486273,1,0,0.81,2025
2025-10-21,671.2899780273438,672.989990234375,669.97998046875,671.4400024414062,56249000,SPY,59.10732998948835,3.3942780786499043,3.8904351285597856,-0.4961570499098813,664.4203028993106,654.2237765706221,2025-10-28,0.0234921122725411,1,0,0.74,2025
2025-10-22,667.7999877929688,672.0,663.2999877929688,672.0,80564000,SPY,55.15696275821413,3.277101668784212,3.7677684366046713,-0.4906667678204592,664.7421776510876,654.7561770107142,,,0,0,0.635,2025
2025-10-23,671.760009765625,672.7100219726562,667.7999877929688,668.1199951171875,65604500,SPY,58.542714121432326,3.4638500899984592,3.706984767283429,-0.2431346772849698,665.4105426143768,655.422993981495,,,0,0,0.765,2025
2025-10-24,677.25,678.469970703125,675.6500244140625,676.4600219726562,74356500,SPY,62.74254573867303,4.00863681944702,3.767315177716147,0.2413216417308721,666.5381099844362,656.2789550018285,,,0,0,0.765,2025
2025-10-27,685.239990234375,685.5399780273438,682.1199951171875,682.72998046875,63339800,SPY,67.84763455041389,5.027159696606645,4.019284081494248,1.0078756151123978,668.3192414368114,657.4146818736931,,,0,0,0.785,2025
2025-10-28,687.0599975585938,688.9099731445312,684.8300170898438,687.0499877929688,61665400,SPY,68.89321352966215,5.913043906038524,4.398036046403103,1.5150078596354213,670.1040753531715,658.577243273101,,,0,0,0.79,2025
